{"content":[{"id":"70bd1dc0","settings":{"structure":"30"},"elements":[{"id":"2f5b73c","settings":{"_column_size":33,"_inline_size":null,"_inline_size_tablet":100,"margin_tablet":{"unit":"px","top":"0","right":"0","bottom":"20","left":"0","isLinked":false}},"elements":[{"id":"34f35106","settings":{"title":"Theme Elements","typography_typography":"custom","typography_font_size":{"unit":"px","size":16,"sizes":[]},"typography_font_weight":"600","typography_line_height":{"unit":"px","size":24,"sizes":[]},"_margin":{"unit":"px","top":"7","right":"0","bottom":"2","left":"0","isLinked":false},"typography_line_height_tablet":{"unit":"px","size":"","sizes":[]},"typography_text_transform":"uppercase"},"elements":[],"isInner":false,"widgetType":"heading","elType":"widget"},{"id":"454ebfaa","settings":{"width_tablet":{"unit":"px","size":"","sizes":[]},"width_mobile":{"unit":"px","size":"","sizes":[]},"text":"Divider","color":"#DDDDDD","gap":{"unit":"px","size":5,"sizes":[]},"_margin":{"unit":"px","top":"0","right":"0","bottom":"6","left":"0","isLinked":false},"_margin_tablet":{"unit":"px","top":"0","right":"0","bottom":"0","left":"0","isLinked":false}},"elements":[],"isInner":false,"widgetType":"divider","elType":"widget"},{"id":"7934e295","settings":{"layout":"vertical","toggle_menu_title":"Title","toggle_canvas_icon_title":"Title","toggle_canvas_title":"Title","hidden_indicator":""},"elements":[],"isInner":false,"widgetType":"tbay-nav-menu","elType":"widget"}],"isInner":false,"elType":"column"},{"id":"10333bdb","settings":{"_column_size":33,"_inline_size":null,"_inline_size_tablet":100,"margin_tablet":{"unit":"px","top":"0","right":"0","bottom":"20","left":"0","isLinked":false}},"elements":[{"id":"40f3e070","settings":{"title":"Woocommerce Elements","typography_typography":"custom","typography_font_size":{"unit":"px","size":16,"sizes":[]},"typography_font_weight":"600","typography_line_height":{"unit":"px","size":24,"sizes":[]},"_margin":{"unit":"px","top":"7","right":"0","bottom":"2","left":"0","isLinked":false},"typography_line_height_tablet":{"unit":"px","size":"","sizes":[]},"typography_text_transform":"uppercase"},"elements":[],"isInner":false,"widgetType":"heading","elType":"widget"},{"id":"238530c5","settings":{"width_tablet":{"unit":"px","size":"","sizes":[]},"width_mobile":{"unit":"px","size":"","sizes":[]},"text":"Divider","color":"#DDDDDD","gap":{"unit":"px","size":5,"sizes":[]},"_margin":{"unit":"px","top":"0","right":"0","bottom":"6","left":"0","isLinked":false},"_margin_tablet":{"unit":"px","top":"0","right":"0","bottom":"0","left":"0","isLinked":false}},"elements":[],"isInner":false,"widgetType":"divider","elType":"widget"},{"id":"4f370124","settings":{"layout":"vertical","toggle_menu_title":"Title","toggle_canvas_icon_title":"Title","toggle_canvas_title":"Title","hidden_indicator":""},"elements":[],"isInner":false,"widgetType":"tbay-nav-menu","elType":"widget"}],"isInner":false,"elType":"column"},{"id":"5155a061","settings":{"_column_size":33,"_inline_size":null,"_inline_size_tablet":100},"elements":[{"id":"45b2548c","settings":{"title":"Other Page","typography_typography":"custom","typography_font_size":{"unit":"px","size":16,"sizes":[]},"typography_font_weight":"600","typography_line_height":{"unit":"px","size":24,"sizes":[]},"_margin":{"unit":"px","top":"7","right":"0","bottom":"2","left":"0","isLinked":false},"typography_line_height_tablet":{"unit":"px","size":"","sizes":[]},"typography_text_transform":"uppercase"},"elements":[],"isInner":false,"widgetType":"heading","elType":"widget"},{"id":"5a8570d5","settings":{"width_tablet":{"unit":"px","size":"","sizes":[]},"width_mobile":{"unit":"px","size":"","sizes":[]},"text":"Divider","color":"#DDDDDD","gap":{"unit":"px","size":5,"sizes":[]},"_margin":{"unit":"px","top":"0","right":"0","bottom":"6","left":"0","isLinked":false},"_margin_tablet":{"unit":"px","top":"0","right":"0","bottom":"0","left":"0","isLinked":false}},"elements":[],"isInner":false,"widgetType":"divider","elType":"widget"},{"id":"163ba826","settings":{"layout":"vertical","toggle_menu_title":"Title","toggle_canvas_icon_title":"Title","toggle_canvas_title":"Title"},"elements":[],"isInner":false,"widgetType":"tbay-nav-menu","elType":"widget"}],"isInner":false,"elType":"column"}],"isInner":false,"elType":"section"}],"page_settings":[],"version":"0.4","title":"pages","type":"page"}