{"content":[{"id":"55fc1d88","settings":{"structure":"40"},"elements":[{"id":"4b207fe","settings":{"_column_size":25,"_inline_size":null,"_inline_size_tablet":100,"margin_tablet":{"unit":"px","top":"0","right":"0","bottom":"20","left":"0","isLinked":false}},"elements":[{"id":"429ffd76","settings":{"title":"Shop Layout","typography_typography":"custom","typography_font_size":{"unit":"px","size":16,"sizes":[]},"typography_font_weight":"600","typography_line_height":{"unit":"px","size":24,"sizes":[]},"_margin":{"unit":"px","top":"7","right":"0","bottom":"2","left":"0","isLinked":false},"typography_line_height_tablet":{"unit":"px","size":"","sizes":[]},"typography_text_transform":"uppercase"},"elements":[],"isInner":false,"widgetType":"heading","elType":"widget"},{"id":"4ff83ed6","settings":{"width_tablet":{"unit":"px","size":"","sizes":[]},"width_mobile":{"unit":"px","size":"","sizes":[]},"text":"Divider","color":"#DDDDDD","gap":{"unit":"px","size":5,"sizes":[]},"_margin":{"unit":"px","top":"0","right":"0","bottom":"6","left":"0","isLinked":false},"_margin_tablet":{"unit":"px","top":"0","right":"0","bottom":"0","left":"0","isLinked":false}},"elements":[],"isInner":false,"widgetType":"divider","elType":"widget"},{"id":"4ef5298d","settings":{"layout":"vertical","toggle_menu_title":"Title","toggle_canvas_icon_title":"Title","toggle_canvas_title":"Title","menu_typography_text_transform":"capitalize","menu_typography_letter_spacing":{"unit":"px","size":0,"sizes":[]}},"elements":[],"isInner":false,"widgetType":"tbay-nav-menu","elType":"widget"}],"isInner":false,"elType":"column"},{"id":"3919320f","settings":{"_column_size":25,"_inline_size":null,"_inline_size_tablet":100,"margin_tablet":{"unit":"px","top":"0","right":"0","bottom":"20","left":"0","isLinked":false}},"elements":[{"id":"75358217","settings":{"title":"Product Layout 01","typography_typography":"custom","typography_font_size":{"unit":"px","size":16,"sizes":[]},"typography_font_weight":"600","typography_line_height":{"unit":"px","size":24,"sizes":[]},"_margin":{"unit":"px","top":"7","right":"0","bottom":"2","left":"0","isLinked":false},"typography_line_height_tablet":{"unit":"px","size":"","sizes":[]},"typography_text_transform":"uppercase"},"elements":[],"isInner":false,"widgetType":"heading","elType":"widget"},{"id":"62db8d9a","settings":{"width_tablet":{"unit":"px","size":"","sizes":[]},"width_mobile":{"unit":"px","size":"","sizes":[]},"text":"Divider","color":"#DDDDDD","gap":{"unit":"px","size":5,"sizes":[]},"_margin":{"unit":"px","top":"0","right":"0","bottom":"6","left":"0","isLinked":false},"_margin_tablet":{"unit":"px","top":"0","right":"0","bottom":"0","left":"0","isLinked":false}},"elements":[],"isInner":false,"widgetType":"divider","elType":"widget"},{"id":"19de7a4b","settings":{"layout":"vertical","toggle_menu_title":"Title","toggle_canvas_icon_title":"Title","toggle_canvas_title":"Title","menu_typography_text_transform":"capitalize","menu_typography_letter_spacing":{"unit":"px","size":0,"sizes":[]}},"elements":[],"isInner":false,"widgetType":"tbay-nav-menu","elType":"widget"}],"isInner":false,"elType":"column"},{"id":"be3da0c","settings":{"_column_size":25,"_inline_size":null,"_inline_size_tablet":100},"elements":[{"id":"66dd109a","settings":{"title":"Product Layout 02","typography_typography":"custom","typography_font_size":{"unit":"px","size":16,"sizes":[]},"typography_font_weight":"600","typography_line_height":{"unit":"px","size":24,"sizes":[]},"_margin":{"unit":"px","top":"7","right":"0","bottom":"2","left":"0","isLinked":false},"typography_line_height_tablet":{"unit":"px","size":"","sizes":[]},"typography_text_transform":"uppercase"},"elements":[],"isInner":false,"widgetType":"heading","elType":"widget"},{"id":"37fcefa5","settings":{"width_tablet":{"unit":"px","size":"","sizes":[]},"width_mobile":{"unit":"px","size":"","sizes":[]},"text":"Divider","color":"#DDDDDD","gap":{"unit":"px","size":5,"sizes":[]},"_margin":{"unit":"px","top":"0","right":"0","bottom":"6","left":"0","isLinked":false},"_margin_tablet":{"unit":"px","top":"0","right":"0","bottom":"0","left":"0","isLinked":false}},"elements":[],"isInner":false,"widgetType":"divider","elType":"widget"},{"id":"b4df3fe","settings":{"layout":"vertical","toggle_menu_title":"Title","toggle_canvas_icon_title":"Title","toggle_canvas_title":"Title","menu_typography_text_transform":"capitalize","menu_typography_letter_spacing":{"unit":"px","size":0,"sizes":[]}},"elements":[],"isInner":false,"widgetType":"tbay-nav-menu","elType":"widget"}],"isInner":false,"elType":"column"},{"id":"8160d53","settings":{"_column_size":25,"_inline_size":null,"_inline_size_tablet":100,"margin_tablet":{"unit":"px","top":"0","right":"0","bottom":"20","left":"0","isLinked":false}},"elements":[{"id":"30927496","settings":{"title":"Product Types","typography_typography":"custom","typography_font_size":{"unit":"px","size":16,"sizes":[]},"typography_font_weight":"600","typography_line_height":{"unit":"px","size":24,"sizes":[]},"_margin":{"unit":"px","top":"7","right":"0","bottom":"2","left":"0","isLinked":false},"typography_line_height_tablet":{"unit":"px","size":"","sizes":[]},"typography_text_transform":"uppercase"},"elements":[],"isInner":false,"widgetType":"heading","elType":"widget"},{"id":"33ab79de","settings":{"width_tablet":{"unit":"px","size":"","sizes":[]},"width_mobile":{"unit":"px","size":"","sizes":[]},"text":"Divider","color":"#DDDDDD","gap":{"unit":"px","size":5,"sizes":[]},"_margin":{"unit":"px","top":"0","right":"0","bottom":"6","left":"0","isLinked":false},"_margin_tablet":{"unit":"px","top":"0","right":"0","bottom":"0","left":"0","isLinked":false}},"elements":[],"isInner":false,"widgetType":"divider","elType":"widget"},{"id":"34597cca","settings":{"layout":"vertical","toggle_menu_title":"Title","toggle_canvas_icon_title":"Title","toggle_canvas_title":"Title","menu_typography_text_transform":"capitalize","menu_typography_letter_spacing":{"unit":"px","size":0,"sizes":[]}},"elements":[],"isInner":false,"widgetType":"tbay-nav-menu","elType":"widget"}],"isInner":false,"elType":"column"}],"isInner":false,"elType":"section"}],"page_settings":[],"version":"0.4","title":"shop","type":"page"}