{"content":[{"id":"57783158","settings":{"stretch_section":"section-stretched","structure":"50","background_background":"classic","background_color":"#F1F1F1","border_border":"solid","border_width":{"unit":"px","top":"0","right":"0","bottom":"1","left":"0","isLinked":false},"border_color":"#DCDCDC"},"elements":[{"id":"6c985c01","settings":{"_column_size":20,"_inline_size":7.284},"elements":[],"isInner":false,"elType":"column"},{"id":"43a6f53","settings":{"_column_size":20,"_inline_size":29,"padding":{"unit":"px","top":"39","right":"0","bottom":"27","left":"0","isLinked":false},"border_width":{"unit":"px","top":"0","right":"0","bottom":"0","left":"0","isLinked":false},"border_color":"#434551"},"elements":[{"id":"2b258414","settings":{"heading_title":"Support","heading_title_typography_typography":"custom","heading_title_typography_font_size":{"unit":"px","size":16,"sizes":[]},"heading_title_typography_line_height":{"unit":"px","size":24,"sizes":[]},"heading_title_typography_line_height_tablet":{"unit":"px","size":"","sizes":[]},"heading_title_typography_line_height_mobile":{"unit":"px","size":"","sizes":[]},"_margin":{"unit":"px","top":"0","right":"0","bottom":"17","left":"0","isLinked":false},"_margin_mobile":{"unit":"px","top":"0","right":"0","bottom":"8","left":"0","isLinked":false},"heading_title_typography_font_family":"SFU Futura","heading_title_typography_font_weight":"400"},"elements":[],"isInner":false,"widgetType":"tbay-heading","elType":"widget"},{"id":"498afb4a","settings":{"menu_vertical_typography_typography":"custom","menu_vertical_typography_font_size":{"unit":"px","size":14,"sizes":[]},"menu_vertical_typography_line_height":{"unit":"px","size":30,"sizes":[]},"menu_vertical_typography_line_height_tablet":{"unit":"px","size":"","sizes":[]},"menu_vertical_typography_line_height_mobile":{"unit":"px","size":27,"sizes":[]},"menu_vertical_color":"#646464","menu_vertical_typography_font_size_mobile":{"unit":"px","size":15,"sizes":[]},"__globals__":{"menu_vertical_color_hover":"globals\/colors?id=primary"},"menu_vertical_align":"center","padding_menu_vertical":{"unit":"px","top":"0","right":"0","bottom":"0","left":"0","isLinked":false},"_margin":{"unit":"px","top":"7","right":"0","bottom":"0","left":"0","isLinked":false}},"elements":[],"isInner":false,"widgetType":"tbay-menu-vertical","elType":"widget"}],"isInner":false,"elType":"column"},{"id":"4c13b947","settings":{"_column_size":20,"_inline_size":26.083,"border_color":"#434551","padding":{"unit":"px","top":"39","right":"0","bottom":"27","left":"0","isLinked":false},"border_width_mobile":{"unit":"px","top":"0","right":"0","bottom":"1","left":"0","isLinked":false}},"elements":[{"id":"5ae371fe","settings":{"heading_title":"Contact us","heading_title_typography_typography":"custom","heading_title_typography_font_size":{"unit":"px","size":16,"sizes":[]},"heading_title_typography_line_height":{"unit":"px","size":24,"sizes":[]},"heading_title_typography_line_height_tablet":{"unit":"px","size":"","sizes":[]},"heading_title_typography_line_height_mobile":{"unit":"px","size":"","sizes":[]},"_margin":{"unit":"px","top":"0","right":"0","bottom":"27","left":"0","isLinked":false},"_margin_mobile":{"unit":"px","top":"0","right":"0","bottom":"8","left":"0","isLinked":false},"heading_title_typography_font_family":"SFU Futura","heading_title_typography_font_weight":"400"},"elements":[],"isInner":false,"widgetType":"tbay-heading","elType":"widget"},{"id":"79373d14","settings":{"editor":"<p>Find a location nearest<br \/>you. <a class=\"theme-hover\" style=\"color: #121216; text-decoration: underline;\" href=\"http:\/\/localhost\/dev_theme\/fana_full\/vest-suit\/shop\/\">See Our Stores<\/a><\/p>","typography_typography":"custom","typography_line_height":{"unit":"px","size":24,"sizes":[]},"typography_line_height_mobile":{"unit":"px","size":27,"sizes":[]},"_margin_mobile":{"unit":"px","top":"0","right":"0","bottom":"10","left":"0","isLinked":false},"typography_font_size":{"unit":"px","size":14,"sizes":[]},"_margin_tablet":{"unit":"px","top":"0","right":"0","bottom":"16","left":"0","isLinked":false},"align":"center","text_color":"#646464","_margin":{"unit":"px","top":"0","right":"0","bottom":"22","left":"0","isLinked":false}},"elements":[],"isInner":false,"widgetType":"text-editor","elType":"widget"},{"id":"1376c2ca","settings":{"editor":"<p>+994 (0)767 767 767<br \/>hello@domain.com<\/p>","typography_typography":"custom","typography_line_height":{"unit":"px","size":30,"sizes":[]},"typography_line_height_mobile":{"unit":"px","size":27,"sizes":[]},"_margin_mobile":{"unit":"px","top":"0","right":"0","bottom":"10","left":"0","isLinked":false},"typography_font_size":{"unit":"px","size":14,"sizes":[]},"_margin_tablet":{"unit":"px","top":"0","right":"0","bottom":"16","left":"0","isLinked":false},"align":"center","text_color":"#646464","typography_letter_spacing":{"unit":"px","size":0.08,"sizes":[]}},"elements":[],"isInner":false,"widgetType":"text-editor","elType":"widget"}],"isInner":false,"elType":"column"},{"id":"2160e5ce","settings":{"_column_size":20,"_inline_size":29.025,"padding":{"unit":"px","top":"39","right":"0","bottom":"27","left":"0","isLinked":false}},"elements":[{"id":"56084a7d","settings":{"heading_title":"Account","heading_title_typography_typography":"custom","heading_title_typography_font_size":{"unit":"px","size":16,"sizes":[]},"heading_title_typography_line_height":{"unit":"px","size":24,"sizes":[]},"heading_title_typography_line_height_tablet":{"unit":"px","size":"","sizes":[]},"heading_title_typography_line_height_mobile":{"unit":"px","size":"","sizes":[]},"_margin":{"unit":"px","top":"0","right":"0","bottom":"17","left":"0","isLinked":false},"_margin_mobile":{"unit":"px","top":"0","right":"0","bottom":"8","left":"0","isLinked":false},"heading_title_typography_font_family":"SFU Futura","heading_title_typography_font_weight":"400"},"elements":[],"isInner":false,"widgetType":"tbay-heading","elType":"widget"},{"id":"7af00239","settings":{"menu_vertical_typography_typography":"custom","menu_vertical_typography_font_size":{"unit":"px","size":14,"sizes":[]},"menu_vertical_typography_line_height":{"unit":"px","size":30,"sizes":[]},"menu_vertical_typography_line_height_tablet":{"unit":"px","size":"","sizes":[]},"menu_vertical_typography_line_height_mobile":{"unit":"px","size":27,"sizes":[]},"menu_vertical_color":"#646464","menu_vertical_typography_font_size_mobile":{"unit":"px","size":15,"sizes":[]},"__globals__":{"menu_vertical_color_hover":"globals\/colors?id=primary"},"menu_vertical_align":"center","padding_menu_vertical":{"unit":"px","top":"0","right":"0","bottom":"0","left":"0","isLinked":false},"_margin":{"unit":"px","top":"7","right":"0","bottom":"0","left":"0","isLinked":false}},"elements":[],"isInner":false,"widgetType":"tbay-menu-vertical","elType":"widget"}],"isInner":false,"elType":"column"},{"id":"6a472005","settings":{"_column_size":20,"_inline_size":8.608},"elements":[],"isInner":false,"elType":"column"}],"isInner":false,"elType":"section"},{"id":"ac10720","settings":{"stretch_section":"section-stretched","background_background":"classic","background_color":"#F1F1F1","padding":{"unit":"px","top":"20","right":"0","bottom":"24","left":"0","isLinked":false}},"elements":[{"id":"1b5ae065","settings":{"_column_size":100,"_inline_size":null},"elements":[{"id":"638754b7","settings":{"editor":"Copyright 2022 \u00a9 <a style=\"color: #CA6D6F;\" href=\"http:\/\/localhost\/dev_theme\/fana_full\/vest-suit\/\">Fana<\/a> WordPress Theme. All rights reserved.","typography_typography":"custom","typography_font_size":{"unit":"px","size":14,"sizes":[]},"typography_line_height":{"unit":"px","size":20,"sizes":[]},"align":"center","_margin":{"unit":"px","top":"0","right":"0","bottom":"24","left":"0","isLinked":false},"text_color":"#646464"},"elements":[],"isInner":false,"widgetType":"text-editor","elType":"widget"},{"id":"6086e434","settings":{"image":{"url":"https:\/\/el4.thembaydev.com\/fana_bikini\/wp-content\/uploads\/2022\/08\/payment.png","id":3862,"alt":"","source":"library"},"image_size":"full","align":"center"},"elements":[],"isInner":false,"widgetType":"image","elType":"widget"}],"isInner":false,"elType":"column"}],"isInner":false,"elType":"section"}],"page_settings":[],"version":"0.4","title":"footer","type":"page"}