{"content":[{"id":"5b84f060","settings":{"stretch_section":"section-stretched","background_background":"classic","background_color":"#141625","padding":{"unit":"px","top":"79","right":"0","bottom":"0","left":"0","isLinked":false},"margin_mobile":{"unit":"px","top":"","right":0,"bottom":"","left":0,"isLinked":true}},"elements":[{"id":"a27c762","settings":{"_column_size":100,"_inline_size":null,"_title":"Column"},"elements":[{"id":"6281b763","settings":{"heading_title":"Sign up and get up to <span style=\"color: #F2431B\">20%<\/span> off your <br>first purchase","heading_title_typography_typography":"custom","heading_title_typography_font_family":"SFU Futura","heading_title_typography_font_size":{"unit":"px","size":32,"sizes":[]},"heading_title_typography_line_height":{"unit":"px","size":48,"sizes":[]},"heading_subtitle_typography_typography":"custom","heading_subtitle_typography_font_family":"Whisper","heading_subtitle_typography_font_size":{"unit":"px","size":48,"sizes":[]},"heading_subtitle_color":"#CA6D6F","heading_title_bottom_space":{"unit":"px","size":13,"sizes":[]},"heading_subtitle_bottom_space":{"unit":"px","size":14,"sizes":[]},"_element_custom_width":{"unit":"px","size":"","sizes":[]},"_element_custom_width_tablet":{"unit":"vw","size":"","sizes":[]},"_element_custom_width_mobile":{"unit":"vw","size":"","sizes":[]},"_element_vertical_align":"center","heading_title_typography_font_size_mobile":{"unit":"px","size":20,"sizes":[]},"heading_title_typography_line_height_mobile":{"unit":"px","size":24,"sizes":[]},"heading_subtitle_typography_font_size_mobile":{"unit":"px","size":40,"sizes":[]},"heading_subtitle_typography_line_height_mobile":{"unit":"px","size":46,"sizes":[]},"heading_title_color":"#FFFFFF","heading_title_typography_font_weight":"400","_margin":{"unit":"px","top":"0","right":"0","bottom":"4","left":"0","isLinked":false}},"elements":[],"isInner":false,"widgetType":"tbay-heading","elType":"widget"},{"id":"46dffaf5","settings":{"width_button":{"unit":"px","size":150,"sizes":[]},"width_input":{"unit":"px","size":522,"sizes":[]},"width_input_tablet":{"unit":"%","size":100,"sizes":[]},"width_input_mobile":{"unit":"%","size":"","sizes":[]},"input_border_radius":{"unit":"px","top":"","right":"","bottom":"","left":"","isLinked":true},"button_border_radius":{"unit":"px","top":"","right":"","bottom":"","left":"","isLinked":true},"icon_margin_tablet":{"unit":"px","top":"0","right":"0","bottom":"0","left":"0","isLinked":false},"typography_typography":"custom","typography_font_size_tablet":{"unit":"px","size":0,"sizes":[]},"icon_font_size_tablet":{"unit":"px","size":15,"sizes":[]},"icon_margin_mobile":{"unit":"px","top":"0","right":"0","bottom":"0","left":"0","isLinked":false},"typography_font_size_mobile":{"unit":"px","size":0,"sizes":[]},"icon_font_size_mobile":{"unit":"px","size":14,"sizes":[]},"typography_letter_spacing":{"unit":"px","size":2,"sizes":[]},"_margin":{"unit":"px","top":"24","right":"0","bottom":"39","left":"0","isLinked":false},"typography_letter_spacing_tablet":{"unit":"px","size":0,"sizes":[]},"typography_font_size":{"unit":"px","size":15,"sizes":[]},"_margin_mobile":{"unit":"px","top":"16","right":"0","bottom":"8","left":"0","isLinked":false},"form_style_align_content":"center","mailchip_style_typography_typography":"custom","mailchip_style_typography_font_size":{"unit":"px","size":14,"sizes":[]},"button_margin":{"unit":"px","top":"0","right":"0","bottom":"0","left":"8","isLinked":false},"button_bacground_hover":"#E9AF4B","__globals__":{"button_bacground_hover":"","button_color_hover":"globals\/colors?id=text"},"border_input_width":{"unit":"px","top":"0","right":"0","bottom":"0","left":"0","isLinked":true},"mailchip_style_typography_text_transform":"uppercase","button_color_hover":"#121216","input_margin_mobile":{"unit":"px","top":"0","right":"0","bottom":"20","left":"0","isLinked":false}},"elements":[],"isInner":false,"widgetType":"tbay-newsletter","elType":"widget"}],"isInner":false,"elType":"column"}],"isInner":false,"elType":"section"},{"id":"5c06716d","settings":{"stretch_section":"section-stretched","structure":"50","background_background":"classic","background_color":"#141625","border_border":"solid","border_width":{"unit":"px","top":"1","right":"0","bottom":"1","left":"0","isLinked":false},"border_color":"#434551"},"elements":[{"id":"584cd9d5","settings":{"_column_size":20,"_inline_size":7.284},"elements":[],"isInner":false,"elType":"column"},{"id":"38976d83","settings":{"_column_size":20,"_inline_size":29,"padding":{"unit":"px","top":"39","right":"0","bottom":"27","left":"0","isLinked":false},"border_border":"solid","border_width":{"unit":"px","top":"0","right":"0","bottom":"0","left":"0","isLinked":false},"border_width_mobile":{"unit":"px","top":"0","right":"0","bottom":"1","left":"0","isLinked":false},"border_color":"#434551"},"elements":[{"id":"11d5b12a","settings":{"heading_title":"Support","heading_title_typography_typography":"custom","heading_title_typography_font_size":{"unit":"px","size":17,"sizes":[]},"heading_title_typography_line_height":{"unit":"px","size":31,"sizes":[]},"heading_title_typography_line_height_tablet":{"unit":"px","size":"","sizes":[]},"heading_title_typography_line_height_mobile":{"unit":"px","size":"","sizes":[]},"_margin":{"unit":"px","top":"0","right":"0","bottom":"17","left":"0","isLinked":false},"_margin_mobile":{"unit":"px","top":"0","right":"0","bottom":"8","left":"0","isLinked":false},"heading_title_typography_font_family":"Lato","heading_title_color":"#FFFFFF"},"elements":[],"isInner":false,"widgetType":"tbay-heading","elType":"widget"},{"id":"2947296d","settings":{"menu_vertical_typography_typography":"custom","menu_vertical_typography_font_size":{"unit":"px","size":14,"sizes":[]},"menu_vertical_typography_line_height":{"unit":"px","size":30,"sizes":[]},"menu_vertical_typography_line_height_tablet":{"unit":"px","size":"","sizes":[]},"menu_vertical_typography_line_height_mobile":{"unit":"px","size":27,"sizes":[]},"menu_vertical_color":"#888888","menu_vertical_typography_font_size_mobile":{"unit":"px","size":15,"sizes":[]},"__globals__":{"menu_vertical_color_hover":"globals\/colors?id=primary"},"menu_vertical_align":"center"},"elements":[],"isInner":false,"widgetType":"tbay-menu-vertical","elType":"widget"}],"isInner":false,"elType":"column"},{"id":"52fc0164","settings":{"_column_size":20,"_inline_size":26.083,"border_border":"solid","border_width":{"unit":"px","top":"0","right":"1","bottom":"0","left":"1","isLinked":false},"border_color":"#434551","padding":{"unit":"px","top":"39","right":"0","bottom":"27","left":"0","isLinked":false},"border_width_mobile":{"unit":"px","top":"0","right":"0","bottom":"1","left":"0","isLinked":false}},"elements":[{"id":"75f49dd0","settings":{"heading_title":"Contact us","heading_title_typography_typography":"custom","heading_title_typography_font_size":{"unit":"px","size":17,"sizes":[]},"heading_title_typography_line_height":{"unit":"px","size":31,"sizes":[]},"heading_title_typography_line_height_tablet":{"unit":"px","size":"","sizes":[]},"heading_title_typography_line_height_mobile":{"unit":"px","size":"","sizes":[]},"_margin":{"unit":"px","top":"0","right":"0","bottom":"20","left":"0","isLinked":false},"_margin_mobile":{"unit":"px","top":"0","right":"0","bottom":"8","left":"0","isLinked":false},"heading_title_typography_font_family":"Lato","heading_title_color":"#FFFFFF"},"elements":[],"isInner":false,"widgetType":"tbay-heading","elType":"widget"},{"id":"15f2d3d3","settings":{"editor":"Find a location nearest\nyou. <a class=\"theme-hover\" style=\"color: #ffffff; text-decoration: underline;\" href=\"https:\/\/el4.thembaydev.com\/fana_vest\/shop\/\">See Our Stores<\/a>","typography_typography":"custom","typography_line_height":{"unit":"px","size":24,"sizes":[]},"typography_line_height_mobile":{"unit":"px","size":27,"sizes":[]},"_margin_mobile":{"unit":"px","top":"0","right":"0","bottom":"10","left":"0","isLinked":false},"typography_font_size":{"unit":"px","size":14,"sizes":[]},"_margin_tablet":{"unit":"px","top":"0","right":"0","bottom":"16","left":"0","isLinked":false},"align":"center","text_color":"#888888","_margin":{"unit":"px","top":"0","right":"0","bottom":"22","left":"0","isLinked":false}},"elements":[],"isInner":false,"widgetType":"text-editor","elType":"widget"},{"id":"b750ddb","settings":{"editor":"<p>+994 (0)767 767 767<br \/>hello@domain.com<\/p>","typography_typography":"custom","typography_line_height":{"unit":"px","size":30,"sizes":[]},"typography_line_height_mobile":{"unit":"px","size":27,"sizes":[]},"_margin_mobile":{"unit":"px","top":"0","right":"0","bottom":"10","left":"0","isLinked":false},"typography_font_size":{"unit":"px","size":14,"sizes":[]},"_margin_tablet":{"unit":"px","top":"0","right":"0","bottom":"16","left":"0","isLinked":false},"align":"center","text_color":"#888888","typography_letter_spacing":{"unit":"px","size":0.08,"sizes":[]}},"elements":[],"isInner":false,"widgetType":"text-editor","elType":"widget"}],"isInner":false,"elType":"column"},{"id":"6fc5b872","settings":{"_column_size":20,"_inline_size":29.025,"padding":{"unit":"px","top":"39","right":"0","bottom":"27","left":"0","isLinked":false}},"elements":[{"id":"ccacd08","settings":{"heading_title":"Account","heading_title_typography_typography":"custom","heading_title_typography_font_size":{"unit":"px","size":17,"sizes":[]},"heading_title_typography_line_height":{"unit":"px","size":31,"sizes":[]},"heading_title_typography_line_height_tablet":{"unit":"px","size":"","sizes":[]},"heading_title_typography_line_height_mobile":{"unit":"px","size":"","sizes":[]},"_margin":{"unit":"px","top":"0","right":"0","bottom":"17","left":"0","isLinked":false},"_margin_mobile":{"unit":"px","top":"0","right":"0","bottom":"8","left":"0","isLinked":false},"heading_title_typography_font_family":"Lato","heading_title_color":"#FFFFFF"},"elements":[],"isInner":false,"widgetType":"tbay-heading","elType":"widget"},{"id":"751422e9","settings":{"menu_vertical_typography_typography":"custom","menu_vertical_typography_font_size":{"unit":"px","size":14,"sizes":[]},"menu_vertical_typography_line_height":{"unit":"px","size":30,"sizes":[]},"menu_vertical_typography_line_height_tablet":{"unit":"px","size":"","sizes":[]},"menu_vertical_typography_line_height_mobile":{"unit":"px","size":27,"sizes":[]},"menu_vertical_color":"#888888","menu_vertical_typography_font_size_mobile":{"unit":"px","size":15,"sizes":[]},"__globals__":{"menu_vertical_color_hover":"globals\/colors?id=primary"},"menu_vertical_align":"center"},"elements":[],"isInner":false,"widgetType":"tbay-menu-vertical","elType":"widget"}],"isInner":false,"elType":"column"},{"id":"6d517625","settings":{"_column_size":20,"_inline_size":8.608},"elements":[],"isInner":false,"elType":"column"}],"isInner":false,"elType":"section"},{"id":"4388fd7f","settings":{"stretch_section":"section-stretched","background_background":"classic","background_color":"#141625","padding":{"unit":"px","top":"24","right":"0","bottom":"24","left":"0","isLinked":false}},"elements":[{"id":"3354b266","settings":{"_column_size":100,"_inline_size":null},"elements":[{"id":"4c9cd8c1","settings":{"editor":"Copyright 2022 \u00a9 <a style=\"color: #EDB658;\" href=\"https:\/\/el4.thembaydev.com\/fana_vest\/\">Fana<\/a> WordPress Theme. All rights reserved.","typography_typography":"custom","typography_font_size":{"unit":"px","size":14,"sizes":[]},"typography_line_height":{"unit":"px","size":20,"sizes":[]},"align":"center","_margin":{"unit":"px","top":"0","right":"0","bottom":"20","left":"0","isLinked":false}},"elements":[],"isInner":false,"widgetType":"text-editor","elType":"widget"},{"id":"4ddb37a5","settings":{"image":{"url":"https:\/\/el4.thembaydev.com\/fana_vest\/wp-content\/uploads\/2022\/08\/payment.png","id":3862,"alt":"","source":"library"},"image_size":"full","align":"center"},"elements":[],"isInner":false,"widgetType":"image","elType":"widget"}],"isInner":false,"elType":"column"}],"isInner":false,"elType":"section"}],"page_settings":[],"version":"0.4","title":"footer","type":"page"}