{"content":[{"id":"28523d23","settings":{"structure":"40","padding_mobile":{"unit":"px","top":"0","right":"0","bottom":"30","left":"0","isLinked":false},"border_border":"solid","border_width":{"unit":"px","top":"1","right":"0","bottom":"0","left":"0","isLinked":false},"border_color":"#F3F3F3"},"elements":[{"id":"244a2da6","settings":{"_column_size":25,"_inline_size":null,"_inline_size_tablet":50,"margin_mobile":{"unit":"px","top":"0","right":"0","bottom":"0","left":"0","isLinked":false},"border_border":"solid","border_width":{"unit":"px","top":"0","right":"1","bottom":"0","left":"0","isLinked":false},"border_color":"#F3F3F3","padding":{"unit":"px","top":"39","right":"20","bottom":"39","left":"20","isLinked":false},"padding_mobile":{"unit":"px","top":"30","right":"20","bottom":"0","left":"20","isLinked":false}},"elements":[{"id":"53a0e14d","settings":{"align":"left","heading_title":"Information","heading_title_typography_typography":"custom","heading_title_typography_font_size":{"unit":"px","size":17,"sizes":[]},"heading_title_typography_line_height":{"unit":"px","size":31,"sizes":[]},"heading_title_typography_line_height_tablet":{"unit":"px","size":"","sizes":[]},"heading_title_typography_line_height_mobile":{"unit":"px","size":"","sizes":[]},"_margin":{"unit":"px","top":"0","right":"0","bottom":"20","left":"0","isLinked":false},"_margin_mobile":{"unit":"px","top":"0","right":"0","bottom":"8","left":"0","isLinked":false},"heading_title_typography_font_family":"Lato"},"elements":[],"isInner":false,"widgetType":"tbay-heading","elType":"widget"},{"id":"5e69b156","settings":{"menu_vertical_typography_typography":"custom","menu_vertical_typography_font_size":{"unit":"px","size":14,"sizes":[]},"menu_vertical_typography_line_height":{"unit":"px","size":22,"sizes":[]},"menu_vertical_typography_line_height_tablet":{"unit":"px","size":"","sizes":[]},"menu_vertical_typography_line_height_mobile":{"unit":"px","size":27,"sizes":[]},"menu_vertical_color":"#646464","menu_vertical_typography_font_size_mobile":{"unit":"px","size":15,"sizes":[]},"__globals__":{"menu_vertical_color_hover":"globals\/colors?id=primary"}},"elements":[],"isInner":false,"widgetType":"tbay-menu-vertical","elType":"widget"}],"isInner":false,"elType":"column"},{"id":"311eb667","settings":{"_column_size":25,"_inline_size":null,"_inline_size_tablet":50,"margin_tablet":{"unit":"px","top":"0","right":"0","bottom":"0","left":"0","isLinked":false},"margin_mobile":{"unit":"px","top":"30","right":"0","bottom":"0","left":"0","isLinked":false},"border_border":"solid","border_width":{"unit":"px","top":"0","right":"1","bottom":"0","left":"0","isLinked":false},"border_color":"#F3F3F3","padding":{"unit":"px","top":"39","right":"20","bottom":"39","left":"20","isLinked":false},"padding_mobile":{"unit":"px","top":"0","right":"20","bottom":"0","left":"20","isLinked":false}},"elements":[{"id":"7d52ac92","settings":{"align":"left","heading_title":"Quick links","heading_title_typography_typography":"custom","heading_title_typography_font_size":{"unit":"px","size":17,"sizes":[]},"heading_title_typography_line_height":{"unit":"px","size":31,"sizes":[]},"heading_title_typography_line_height_tablet":{"unit":"px","size":"","sizes":[]},"heading_title_typography_line_height_mobile":{"unit":"px","size":"","sizes":[]},"_margin":{"unit":"px","top":"0","right":"0","bottom":"20","left":"0","isLinked":false},"_margin_mobile":{"unit":"px","top":"0","right":"0","bottom":"8","left":"0","isLinked":false},"heading_title_typography_font_family":"Lato"},"elements":[],"isInner":false,"widgetType":"tbay-heading","elType":"widget"},{"id":"14981392","settings":{"menu_vertical_typography_typography":"custom","menu_vertical_typography_font_size":{"unit":"px","size":14,"sizes":[]},"menu_vertical_typography_line_height":{"unit":"px","size":22,"sizes":[]},"menu_vertical_typography_line_height_tablet":{"unit":"px","size":"","sizes":[]},"menu_vertical_typography_line_height_mobile":{"unit":"px","size":27,"sizes":[]},"menu_vertical_color":"#646464","menu_vertical_typography_font_size_mobile":{"unit":"px","size":15,"sizes":[]},"__globals__":{"menu_vertical_color_hover":"globals\/colors?id=primary"}},"elements":[],"isInner":false,"widgetType":"tbay-menu-vertical","elType":"widget"}],"isInner":false,"elType":"column"},{"id":"5757b111","settings":{"_column_size":25,"_inline_size":null,"_inline_size_tablet":50,"margin_tablet":{"unit":"px","top":"0","right":"0","bottom":"0","left":"0","isLinked":false},"margin_mobile":{"unit":"px","top":"30","right":"0","bottom":"0","left":"0","isLinked":false},"border_border":"solid","border_width":{"unit":"px","top":"0","right":"1","bottom":"0","left":"0","isLinked":false},"border_color":"#F3F3F3","padding":{"unit":"px","top":"39","right":"20","bottom":"0","left":"20","isLinked":false},"padding_mobile":{"unit":"px","top":"0","right":"20","bottom":"0","left":"20","isLinked":false}},"elements":[{"id":"9cd9eba","settings":{"align":"left","heading_title":"Contact us","heading_title_typography_typography":"custom","heading_title_typography_font_size":{"unit":"px","size":17,"sizes":[]},"heading_title_typography_line_height":{"unit":"px","size":31,"sizes":[]},"heading_title_typography_line_height_tablet":{"unit":"px","size":"","sizes":[]},"heading_title_typography_line_height_mobile":{"unit":"px","size":"","sizes":[]},"_margin":{"unit":"px","top":"0","right":"0","bottom":"21","left":"0","isLinked":false},"_margin_mobile":{"unit":"px","top":"0","right":"0","bottom":"8","left":"0","isLinked":false},"heading_title_typography_font_family":"Lato"},"elements":[],"isInner":false,"widgetType":"tbay-heading","elType":"widget"},{"id":"aeb06b2","settings":{"editor":"<p>Find a location nearest<br \/>you. <span style=\"color: #121216; text-decoration: underline;\">See Our Stores<\/span><\/p>","typography_typography":"custom","typography_line_height":{"unit":"px","size":20,"sizes":[]},"typography_line_height_mobile":{"unit":"px","size":27,"sizes":[]},"_margin":{"unit":"px","top":"0","right":"85","bottom":"16","left":"0","isLinked":false},"_margin_mobile":{"unit":"px","top":"0","right":"0","bottom":"10","left":"0","isLinked":false},"typography_font_size":{"unit":"px","size":14,"sizes":[]},"_margin_tablet":{"unit":"px","top":"0","right":"0","bottom":"16","left":"0","isLinked":false}},"elements":[],"isInner":false,"widgetType":"text-editor","elType":"widget"},{"id":"1396d4c2","settings":{"editor":"<p>+994 (0)767 767 767<br \/>hello@domain.com<\/p>","typography_typography":"custom","typography_line_height":{"unit":"px","size":30,"sizes":[]},"typography_line_height_mobile":{"unit":"px","size":27,"sizes":[]},"_margin":{"unit":"px","top":"0","right":"85","bottom":"16","left":"0","isLinked":false},"_margin_mobile":{"unit":"px","top":"0","right":"0","bottom":"10","left":"0","isLinked":false},"typography_font_size":{"unit":"px","size":14,"sizes":[]},"_margin_tablet":{"unit":"px","top":"0","right":"0","bottom":"16","left":"0","isLinked":false}},"elements":[],"isInner":false,"widgetType":"text-editor","elType":"widget"}],"isInner":false,"elType":"column"},{"id":"3342257","settings":{"_column_size":25,"_inline_size":null,"_inline_size_tablet":50,"padding":{"unit":"px","top":"39","right":"20","bottom":"0","left":"20","isLinked":false},"padding_mobile":{"unit":"px","top":"30","right":"20","bottom":"0","left":"20","isLinked":false}},"elements":[{"id":"7fe10d0","settings":{"align":"left","heading_title":"Our Company","heading_title_typography_typography":"custom","heading_title_typography_font_size":{"unit":"px","size":17,"sizes":[]},"heading_title_typography_line_height":{"unit":"px","size":31,"sizes":[]},"heading_title_typography_line_height_tablet":{"unit":"px","size":"","sizes":[]},"heading_title_typography_line_height_mobile":{"unit":"px","size":"","sizes":[]},"_margin":{"unit":"px","top":"0","right":"0","bottom":"24","left":"0","isLinked":false},"_margin_mobile":{"unit":"px","top":"0","right":"0","bottom":"8","left":"0","isLinked":false},"heading_title_typography_font_family":"Lato"},"elements":[],"isInner":false,"widgetType":"tbay-heading","elType":"widget"},{"id":"27331e84","settings":{"editor":"<strong style=\"color: #121216;\">Address:<\/strong> <span style=\"color: #646464;\">102 Princes Street, Toronto, Venice, Ca 124<\/span>","typography_typography":"custom","typography_line_height":{"unit":"px","size":27,"sizes":[]},"typography_line_height_mobile":{"unit":"px","size":27,"sizes":[]},"_margin":{"unit":"px","top":"0","right":"85","bottom":"16","left":"0","isLinked":false},"_margin_mobile":{"unit":"px","top":"0","right":"0","bottom":"10","left":"0","isLinked":false},"typography_font_size":{"unit":"px","size":15,"sizes":[]},"_margin_tablet":{"unit":"px","top":"0","right":"0","bottom":"16","left":"0","isLinked":false}},"elements":[],"isInner":false,"widgetType":"text-editor","elType":"widget"},{"id":"2e379db","settings":{"editor":"<strong style=\"color: #121216;\">Hours:<\/strong> <span style=\"color: #646464;\">9.30am - 6.30pm Monday to Friday<\/span>","typography_line_height":{"unit":"px","size":27,"sizes":[]},"_margin":{"unit":"px","top":"0","right":"0","bottom":"17","left":"0","isLinked":false},"_margin_mobile":{"unit":"px","top":"0","right":"0","bottom":"10","left":"0","isLinked":false},"typography_typography":"custom","typography_font_size":{"unit":"px","size":15,"sizes":[]}},"elements":[],"isInner":false,"widgetType":"text-editor","elType":"widget"}],"isInner":false,"elType":"column"}],"isInner":false,"elType":"section"},{"id":"21c6a88","settings":{"background_background":"classic","padding":{"unit":"px","top":"22","right":"0","bottom":"22","left":"0","isLinked":false},"structure":"20","reverse_order_mobile":"reverse-mobile","border_border":"solid","border_width":{"unit":"px","top":"1","right":"0","bottom":"0","left":"0","isLinked":false},"border_color":"#F3F3F3","padding_mobile":{"unit":"px","top":"22","right":"20","bottom":"22","left":"20","isLinked":false},"background_overlay_background":"classic","background_overlay_color":"#FAF9F7","background_overlay_opacity":{"unit":"px","size":1,"sizes":[]}},"elements":[{"id":"20a18c8f","settings":{"_column_size":50,"_inline_size":null,"content_position":"center","align":"flex-start","margin_mobile":{"unit":"px","top":"30","right":"0","bottom":"0","left":"0","isLinked":false}},"elements":[{"id":"29c4186e","settings":{"editor":"Copyright 2023 \u00a9 <a style=\"color: #2f4799;\" href=\"https:\/\/el4.thembaydev.com\/fana\/\">Fana<\/a> WordPress Theme. All rights reserved.","typography_typography":"custom","typography_font_size":{"unit":"px","size":14,"sizes":[]},"typography_line_height":{"unit":"px","size":20,"sizes":[]}},"elements":[],"isInner":false,"widgetType":"text-editor","elType":"widget"}],"isInner":false,"elType":"column"},{"id":"4e9b3879","settings":{"_column_size":50,"_inline_size":null,"content_position":"center","align":"flex-end","align_mobile":"flex-start"},"elements":[{"id":"419a5fd2","settings":{"image":{"id":3862,"url":"https:\/\/el4.thembaydev.com\/fana\/wp-content\/uploads\/2022\/08\/payment.png","alt":"","source":"library","size":""},"image_size":"full","align":"right"},"elements":[],"isInner":false,"widgetType":"image","elType":"widget"}],"isInner":false,"elType":"column"}],"isInner":false,"elType":"section"}],"page_settings":[],"version":"0.4","title":"Footer","type":"page"}