{"content":[{"id":"3df2fb11","settings":{"stretch_section":"section-stretched","background_background":"classic","border_border":"solid","border_width":{"unit":"px","top":"0","right":"0","bottom":"1","left":"0","isLinked":false},"border_color":"#FFFFFF33","padding":{"unit":"px","top":"48","right":"0","bottom":"48","left":"0","isLinked":false},"__globals__":{"background_color":"globals\/colors?id=secondary"},"content_position":"middle"},"elements":[{"id":"66e2201e","settings":{"_column_size":100,"_inline_size":null,"align":"center"},"elements":[{"id":"2bcc249f","settings":{"title":"Get The Latest Deals And More.","header_size":"h3","align":"right","title_color":"#FFFFFF","typography_typography":"custom","typography_font_size":{"unit":"px","size":20,"sizes":[]},"typography_line_height":{"unit":"px","size":56,"sizes":[]},"align_mobile":"center","typography_font_family":"SFU Futura","typography_font_weight":"600","typography_line_height_mobile":{"unit":"px","size":26,"sizes":[]},"_margin":{"unit":"px","top":"0","right":"47","bottom":"0","left":"0","isLinked":false},"_margin_mobile":{"unit":"px","top":"0","right":"0","bottom":"25","left":"0","isLinked":false},"_css_classes":"w-auto"},"elements":[],"isInner":false,"widgetType":"heading","elType":"widget"},{"id":"5f5846fd","settings":{"width_input":{"unit":"px","size":480,"sizes":[]},"width_input_mobile":{"unit":"%","size":100,"sizes":[]},"width_button":{"unit":"px","size":200,"sizes":[]},"border_input_border":"none","input_border_radius":{"unit":"px","top":"24","right":"0","bottom":"0","left":"24","isLinked":false},"mailchip_style_typography_typography":"custom","mailchip_style_typography_font_size":{"unit":"px","size":14,"sizes":[]},"mailchip_style_typography_font_weight":"600","mailchip_style_typography_text_transform":"uppercase","mailchip_style_typography_line_height":{"unit":"px","size":20,"sizes":[]},"mailchip_style_typography_letter_spacing":{"unit":"px","size":0.08,"sizes":[]},"button_border_radius":{"unit":"px","top":"0","right":"24","bottom":"24","left":"0","isLinked":false},"button_padding":{"unit":"px","top":"0","right":"0","bottom":"0","left":"0","isLinked":false},"_css_classes":"w-auto","button_bacground_hover":"#F83698","button_bacground_focus":"#F83698"},"elements":[],"isInner":false,"widgetType":"tbay-newsletter","elType":"widget"}],"isInner":false,"elType":"column"}],"isInner":false,"elType":"section"},{"id":"31a1837c","settings":{"stretch_section":"section-stretched","structure":"50","background_background":"classic","padding":{"unit":"px","top":"41","right":"0","bottom":"38","left":"0","isLinked":false},"__globals__":{"background_color":"globals\/colors?id=secondary"}},"elements":[{"id":"3ccc1413","settings":{"_column_size":20,"_inline_size":32,"_inline_size_tablet":50,"margin_mobile":{"unit":"px","top":"0","right":"0","bottom":"40","left":"0","isLinked":false}},"elements":[{"id":"53fefaa3","settings":{"title":"Our Company","header_size":"h3","title_color":"#FFFFFF","typography_typography":"custom","typography_font_family":"Baloo","typography_font_size":{"unit":"px","size":20,"sizes":[]},"typography_font_weight":"400","typography_line_height":{"unit":"px","size":26,"sizes":[]},"_margin":{"unit":"px","top":"0","right":"0","bottom":"22","left":"0","isLinked":false}},"elements":[],"isInner":false,"widgetType":"heading","elType":"widget"},{"id":"1ddfb4d1","settings":{"editor":"<strong style=\"color: #FC4CA5;font-weight: 400;\">Address:<\/strong> <span style=\"color: #DDDDDD;\">102 Princes Street, Toronto, Venice, Ca 124<\/span>","typography_typography":"custom","typography_line_height":{"unit":"px","size":24,"sizes":[]},"typography_line_height_mobile":{"unit":"px","size":27,"sizes":[]},"_margin":{"unit":"px","top":"0","right":"85","bottom":"24","left":"0","isLinked":false},"_margin_mobile":{"unit":"px","top":"0","right":"0","bottom":"10","left":"0","isLinked":false},"typography_font_size":{"unit":"px","size":16,"sizes":[]},"_margin_tablet":{"unit":"px","top":"0","right":"0","bottom":"16","left":"0","isLinked":false},"typography_letter_spacing":{"unit":"px","size":0.08,"sizes":[]}},"elements":[],"isInner":false,"widgetType":"text-editor","elType":"widget"},{"id":"7f1b6fca","settings":{"editor":"<strong style=\"color: #FC4CA5;font-weight: 400;\">Hours:<\/strong> <span style=\"color: #DDDDDD;\">9.30am - 6.30pm Monday to Friday<\/span>","typography_line_height":{"unit":"px","size":24,"sizes":[]},"_margin":{"unit":"px","top":"0","right":"0","bottom":"25","left":"0","isLinked":false},"_margin_mobile":{"unit":"px","top":"0","right":"0","bottom":"10","left":"0","isLinked":false},"typography_typography":"custom","typography_font_size":{"unit":"px","size":16,"sizes":[]},"typography_letter_spacing":{"unit":"px","size":0.08,"sizes":[]}},"elements":[],"isInner":false,"widgetType":"text-editor","elType":"widget"},{"id":"391d65f8","settings":{"social_icon_list":[{"social_icon":{"value":"fab fa-facebook","library":"fa-brands"},"_id":"14a9a68","link":{"url":"https:\/\/www.facebook.com\/","is_external":"true","nofollow":"","custom_attributes":""}},{"social_icon":{"value":"fab fa-twitter","library":"fa-brands"},"_id":"17b86c3","link":{"url":"https:\/\/twitter.com\/","is_external":"true","nofollow":"","custom_attributes":""}},{"social_icon":{"value":"fab fa-youtube","library":"fa-brands"},"_id":"abb69f5","link":{"url":"https:\/\/www.youtube.com\/","is_external":"true","nofollow":"","custom_attributes":""}},{"_id":"b65c4b1","social_icon":{"value":"fab fa-spotify","library":"fa-brands"},"link":{"url":"https:\/\/www.spotify.com\/","is_external":"true","nofollow":"","custom_attributes":""}}],"align":"left","icon_color":"custom","icon_primary_color":"#FFFFFF00","icon_secondary_color":"#DDDDDD","icon_size":{"unit":"px","size":22,"sizes":[]},"icon_padding":{"unit":"em","size":0,"sizes":[]},"icon_spacing":{"unit":"px","size":26,"sizes":[]},"__globals__":{"hover_secondary_color":"globals\/colors?id=primary"}},"elements":[],"isInner":false,"widgetType":"social-icons","elType":"widget"}],"isInner":false,"elType":"column"},{"id":"247dcde","settings":{"_column_size":20,"_inline_size":15,"_inline_size_tablet":50,"margin_tablet":{"unit":"px","top":"0","right":"0","bottom":"50","left":"0","isLinked":false},"margin_mobile":{"unit":"px","top":"0","right":"0","bottom":"33","left":"0","isLinked":false}},"elements":[{"id":"358b4f70","settings":{"title":"Categories","header_size":"h3","title_color":"#FFFFFF","typography_typography":"custom","typography_font_family":"Baloo","typography_font_size":{"unit":"px","size":20,"sizes":[]},"typography_font_weight":"400","typography_line_height":{"unit":"px","size":26,"sizes":[]},"_margin":{"unit":"px","top":"0","right":"0","bottom":"19","left":"0","isLinked":false}},"elements":[],"isInner":false,"widgetType":"heading","elType":"widget"},{"id":"258bb93b","settings":{"menu_vertical_color":"#DDDDDD","menu_vertical_typography_typography":"custom","menu_vertical_typography_font_size":{"unit":"px","size":16,"sizes":[]},"menu_vertical_typography_line_height":{"unit":"px","size":30,"sizes":[]},"__globals__":{"menu_vertical_color_hover":"globals\/colors?id=primary"}},"elements":[],"isInner":false,"widgetType":"tbay-menu-vertical","elType":"widget"}],"isInner":false,"elType":"column"},{"id":"25e874e9","settings":{"_column_size":20,"_inline_size":17,"_inline_size_tablet":33,"margin_mobile":{"unit":"px","top":"0","right":"0","bottom":"33","left":"0","isLinked":false}},"elements":[{"id":"64b917bf","settings":{"title":"Support","header_size":"h3","title_color":"#FFFFFF","typography_typography":"custom","typography_font_family":"Baloo","typography_font_size":{"unit":"px","size":20,"sizes":[]},"typography_font_weight":"400","typography_line_height":{"unit":"px","size":26,"sizes":[]},"_margin":{"unit":"px","top":"0","right":"0","bottom":"19","left":"0","isLinked":false}},"elements":[],"isInner":false,"widgetType":"heading","elType":"widget"},{"id":"38d31d88","settings":{"menu_vertical_color":"#DDDDDD","menu_vertical_typography_typography":"custom","menu_vertical_typography_font_size":{"unit":"px","size":16,"sizes":[]},"menu_vertical_typography_line_height":{"unit":"px","size":30,"sizes":[]},"__globals__":{"menu_vertical_color_hover":"globals\/colors?id=primary"}},"elements":[],"isInner":false,"widgetType":"tbay-menu-vertical","elType":"widget"}],"isInner":false,"elType":"column"},{"id":"4380f92b","settings":{"_column_size":20,"_inline_size":17.982,"_inline_size_tablet":33,"margin_mobile":{"unit":"px","top":"0","right":"0","bottom":"33","left":"0","isLinked":false}},"elements":[{"id":"792e5ec8","settings":{"title":"Information","header_size":"h3","title_color":"#FFFFFF","typography_typography":"custom","typography_font_family":"Baloo","typography_font_size":{"unit":"px","size":20,"sizes":[]},"typography_font_weight":"400","typography_line_height":{"unit":"px","size":26,"sizes":[]},"_margin":{"unit":"px","top":"0","right":"0","bottom":"19","left":"0","isLinked":false}},"elements":[],"isInner":false,"widgetType":"heading","elType":"widget"},{"id":"168370c6","settings":{"menu_vertical_color":"#DDDDDD","menu_vertical_typography_typography":"custom","menu_vertical_typography_font_size":{"unit":"px","size":16,"sizes":[]},"menu_vertical_typography_line_height":{"unit":"px","size":30,"sizes":[]},"__globals__":{"menu_vertical_color_hover":"globals\/colors?id=primary"}},"elements":[],"isInner":false,"widgetType":"tbay-menu-vertical","elType":"widget"}],"isInner":false,"elType":"column"},{"id":"35d9a3d2","settings":{"_column_size":20,"_inline_size":17,"_inline_size_tablet":33},"elements":[{"id":"1f651ef0","settings":{"title":"Account","header_size":"h3","title_color":"#FFFFFF","typography_typography":"custom","typography_font_family":"Baloo","typography_font_size":{"unit":"px","size":20,"sizes":[]},"typography_font_weight":"400","typography_line_height":{"unit":"px","size":26,"sizes":[]},"_margin":{"unit":"px","top":"0","right":"0","bottom":"19","left":"0","isLinked":false}},"elements":[],"isInner":false,"widgetType":"heading","elType":"widget"},{"id":"59107a1a","settings":{"menu_vertical_color":"#DDDDDD","menu_vertical_typography_typography":"custom","menu_vertical_typography_font_size":{"unit":"px","size":16,"sizes":[]},"menu_vertical_typography_line_height":{"unit":"px","size":30,"sizes":[]},"__globals__":{"menu_vertical_color_hover":"globals\/colors?id=primary"}},"elements":[],"isInner":false,"widgetType":"tbay-menu-vertical","elType":"widget"}],"isInner":false,"elType":"column"}],"isInner":false,"elType":"section"},{"id":"33440e81","settings":{"background_background":"classic","padding":{"unit":"px","top":"22","right":"0","bottom":"22","left":"0","isLinked":false},"structure":"20","reverse_order_mobile":"reverse-mobile","border_border":"solid","border_width":{"unit":"px","top":"1","right":"0","bottom":"0","left":"0","isLinked":false},"border_color":"#FFFFFF33","padding_mobile":{"unit":"px","top":"22","right":"15","bottom":"22","left":"15","isLinked":false},"__globals__":{"background_color":"globals\/colors?id=secondary"}},"elements":[{"id":"6dba6ec0","settings":{"_column_size":50,"_inline_size":null,"content_position":"center","align":"flex-start","margin_mobile":{"unit":"px","top":"30","right":"0","bottom":"0","left":"0","isLinked":false},"padding_mobile":{"unit":"px","top":"0","right":"0","bottom":"0","left":"0","isLinked":false}},"elements":[{"id":"6a29a845","settings":{"editor":"<p>Copyright 2023 \u00a9 <a style=\"color: #fc4ca5;\" href=\"https:\/\/el4.thembaydev.com\/fana_kids\/\">Fana<\/a> WordPress Theme. All rights reserved.<\/p>","typography_typography":"custom","typography_font_size":{"unit":"px","size":16,"sizes":[]},"typography_line_height":{"unit":"px","size":20,"sizes":[]},"text_color":"#DDDDDD"},"elements":[],"isInner":false,"widgetType":"text-editor","elType":"widget"}],"isInner":false,"elType":"column"},{"id":"3a6e0bbe","settings":{"_column_size":50,"_inline_size":null,"content_position":"center","align":"flex-end","align_mobile":"flex-start","padding_mobile":{"unit":"px","top":"0","right":"0","bottom":"0","left":"0","isLinked":false}},"elements":[{"id":"2041782","settings":{"image":{"url":"https:\/\/el4.thembaydev.com\/fana_kids\/wp-content\/uploads\/2022\/08\/payment.png","id":3862,"alt":"","source":"library"},"image_size":"full","align":"right"},"elements":[],"isInner":false,"widgetType":"image","elType":"widget"}],"isInner":false,"elType":"column"}],"isInner":false,"elType":"section"}],"page_settings":[],"version":"0.4","title":"footer","type":"page"}