{"content":[{"id":"79255c","settings":{"structure":"40","padding":{"unit":"px","top":"40","right":"0","bottom":"0","left":"0","isLinked":false},"border_border":"solid","border_width":{"unit":"px","top":"1","right":"0","bottom":"0","left":"0","isLinked":false},"border_color":"#F3F3F3","padding_mobile":{"unit":"px","top":"40","right":"0","bottom":"0","left":"0","isLinked":false},"margin":{"unit":"px","top":"","right":0,"bottom":"","left":0,"isLinked":true}},"elements":[{"id":"277a59db","settings":{"_column_size":25,"_inline_size":null,"background_background":"classic","border_width":{"unit":"px","top":"0","right":"0","bottom":"1","left":"0","isLinked":false},"border_color":"#F3F3F3","padding":{"unit":"px","top":"0","right":"20","bottom":"0","left":"20","isLinked":false},"_inline_size_tablet":50,"margin_tablet":{"unit":"px","top":"0","right":"0","bottom":"20","left":"0","isLinked":false},"padding_mobile":{"unit":"px","top":"0","right":"15","bottom":"0","left":"15","isLinked":false}},"elements":[{"id":"7f64fac8","settings":{"selected_icon":{"value":"tb-icon tb-icon-shopping-bag","library":"tbay-custom"},"title_text":"\u0627\u0644\u062a\u0641\u0631\u062f","description_text":"","position":"left","icon_space":{"unit":"px","size":17,"sizes":[]},"icon_size":{"unit":"px","size":34,"sizes":[]},"content_vertical_alignment":"middle","title_color":"#121216","title_typography_typography":"custom","title_typography_font_size":{"unit":"px","size":18,"sizes":[]},"title_typography_line_height":{"unit":"px","size":24,"sizes":[]},"_padding":{"unit":"px","top":"18","right":"18","bottom":"18","left":"18","isLinked":true},"_background_background":"classic","_background_color":"#F7F3EF","__globals__":{"primary_color":"globals\/colors?id=primary"},"position_mobile":"left","text_align":"left"},"elements":[],"isInner":false,"widgetType":"icon-box","elType":"widget"},{"id":"384bc89","settings":{"editor":"<p>\u0646\u0628\u062a\u0643\u0631 \u062d\u0644\u0648\u0644\u0627\u064b \u0641\u0631\u062f\u064a\u0629 \u0648\u0641\u0631\u064a\u062f\u0629 \u0645\u0646 \u0646\u0648\u0639\u0647\u0627.<\/p>","typography_typography":"custom","typography_font_size":{"unit":"px","size":14,"sizes":[]},"typography_line_height":{"unit":"px","size":20,"sizes":[]},"_padding":{"unit":"px","top":"0","right":"16","bottom":"16","left":"16","isLinked":false},"_background_background":"classic","_background_color":"#F7F3EF","align_mobile":"left","align":"left"},"elements":[],"isInner":false,"widgetType":"text-editor","elType":"widget"},{"id":"4a64ef20","settings":{"text":"Divider","color":"#F3F3F3","gap":{"unit":"px","size":"","sizes":[]},"_margin":{"unit":"px","top":"40","right":"-20","bottom":"0","left":"0","isLinked":false},"hide_tablet":"hidden-tablet","hide_mobile":"hidden-mobile"},"elements":[],"isInner":false,"widgetType":"divider","elType":"widget"}],"isInner":false,"elType":"column"},{"id":"20f0fad0","settings":{"_column_size":25,"_inline_size":null,"align":"center","align_mobile":"flex-start","padding":{"unit":"px","top":"0","right":"20","bottom":"0","left":"20","isLinked":false},"_inline_size_tablet":50,"margin_tablet":{"unit":"px","top":"0","right":"0","bottom":"20","left":"0","isLinked":false},"padding_mobile":{"unit":"px","top":"0","right":"15","bottom":"0","left":"15","isLinked":false}},"elements":[{"id":"686f42fb","settings":{"selected_icon":{"value":"tb-icon tb-icon-truck","library":"tbay-custom"},"title_text":"\u062a\u0648\u0635\u064a\u0644","description_text":"","position":"left","icon_space":{"unit":"px","size":17,"sizes":[]},"icon_size":{"unit":"px","size":34,"sizes":[]},"content_vertical_alignment":"middle","title_color":"#121216","title_typography_typography":"custom","title_typography_font_size":{"unit":"px","size":18,"sizes":[]},"title_typography_line_height":{"unit":"px","size":24,"sizes":[]},"_padding":{"unit":"px","top":"18","right":"18","bottom":"18","left":"18","isLinked":true},"_background_background":"classic","_background_color":"#F7F3EF","__globals__":{"primary_color":"globals\/colors?id=primary"},"position_mobile":"left","text_align":"left"},"elements":[],"isInner":false,"widgetType":"icon-box","elType":"widget"},{"id":"32695714","settings":{"editor":"<p>\u0646\u0642\u0648\u0645 \u0628\u062a\u0633\u0644\u064a\u0645 \u0627\u0644\u0628\u0636\u0627\u0626\u0639 \u0641\u064a \u062c\u0645\u064a\u0639 \u0623\u0646\u062d\u0627\u0621 \u0627\u0644\u0639\u0627\u0644\u0645<\/p>","typography_typography":"custom","typography_font_size":{"unit":"px","size":14,"sizes":[]},"typography_line_height":{"unit":"px","size":20,"sizes":[]},"_padding":{"unit":"px","top":"0","right":"16","bottom":"16","left":"16","isLinked":false},"_background_background":"classic","_background_color":"#F7F3EF","align_mobile":"left","align":"left"},"elements":[],"isInner":false,"widgetType":"text-editor","elType":"widget"},{"id":"3388dbe9","settings":{"text":"Divider","color":"#F3F3F3","gap":{"unit":"px","size":"","sizes":[]},"_margin":{"unit":"px","top":"40","right":"-20","bottom":"0","left":"-20","isLinked":false},"hide_tablet":"hidden-tablet","hide_mobile":"hidden-mobile"},"elements":[],"isInner":false,"widgetType":"divider","elType":"widget"}],"isInner":false,"elType":"column"},{"id":"343a2076","settings":{"_column_size":25,"_inline_size":null,"padding":{"unit":"px","top":"0","right":"20","bottom":"0","left":"20","isLinked":false},"_inline_size_tablet":50,"padding_mobile":{"unit":"px","top":"0","right":"15","bottom":"0","left":"15","isLinked":false}},"elements":[{"id":"11129112","settings":{"selected_icon":{"value":"tb-icon tb-icon-bag-tick","library":"tbay-custom"},"title_text":"\u062c\u0648\u062f\u0629","description_text":"","position":"left","icon_space":{"unit":"px","size":17,"sizes":[]},"icon_size":{"unit":"px","size":34,"sizes":[]},"content_vertical_alignment":"middle","title_color":"#121216","title_typography_typography":"custom","title_typography_font_size":{"unit":"px","size":18,"sizes":[]},"title_typography_line_height":{"unit":"px","size":24,"sizes":[]},"_padding":{"unit":"px","top":"18","right":"18","bottom":"18","left":"18","isLinked":true},"_background_background":"classic","_background_color":"#F7F3EF","__globals__":{"primary_color":"globals\/colors?id=primary"},"text_align_mobile":"left","position_mobile":"left","text_align":"left"},"elements":[],"isInner":false,"widgetType":"icon-box","elType":"widget"},{"id":"3d8da754","settings":{"editor":"<p>\u0646\u0642\u0648\u0645 \u0628\u062a\u0648\u0631\u064a\u062f \u0627\u0644\u0623\u0642\u0645\u0634\u0629 \u0645\u0646 \u062a\u0631\u0643\u064a\u0627 \u0648\u0627\u0644\u0647\u0646\u062f \u0648\u0625\u064a\u0637\u0627\u0644\u064a\u0627<\/p>","typography_typography":"custom","typography_font_size":{"unit":"px","size":14,"sizes":[]},"typography_line_height":{"unit":"px","size":20,"sizes":[]},"_padding":{"unit":"px","top":"0","right":"16","bottom":"16","left":"16","isLinked":false},"_background_background":"classic","_background_color":"#F7F3EF","align_mobile":"left","align":"left"},"elements":[],"isInner":false,"widgetType":"text-editor","elType":"widget"},{"id":"2ab440c6","settings":{"text":"Divider","color":"#F3F3F3","gap":{"unit":"px","size":"","sizes":[]},"_margin":{"unit":"px","top":"40","right":"-20","bottom":"0","left":"-20","isLinked":false},"width_mobile":{"unit":"%","size":0,"sizes":[]},"_margin_mobile":{"unit":"px","top":"20","right":"0","bottom":"0","left":"0","isLinked":false}},"elements":[],"isInner":false,"widgetType":"divider","elType":"widget"}],"isInner":false,"elType":"column"},{"id":"4c837df","settings":{"_column_size":25,"_inline_size":null,"padding":{"unit":"px","top":"0","right":"20","bottom":"0","left":"20","isLinked":false},"_inline_size_tablet":50,"padding_mobile":{"unit":"px","top":"0","right":"15","bottom":"0","left":"15","isLinked":false}},"elements":[{"id":"263cac","settings":{"selected_icon":{"value":"tb-icon tb-icon-shop","library":"tbay-custom"},"title_text":"\u0642\u0627\u0639\u0629 \u0639\u0631\u0636","description_text":"","position":"left","icon_space":{"unit":"px","size":17,"sizes":[]},"icon_size":{"unit":"px","size":34,"sizes":[]},"content_vertical_alignment":"middle","title_color":"#121216","title_typography_typography":"custom","title_typography_font_size":{"unit":"px","size":18,"sizes":[]},"title_typography_line_height":{"unit":"px","size":24,"sizes":[]},"_padding":{"unit":"px","top":"18","right":"18","bottom":"18","left":"18","isLinked":true},"_background_background":"classic","_background_color":"#F7F3EF","__globals__":{"primary_color":"globals\/colors?id=primary"},"position_mobile":"left","text_align":"left"},"elements":[],"isInner":false,"widgetType":"icon-box","elType":"widget"},{"id":"2a77e2b6","settings":{"editor":"<p>\u064a\u0645\u0643\u0646\u0643 \u0645\u0634\u0627\u0647\u062f\u0629 \u0645\u0646\u062a\u062c\u0627\u062a\u0646\u0627 \"\u0647\u0646\u0627 \u0648\u0627\u0644\u0622\u0646\"<\/p>","typography_typography":"custom","typography_font_size":{"unit":"px","size":14,"sizes":[]},"typography_line_height":{"unit":"px","size":20,"sizes":[]},"_padding":{"unit":"px","top":"0","right":"16","bottom":"16","left":"16","isLinked":false},"_background_background":"classic","_background_color":"#F7F3EF","align_mobile":"left","align":"left"},"elements":[],"isInner":false,"widgetType":"text-editor","elType":"widget"},{"id":"26829f04","settings":{"text":"Divider","color":"#F3F3F3","gap":{"unit":"px","size":"","sizes":[]},"_margin":{"unit":"px","top":"40","right":"0","bottom":"0","left":"-20","isLinked":false}},"elements":[],"isInner":false,"widgetType":"divider","elType":"widget"}],"isInner":false,"elType":"column"}],"isInner":false,"elType":"section"},{"id":"2e9d4f05","settings":{"structure":"40","padding_mobile":{"unit":"px","top":"0","right":"0","bottom":"30","left":"0","isLinked":false}},"elements":[{"id":"40a619c7","settings":{"_column_size":25,"_inline_size":null,"_inline_size_tablet":50,"margin_mobile":{"unit":"px","top":"0","right":"0","bottom":"0","left":"0","isLinked":false},"border_border":"solid","border_width":{"unit":"px","top":"0","right":"1","bottom":"0","left":"0","isLinked":false},"border_color":"#F3F3F3","padding":{"unit":"px","top":"39","right":"20","bottom":"39","left":"20","isLinked":false},"padding_mobile":{"unit":"px","top":"30","right":"15","bottom":"0","left":"15","isLinked":false}},"elements":[{"id":"1ba55082","settings":{"align":"left","heading_title":"\u0645\u0639\u0644\u0648\u0645\u0629","heading_title_typography_typography":"custom","heading_title_typography_font_size":{"unit":"px","size":17,"sizes":[]},"heading_title_typography_line_height":{"unit":"px","size":31,"sizes":[]},"heading_title_typography_line_height_tablet":{"unit":"px","size":"","sizes":[]},"heading_title_typography_line_height_mobile":{"unit":"px","size":"","sizes":[]},"_margin":{"unit":"px","top":"0","right":"0","bottom":"20","left":"0","isLinked":false},"_margin_mobile":{"unit":"px","top":"0","right":"0","bottom":"8","left":"0","isLinked":false},"heading_title_typography_font_family":"Lato"},"elements":[],"isInner":false,"widgetType":"tbay-heading","elType":"widget"},{"id":"13cb3969","settings":{"menu_vertical_typography_typography":"custom","menu_vertical_typography_font_size":{"unit":"px","size":14,"sizes":[]},"menu_vertical_typography_line_height":{"unit":"px","size":22,"sizes":[]},"menu_vertical_typography_line_height_tablet":{"unit":"px","size":"","sizes":[]},"menu_vertical_typography_line_height_mobile":{"unit":"px","size":27,"sizes":[]},"menu_vertical_color":"#646464","menu_vertical_typography_font_size_mobile":{"unit":"px","size":15,"sizes":[]},"__globals__":{"menu_vertical_color_hover":"globals\/colors?id=primary"},"align":"left"},"elements":[],"isInner":false,"widgetType":"tbay-menu-vertical","elType":"widget"}],"isInner":false,"elType":"column"},{"id":"794491a","settings":{"_column_size":25,"_inline_size":null,"_inline_size_tablet":50,"margin_tablet":{"unit":"px","top":"0","right":"0","bottom":"0","left":"0","isLinked":false},"margin_mobile":{"unit":"px","top":"30","right":"0","bottom":"0","left":"0","isLinked":false},"border_border":"solid","border_width":{"unit":"px","top":"0","right":"1","bottom":"0","left":"0","isLinked":false},"border_color":"#F3F3F3","padding":{"unit":"px","top":"39","right":"20","bottom":"39","left":"20","isLinked":false},"padding_mobile":{"unit":"px","top":"0","right":"15","bottom":"0","left":"15","isLinked":false}},"elements":[{"id":"4ef6aea0","settings":{"align":"left","heading_title":"\u0631\u0648\u0627\u0628\u0637 \u0633\u0631\u064a\u0639\u0629","heading_title_typography_typography":"custom","heading_title_typography_font_size":{"unit":"px","size":17,"sizes":[]},"heading_title_typography_line_height":{"unit":"px","size":31,"sizes":[]},"heading_title_typography_line_height_tablet":{"unit":"px","size":"","sizes":[]},"heading_title_typography_line_height_mobile":{"unit":"px","size":"","sizes":[]},"_margin":{"unit":"px","top":"0","right":"0","bottom":"20","left":"0","isLinked":false},"_margin_mobile":{"unit":"px","top":"0","right":"0","bottom":"8","left":"0","isLinked":false},"heading_title_typography_font_family":"Lato"},"elements":[],"isInner":false,"widgetType":"tbay-heading","elType":"widget"},{"id":"873cc74","settings":{"menu_vertical_typography_typography":"custom","menu_vertical_typography_font_size":{"unit":"px","size":14,"sizes":[]},"menu_vertical_typography_line_height":{"unit":"px","size":22,"sizes":[]},"menu_vertical_typography_line_height_tablet":{"unit":"px","size":"","sizes":[]},"menu_vertical_typography_line_height_mobile":{"unit":"px","size":27,"sizes":[]},"menu_vertical_color":"#646464","menu_vertical_typography_font_size_mobile":{"unit":"px","size":15,"sizes":[]},"__globals__":{"menu_vertical_color_hover":"globals\/colors?id=primary"}},"elements":[],"isInner":false,"widgetType":"tbay-menu-vertical","elType":"widget"}],"isInner":false,"elType":"column"},{"id":"76ec62e9","settings":{"_column_size":25,"_inline_size":null,"_inline_size_tablet":50,"margin_tablet":{"unit":"px","top":"0","right":"0","bottom":"0","left":"0","isLinked":false},"margin_mobile":{"unit":"px","top":"30","right":"0","bottom":"0","left":"0","isLinked":false},"border_border":"solid","border_width":{"unit":"px","top":"0","right":"1","bottom":"0","left":"0","isLinked":false},"border_color":"#F3F3F3","padding":{"unit":"px","top":"39","right":"20","bottom":"0","left":"20","isLinked":false},"padding_mobile":{"unit":"px","top":"0","right":"15","bottom":"0","left":"15","isLinked":false}},"elements":[{"id":"68953093","settings":{"align":"left","heading_title":"\u0627\u062a\u0635\u0644 \u0628\u0646\u0627","heading_title_typography_typography":"custom","heading_title_typography_font_size":{"unit":"px","size":17,"sizes":[]},"heading_title_typography_line_height":{"unit":"px","size":31,"sizes":[]},"heading_title_typography_line_height_tablet":{"unit":"px","size":"","sizes":[]},"heading_title_typography_line_height_mobile":{"unit":"px","size":"","sizes":[]},"_margin":{"unit":"px","top":"0","right":"0","bottom":"21","left":"0","isLinked":false},"_margin_mobile":{"unit":"px","top":"0","right":"0","bottom":"8","left":"0","isLinked":false},"heading_title_typography_font_family":"Lato"},"elements":[],"isInner":false,"widgetType":"tbay-heading","elType":"widget"},{"id":"9bff48f","settings":{"editor":"\u0627\u0644\u0628\u062d\u062b \u0639\u0646 \u0623\u0642\u0631\u0628 \u0645\u0648\u0642\u0639\n\u0623\u0646\u062a. <a class=\"theme-hover\" style=\"color: #121216; text-decoration: underline;\" href=\"https:\/\/el4.thembaydev.com\/fana_rtl\/shop\/\">\u0627\u0646\u0638\u0631 \u0645\u062a\u0627\u062c\u0631\u0646\u0627<\/a>","typography_typography":"custom","typography_line_height":{"unit":"px","size":20,"sizes":[]},"typography_line_height_mobile":{"unit":"px","size":27,"sizes":[]},"_margin":{"unit":"px","top":"0","right":"85","bottom":"16","left":"0","isLinked":false},"_margin_mobile":{"unit":"px","top":"0","right":"0","bottom":"10","left":"0","isLinked":false},"typography_font_size":{"unit":"px","size":14,"sizes":[]},"_margin_tablet":{"unit":"px","top":"0","right":"0","bottom":"16","left":"0","isLinked":false},"align":"left"},"elements":[],"isInner":false,"widgetType":"text-editor","elType":"widget"},{"id":"1b51872a","settings":{"editor":"<p>+994 (0)767 767 767<br \/>hello@domain.com<\/p>","typography_typography":"custom","typography_line_height":{"unit":"px","size":30,"sizes":[]},"typography_line_height_mobile":{"unit":"px","size":27,"sizes":[]},"_margin":{"unit":"px","top":"0","right":"85","bottom":"16","left":"0","isLinked":false},"_margin_mobile":{"unit":"px","top":"0","right":"0","bottom":"10","left":"0","isLinked":false},"typography_font_size":{"unit":"px","size":14,"sizes":[]},"_margin_tablet":{"unit":"px","top":"0","right":"0","bottom":"16","left":"0","isLinked":false},"align":"left"},"elements":[],"isInner":false,"widgetType":"text-editor","elType":"widget"}],"isInner":false,"elType":"column"},{"id":"72602bff","settings":{"_column_size":25,"_inline_size":null,"_inline_size_tablet":50,"padding":{"unit":"px","top":"39","right":"20","bottom":"0","left":"20","isLinked":false},"padding_mobile":{"unit":"px","top":"30","right":"15","bottom":"0","left":"15","isLinked":false}},"elements":[{"id":"516f5b87","settings":{"align":"left","heading_title":"\u0634\u0631\u0643\u062a\u0646\u0627","heading_title_typography_typography":"custom","heading_title_typography_font_size":{"unit":"px","size":17,"sizes":[]},"heading_title_typography_line_height":{"unit":"px","size":31,"sizes":[]},"heading_title_typography_line_height_tablet":{"unit":"px","size":"","sizes":[]},"heading_title_typography_line_height_mobile":{"unit":"px","size":"","sizes":[]},"_margin":{"unit":"px","top":"0","right":"0","bottom":"24","left":"0","isLinked":false},"_margin_mobile":{"unit":"px","top":"0","right":"0","bottom":"8","left":"0","isLinked":false},"heading_title_typography_font_family":"Lato"},"elements":[],"isInner":false,"widgetType":"tbay-heading","elType":"widget"},{"id":"29f9920","settings":{"editor":"<strong style=\"color: #121216;\">\u062a\u0628\u0648\u0643:<\/strong> <span style=\"color: #646464;\">102 \u0634\u0627\u0631\u0639 \u0628\u0631\u064a\u0646\u0633\u064a\u0633 \u060c \u062a\u0648\u0631\u0646\u062a\u0648 \u060c \u0627\u0644\u0628\u0646\u062f\u0642\u064a\u0629 \u060c \u0643\u0627\u0644\u064a\u0641\u0648\u0631\u0646\u064a\u0627 124<\/span>","typography_typography":"custom","typography_line_height":{"unit":"px","size":27,"sizes":[]},"typography_line_height_mobile":{"unit":"px","size":27,"sizes":[]},"_margin":{"unit":"px","top":"0","right":"85","bottom":"16","left":"0","isLinked":false},"_margin_mobile":{"unit":"px","top":"0","right":"0","bottom":"10","left":"0","isLinked":false},"typography_font_size":{"unit":"px","size":15,"sizes":[]},"_margin_tablet":{"unit":"px","top":"0","right":"0","bottom":"16","left":"0","isLinked":false},"align":"left"},"elements":[],"isInner":false,"widgetType":"text-editor","elType":"widget"},{"id":"12b3398f","settings":{"editor":"<strong style=\"color: #121216;\">\u0633\u0627\u0639\u0627\u062a:<\/strong> <span style=\"color: #646464;\">\u0645\u0646 9:30 \u0635\u0628\u0627\u062d\u064b\u0627 \u062d\u062a\u0649 6:30 \u0645\u0633\u0627\u0621\u064b \u0645\u0646 \u0627\u0644\u0627\u062b\u0646\u064a\u0646 \u0625\u0644\u0649 \u0627\u0644\u062c\u0645\u0639\u0629<\/span>","typography_line_height":{"unit":"px","size":27,"sizes":[]},"_margin":{"unit":"px","top":"0","right":"0","bottom":"17","left":"0","isLinked":false},"_margin_mobile":{"unit":"px","top":"0","right":"0","bottom":"10","left":"0","isLinked":false},"typography_typography":"custom","typography_font_size":{"unit":"px","size":15,"sizes":[]},"align":"left"},"elements":[],"isInner":false,"widgetType":"text-editor","elType":"widget"}],"isInner":false,"elType":"column"}],"isInner":false,"elType":"section"},{"id":"4e17ad1d","settings":{"background_background":"classic","padding":{"unit":"px","top":"22","right":"0","bottom":"22","left":"0","isLinked":false},"structure":"20","reverse_order_mobile":"reverse-mobile","border_border":"solid","border_width":{"unit":"px","top":"1","right":"0","bottom":"0","left":"0","isLinked":false},"border_color":"#F3F3F3","padding_mobile":{"unit":"px","top":"22","right":"15","bottom":"22","left":"15","isLinked":false}},"elements":[{"id":"242b7905","settings":{"_column_size":50,"_inline_size":null,"content_position":"center","align":"flex-start","margin_mobile":{"unit":"px","top":"30","right":"0","bottom":"0","left":"0","isLinked":false},"padding_mobile":{"unit":"px","top":"0","right":"0","bottom":"0","left":"0","isLinked":false}},"elements":[{"id":"f8307f5","settings":{"editor":"<p>\u062d\u0642\u0648\u0642 \u0627\u0644\u0637\u0628\u0639 \u0648\u0627\u0644\u0646\u0634\u0631 2022 \u00a9 <a style=\"color: #2f4799;\" href=\"https:\/\/el4.thembaydev.com\/fana_rtl\/\">Fana<\/a> \u0648\u0648\u0631\u062f \u0645\u0648\u0636\u0648\u0639. \u0643\u0644 \u0627\u0644\u062d\u0642\u0648\u0642 \u0645\u062d\u0641\u0648\u0638\u0629.<\/p>","typography_typography":"custom","typography_font_size":{"unit":"px","size":14,"sizes":[]},"typography_line_height":{"unit":"px","size":20,"sizes":[]}},"elements":[],"isInner":false,"widgetType":"text-editor","elType":"widget"}],"isInner":false,"elType":"column"},{"id":"34b7e344","settings":{"_column_size":50,"_inline_size":null,"content_position":"center","align":"flex-end","align_mobile":"flex-start","padding_mobile":{"unit":"px","top":"0","right":"0","bottom":"0","left":"0","isLinked":false}},"elements":[{"id":"270b1bb3","settings":{"image":{"url":"https:\/\/el4.thembaydev.com\/fana_rtl\/wp-content\/uploads\/2022\/08\/payment.png","id":3862,"alt":"","source":"library"},"image_size":"full","align":"left"},"elements":[],"isInner":false,"widgetType":"image","elType":"widget"}],"isInner":false,"elType":"column"}],"isInner":false,"elType":"section"}],"page_settings":[],"version":"0.4","title":"footer","type":"page"}