{"content":[{"id":"62d6a50d","settings":{"structure":"40","padding":{"unit":"px","top":"40","right":"0","bottom":"0","left":"0","isLinked":false},"border_border":"solid","border_width":{"unit":"px","top":"1","right":"0","bottom":"0","left":"0","isLinked":false},"border_color":"#F3F3F3","padding_mobile":{"unit":"px","top":"40","right":"0","bottom":"0","left":"0","isLinked":false},"margin":{"unit":"px","top":"","right":0,"bottom":"","left":0,"isLinked":true}},"elements":[{"id":"3047cb6d","settings":{"_column_size":25,"_inline_size":null,"background_background":"classic","border_width":{"unit":"px","top":"0","right":"0","bottom":"1","left":"0","isLinked":false},"border_color":"#F3F3F3","padding":{"unit":"px","top":"0","right":"20","bottom":"0","left":"20","isLinked":false},"_inline_size_tablet":50,"margin_tablet":{"unit":"px","top":"0","right":"0","bottom":"20","left":"0","isLinked":false}},"elements":[{"id":"5781c9bc","settings":{"selected_icon":{"value":"tb-icon tb-icon-shopping-bag","library":"tbay-custom"},"title_text":"Uniqueness","description_text":"","position":"left","icon_space":{"unit":"px","size":17,"sizes":[]},"icon_size":{"unit":"px","size":34,"sizes":[]},"content_vertical_alignment":"middle","title_color":"#121216","title_typography_typography":"custom","title_typography_font_size":{"unit":"px","size":18,"sizes":[]},"title_typography_line_height":{"unit":"px","size":24,"sizes":[]},"_padding":{"unit":"px","top":"18","right":"18","bottom":"18","left":"18","isLinked":true},"_background_background":"classic","_background_color":"#F7F3EF","__globals__":{"primary_color":"globals\/colors?id=primary"},"position_mobile":"left"},"elements":[],"isInner":false,"widgetType":"icon-box","elType":"widget"},{"id":"3e2b86","settings":{"editor":"<p>We create individual and unique solutions.<\/p>","typography_typography":"custom","typography_font_size":{"unit":"px","size":14,"sizes":[]},"typography_line_height":{"unit":"px","size":20,"sizes":[]},"_padding":{"unit":"px","top":"0","right":"16","bottom":"16","left":"16","isLinked":false},"_background_background":"classic","_background_color":"#F7F3EF","align_mobile":"left"},"elements":[],"isInner":false,"widgetType":"text-editor","elType":"widget"},{"id":"78af36d0","settings":{"text":"Divider","color":"#F3F3F3","gap":{"unit":"px","size":"","sizes":[]},"_margin":{"unit":"px","top":"40","right":"-20","bottom":"0","left":"0","isLinked":false},"hide_tablet":"hidden-tablet","hide_mobile":"hidden-mobile"},"elements":[],"isInner":false,"widgetType":"divider","elType":"widget"}],"isInner":false,"elType":"column"},{"id":"53a7f5fa","settings":{"_column_size":25,"_inline_size":null,"align":"center","align_mobile":"flex-start","padding":{"unit":"px","top":"0","right":"20","bottom":"0","left":"20","isLinked":false},"_inline_size_tablet":50,"margin_tablet":{"unit":"px","top":"0","right":"0","bottom":"20","left":"0","isLinked":false}},"elements":[{"id":"1fbc711","settings":{"selected_icon":{"value":"tb-icon tb-icon-truck","library":"tbay-custom"},"title_text":"Delivery","description_text":"","position":"left","icon_space":{"unit":"px","size":17,"sizes":[]},"icon_size":{"unit":"px","size":34,"sizes":[]},"content_vertical_alignment":"middle","title_color":"#121216","title_typography_typography":"custom","title_typography_font_size":{"unit":"px","size":18,"sizes":[]},"title_typography_line_height":{"unit":"px","size":24,"sizes":[]},"_padding":{"unit":"px","top":"18","right":"18","bottom":"18","left":"18","isLinked":true},"_background_background":"classic","_background_color":"#F7F3EF","__globals__":{"primary_color":"globals\/colors?id=primary"},"position_mobile":"left"},"elements":[],"isInner":false,"widgetType":"icon-box","elType":"widget"},{"id":"484f6a84","settings":{"editor":"<p>We deliver goods around the world<\/p>","typography_typography":"custom","typography_font_size":{"unit":"px","size":14,"sizes":[]},"typography_line_height":{"unit":"px","size":20,"sizes":[]},"_padding":{"unit":"px","top":"0","right":"16","bottom":"16","left":"16","isLinked":false},"_background_background":"classic","_background_color":"#F7F3EF","align_mobile":"left"},"elements":[],"isInner":false,"widgetType":"text-editor","elType":"widget"},{"id":"61541f50","settings":{"text":"Divider","color":"#F3F3F3","gap":{"unit":"px","size":"","sizes":[]},"_margin":{"unit":"px","top":"40","right":"-20","bottom":"0","left":"-20","isLinked":false},"hide_tablet":"hidden-tablet","hide_mobile":"hidden-mobile"},"elements":[],"isInner":false,"widgetType":"divider","elType":"widget"}],"isInner":false,"elType":"column"},{"id":"1c6e2454","settings":{"_column_size":25,"_inline_size":null,"padding":{"unit":"px","top":"0","right":"20","bottom":"0","left":"20","isLinked":false},"_inline_size_tablet":50},"elements":[{"id":"21491068","settings":{"selected_icon":{"value":"tb-icon tb-icon-bag-tick","library":"tbay-custom"},"title_text":"Quality","description_text":"","position":"left","icon_space":{"unit":"px","size":17,"sizes":[]},"icon_size":{"unit":"px","size":34,"sizes":[]},"content_vertical_alignment":"middle","title_color":"#121216","title_typography_typography":"custom","title_typography_font_size":{"unit":"px","size":18,"sizes":[]},"title_typography_line_height":{"unit":"px","size":24,"sizes":[]},"_padding":{"unit":"px","top":"18","right":"18","bottom":"18","left":"18","isLinked":true},"_background_background":"classic","_background_color":"#F7F3EF","__globals__":{"primary_color":"globals\/colors?id=primary"},"text_align_mobile":"left","position_mobile":"left"},"elements":[],"isInner":false,"widgetType":"icon-box","elType":"widget"},{"id":"5af30029","settings":{"editor":"<p>We deliver fabrics from Turkey, India, Italy<\/p>","typography_typography":"custom","typography_font_size":{"unit":"px","size":14,"sizes":[]},"typography_line_height":{"unit":"px","size":20,"sizes":[]},"_padding":{"unit":"px","top":"0","right":"16","bottom":"16","left":"16","isLinked":false},"_background_background":"classic","_background_color":"#F7F3EF","align_mobile":"left"},"elements":[],"isInner":false,"widgetType":"text-editor","elType":"widget"},{"id":"3d565d65","settings":{"text":"Divider","color":"#F3F3F3","gap":{"unit":"px","size":"","sizes":[]},"_margin":{"unit":"px","top":"40","right":"-20","bottom":"0","left":"-20","isLinked":false},"width_mobile":{"unit":"%","size":0,"sizes":[]},"_margin_mobile":{"unit":"px","top":"20","right":"0","bottom":"0","left":"0","isLinked":false}},"elements":[],"isInner":false,"widgetType":"divider","elType":"widget"}],"isInner":false,"elType":"column"},{"id":"26917a5f","settings":{"_column_size":25,"_inline_size":null,"padding":{"unit":"px","top":"0","right":"20","bottom":"0","left":"20","isLinked":false},"_inline_size_tablet":50},"elements":[{"id":"7eea5b1e","settings":{"selected_icon":{"value":"tb-icon tb-icon-shop","library":"tbay-custom"},"title_text":"Showroom","description_text":"","position":"left","icon_space":{"unit":"px","size":17,"sizes":[]},"icon_size":{"unit":"px","size":34,"sizes":[]},"content_vertical_alignment":"middle","title_color":"#121216","title_typography_typography":"custom","title_typography_font_size":{"unit":"px","size":18,"sizes":[]},"title_typography_line_height":{"unit":"px","size":24,"sizes":[]},"_padding":{"unit":"px","top":"18","right":"18","bottom":"18","left":"18","isLinked":true},"_background_background":"classic","_background_color":"#F7F3EF","__globals__":{"primary_color":"globals\/colors?id=primary"},"position_mobile":"left"},"elements":[],"isInner":false,"widgetType":"icon-box","elType":"widget"},{"id":"555f0774","settings":{"editor":"<p>You can see our \"here and now\" products<\/p>","typography_typography":"custom","typography_font_size":{"unit":"px","size":14,"sizes":[]},"typography_line_height":{"unit":"px","size":20,"sizes":[]},"_padding":{"unit":"px","top":"0","right":"16","bottom":"16","left":"16","isLinked":false},"_background_background":"classic","_background_color":"#F7F3EF","align_mobile":"left"},"elements":[],"isInner":false,"widgetType":"text-editor","elType":"widget"},{"id":"7cb21d","settings":{"text":"Divider","color":"#F3F3F3","gap":{"unit":"px","size":"","sizes":[]},"_margin":{"unit":"px","top":"40","right":"0","bottom":"0","left":"-20","isLinked":false}},"elements":[],"isInner":false,"widgetType":"divider","elType":"widget"}],"isInner":false,"elType":"column"}],"isInner":false,"elType":"section"},{"id":"3fb8f5ac","settings":{"structure":"40","padding_mobile":{"unit":"px","top":"0","right":"0","bottom":"30","left":"0","isLinked":false}},"elements":[{"id":"1255b52d","settings":{"_column_size":25,"_inline_size":null,"_inline_size_tablet":50,"margin_mobile":{"unit":"px","top":"0","right":"0","bottom":"0","left":"0","isLinked":false},"border_border":"solid","border_width":{"unit":"px","top":"0","right":"1","bottom":"0","left":"0","isLinked":false},"border_color":"#F3F3F3","padding":{"unit":"px","top":"39","right":"20","bottom":"39","left":"20","isLinked":false},"padding_mobile":{"unit":"px","top":"30","right":"20","bottom":"0","left":"20","isLinked":false}},"elements":[{"id":"6b81355a","settings":{"align":"left","heading_title":"Information","heading_title_typography_typography":"custom","heading_title_typography_font_size":{"unit":"px","size":17,"sizes":[]},"heading_title_typography_line_height":{"unit":"px","size":31,"sizes":[]},"heading_title_typography_line_height_tablet":{"unit":"px","size":"","sizes":[]},"heading_title_typography_line_height_mobile":{"unit":"px","size":"","sizes":[]},"_margin":{"unit":"px","top":"0","right":"0","bottom":"20","left":"0","isLinked":false},"_margin_mobile":{"unit":"px","top":"0","right":"0","bottom":"8","left":"0","isLinked":false},"heading_title_typography_font_family":"Lato"},"elements":[],"isInner":false,"widgetType":"tbay-heading","elType":"widget"},{"id":"17c8ee16","settings":{"menu_vertical_typography_typography":"custom","menu_vertical_typography_font_size":{"unit":"px","size":14,"sizes":[]},"menu_vertical_typography_line_height":{"unit":"px","size":22,"sizes":[]},"menu_vertical_typography_line_height_tablet":{"unit":"px","size":"","sizes":[]},"menu_vertical_typography_line_height_mobile":{"unit":"px","size":27,"sizes":[]},"menu_vertical_color":"#646464","menu_vertical_typography_font_size_mobile":{"unit":"px","size":15,"sizes":[]},"__globals__":{"menu_vertical_color_hover":"globals\/colors?id=primary"}},"elements":[],"isInner":false,"widgetType":"tbay-menu-vertical","elType":"widget"}],"isInner":false,"elType":"column"},{"id":"3a280c3","settings":{"_column_size":25,"_inline_size":null,"_inline_size_tablet":50,"margin_tablet":{"unit":"px","top":"0","right":"0","bottom":"0","left":"0","isLinked":false},"margin_mobile":{"unit":"px","top":"30","right":"0","bottom":"0","left":"0","isLinked":false},"border_border":"solid","border_width":{"unit":"px","top":"0","right":"1","bottom":"0","left":"0","isLinked":false},"border_color":"#F3F3F3","padding":{"unit":"px","top":"39","right":"20","bottom":"39","left":"20","isLinked":false},"padding_mobile":{"unit":"px","top":"0","right":"20","bottom":"0","left":"20","isLinked":false}},"elements":[{"id":"3df7f89b","settings":{"align":"left","heading_title":"Quick links","heading_title_typography_typography":"custom","heading_title_typography_font_size":{"unit":"px","size":17,"sizes":[]},"heading_title_typography_line_height":{"unit":"px","size":31,"sizes":[]},"heading_title_typography_line_height_tablet":{"unit":"px","size":"","sizes":[]},"heading_title_typography_line_height_mobile":{"unit":"px","size":"","sizes":[]},"_margin":{"unit":"px","top":"0","right":"0","bottom":"20","left":"0","isLinked":false},"_margin_mobile":{"unit":"px","top":"0","right":"0","bottom":"8","left":"0","isLinked":false},"heading_title_typography_font_family":"Lato"},"elements":[],"isInner":false,"widgetType":"tbay-heading","elType":"widget"},{"id":"3677cbd9","settings":{"menu_vertical_typography_typography":"custom","menu_vertical_typography_font_size":{"unit":"px","size":14,"sizes":[]},"menu_vertical_typography_line_height":{"unit":"px","size":22,"sizes":[]},"menu_vertical_typography_line_height_tablet":{"unit":"px","size":"","sizes":[]},"menu_vertical_typography_line_height_mobile":{"unit":"px","size":27,"sizes":[]},"menu_vertical_color":"#646464","menu_vertical_typography_font_size_mobile":{"unit":"px","size":15,"sizes":[]},"__globals__":{"menu_vertical_color_hover":"globals\/colors?id=primary"}},"elements":[],"isInner":false,"widgetType":"tbay-menu-vertical","elType":"widget"}],"isInner":false,"elType":"column"},{"id":"6b9aea3b","settings":{"_column_size":25,"_inline_size":null,"_inline_size_tablet":50,"margin_tablet":{"unit":"px","top":"0","right":"0","bottom":"0","left":"0","isLinked":false},"margin_mobile":{"unit":"px","top":"30","right":"0","bottom":"0","left":"0","isLinked":false},"border_border":"solid","border_width":{"unit":"px","top":"0","right":"1","bottom":"0","left":"0","isLinked":false},"border_color":"#F3F3F3","padding":{"unit":"px","top":"39","right":"20","bottom":"0","left":"20","isLinked":false},"padding_mobile":{"unit":"px","top":"0","right":"20","bottom":"0","left":"20","isLinked":false}},"elements":[{"id":"4ffa8872","settings":{"align":"left","heading_title":"Contact us","heading_title_typography_typography":"custom","heading_title_typography_font_size":{"unit":"px","size":17,"sizes":[]},"heading_title_typography_line_height":{"unit":"px","size":31,"sizes":[]},"heading_title_typography_line_height_tablet":{"unit":"px","size":"","sizes":[]},"heading_title_typography_line_height_mobile":{"unit":"px","size":"","sizes":[]},"_margin":{"unit":"px","top":"0","right":"0","bottom":"21","left":"0","isLinked":false},"_margin_mobile":{"unit":"px","top":"0","right":"0","bottom":"8","left":"0","isLinked":false},"heading_title_typography_font_family":"Lato"},"elements":[],"isInner":false,"widgetType":"tbay-heading","elType":"widget"},{"id":"6c94461c","settings":{"editor":"<p>Find a location nearest<br \/>you. <span style=\"color: #121216; text-decoration: underline;\">See Our Stores<\/span><\/p>","typography_typography":"custom","typography_line_height":{"unit":"px","size":20,"sizes":[]},"typography_line_height_mobile":{"unit":"px","size":27,"sizes":[]},"_margin":{"unit":"px","top":"0","right":"85","bottom":"16","left":"0","isLinked":false},"_margin_mobile":{"unit":"px","top":"0","right":"0","bottom":"10","left":"0","isLinked":false},"typography_font_size":{"unit":"px","size":14,"sizes":[]},"_margin_tablet":{"unit":"px","top":"0","right":"0","bottom":"16","left":"0","isLinked":false}},"elements":[],"isInner":false,"widgetType":"text-editor","elType":"widget"},{"id":"3309bd0c","settings":{"editor":"<p>+994 (0)767 767 767<br \/>hello@domain.com<\/p>","typography_typography":"custom","typography_line_height":{"unit":"px","size":30,"sizes":[]},"typography_line_height_mobile":{"unit":"px","size":27,"sizes":[]},"_margin":{"unit":"px","top":"0","right":"85","bottom":"16","left":"0","isLinked":false},"_margin_mobile":{"unit":"px","top":"0","right":"0","bottom":"10","left":"0","isLinked":false},"typography_font_size":{"unit":"px","size":14,"sizes":[]},"_margin_tablet":{"unit":"px","top":"0","right":"0","bottom":"16","left":"0","isLinked":false}},"elements":[],"isInner":false,"widgetType":"text-editor","elType":"widget"}],"isInner":false,"elType":"column"},{"id":"18f1654b","settings":{"_column_size":25,"_inline_size":null,"_inline_size_tablet":50,"padding":{"unit":"px","top":"39","right":"20","bottom":"0","left":"20","isLinked":false},"padding_mobile":{"unit":"px","top":"30","right":"20","bottom":"0","left":"20","isLinked":false}},"elements":[{"id":"1cfee8a","settings":{"align":"left","heading_title":"Our Company","heading_title_typography_typography":"custom","heading_title_typography_font_size":{"unit":"px","size":17,"sizes":[]},"heading_title_typography_line_height":{"unit":"px","size":31,"sizes":[]},"heading_title_typography_line_height_tablet":{"unit":"px","size":"","sizes":[]},"heading_title_typography_line_height_mobile":{"unit":"px","size":"","sizes":[]},"_margin":{"unit":"px","top":"0","right":"0","bottom":"24","left":"0","isLinked":false},"_margin_mobile":{"unit":"px","top":"0","right":"0","bottom":"8","left":"0","isLinked":false},"heading_title_typography_font_family":"Lato"},"elements":[],"isInner":false,"widgetType":"tbay-heading","elType":"widget"},{"id":"3fa405ea","settings":{"editor":"<strong style=\"color: #121216;\">Address:<\/strong> <span style=\"color: #646464;\">102 Princes Street, Toronto, Venice, Ca 124<\/span>","typography_typography":"custom","typography_line_height":{"unit":"px","size":27,"sizes":[]},"typography_line_height_mobile":{"unit":"px","size":27,"sizes":[]},"_margin":{"unit":"px","top":"0","right":"85","bottom":"16","left":"0","isLinked":false},"_margin_mobile":{"unit":"px","top":"0","right":"0","bottom":"10","left":"0","isLinked":false},"typography_font_size":{"unit":"px","size":15,"sizes":[]},"_margin_tablet":{"unit":"px","top":"0","right":"0","bottom":"16","left":"0","isLinked":false}},"elements":[],"isInner":false,"widgetType":"text-editor","elType":"widget"},{"id":"18c34ea0","settings":{"editor":"<strong style=\"color: #121216;\">Hours:<\/strong> <span style=\"color: #646464;\">9.30am - 6.30pm Monday to Friday<\/span>","typography_line_height":{"unit":"px","size":27,"sizes":[]},"_margin":{"unit":"px","top":"0","right":"0","bottom":"17","left":"0","isLinked":false},"_margin_mobile":{"unit":"px","top":"0","right":"0","bottom":"10","left":"0","isLinked":false},"typography_typography":"custom","typography_font_size":{"unit":"px","size":15,"sizes":[]}},"elements":[],"isInner":false,"widgetType":"text-editor","elType":"widget"}],"isInner":false,"elType":"column"}],"isInner":false,"elType":"section"},{"id":"27b558f8","settings":{"background_background":"classic","padding":{"unit":"px","top":"22","right":"0","bottom":"22","left":"0","isLinked":false},"structure":"20","reverse_order_mobile":"reverse-mobile","border_border":"solid","border_width":{"unit":"px","top":"1","right":"0","bottom":"0","left":"0","isLinked":false},"border_color":"#F3F3F3","padding_mobile":{"unit":"px","top":"22","right":"20","bottom":"22","left":"20","isLinked":false}},"elements":[{"id":"252379f3","settings":{"_column_size":50,"_inline_size":null,"content_position":"center","align":"flex-start","margin_mobile":{"unit":"px","top":"30","right":"0","bottom":"0","left":"0","isLinked":false}},"elements":[{"id":"601417ce","settings":{"editor":"Copyright 2022 \u00a9 <a style=\"color: #2f4799;\" href=\"https:\/\/el4.thembaydev.com\/fana\/\">Fana<\/a> WordPress Theme. All rights reserved.","typography_typography":"custom","typography_font_size":{"unit":"px","size":14,"sizes":[]},"typography_line_height":{"unit":"px","size":20,"sizes":[]}},"elements":[],"isInner":false,"widgetType":"text-editor","elType":"widget"}],"isInner":false,"elType":"column"},{"id":"226dc26a","settings":{"_column_size":50,"_inline_size":null,"content_position":"center","align":"flex-end","align_mobile":"flex-start"},"elements":[{"id":"7d18ec6f","settings":{"image":{"url":"https:\/\/el4.thembaydev.com\/fana\/wp-content\/uploads\/2022\/08\/payment.png","id":3862,"alt":"","source":"library"},"image_size":"full","align":"right"},"elements":[],"isInner":false,"widgetType":"image","elType":"widget"}],"isInner":false,"elType":"column"}],"isInner":false,"elType":"section"}],"page_settings":[],"version":"0.4","title":"Footer","type":"page"}