{"content":[{"id":"6091188c","settings":{"structure":"40","padding_mobile":{"unit":"px","top":"0","right":"0","bottom":"30","left":"0","isLinked":false},"background_background":"classic","background_color":"#F8F8F8","background_overlay_background":"classic","background_overlay_opacity":{"unit":"px","size":1,"sizes":[]},"border_border":"solid","border_width":{"unit":"px","top":"1","right":"0","bottom":"0","left":"0","isLinked":false},"border_color":"#EEEEEEEE"},"elements":[{"id":"10b8a29e","settings":{"_column_size":25,"_inline_size":null,"_inline_size_tablet":50,"margin_mobile":{"unit":"px","top":"0","right":"0","bottom":"0","left":"0","isLinked":false},"border_color":"#F3F3F3","padding":{"unit":"px","top":"39","right":"20","bottom":"39","left":"20","isLinked":false},"padding_mobile":{"unit":"px","top":"30","right":"15","bottom":"0","left":"15","isLinked":false}},"elements":[{"id":"ce914ba","settings":{"heading_title":"Information","heading_title_typography_typography":"custom","heading_title_typography_font_size":{"unit":"px","size":20,"sizes":[]},"heading_title_typography_line_height":{"unit":"px","size":26,"sizes":[]},"heading_title_typography_line_height_tablet":{"unit":"px","size":"","sizes":[]},"heading_title_typography_line_height_mobile":{"unit":"px","size":"","sizes":[]},"_margin":{"unit":"px","top":"0","right":"0","bottom":"23","left":"0","isLinked":false},"_margin_mobile":{"unit":"px","top":"0","right":"0","bottom":"8","left":"0","isLinked":false},"heading_title_typography_font_family":"SFU DIN","heading_title_typography_text_transform":"uppercase"},"elements":[],"isInner":false,"widgetType":"tbay-heading","elType":"widget"},{"id":"4914cf2c","settings":{"menu_vertical_typography_typography":"custom","menu_vertical_typography_font_size":{"unit":"px","size":16,"sizes":[]},"menu_vertical_typography_line_height":{"unit":"px","size":30,"sizes":[]},"menu_vertical_typography_line_height_tablet":{"unit":"px","size":"","sizes":[]},"menu_vertical_typography_line_height_mobile":{"unit":"px","size":27,"sizes":[]},"menu_vertical_color":"#888888","menu_vertical_typography_font_size_mobile":{"unit":"px","size":15,"sizes":[]},"__globals__":{"menu_vertical_color_hover":""},"align":"","menu_vertical_align":"center","menu_vertical_color_hover":"#121216"},"elements":[],"isInner":false,"widgetType":"tbay-menu-vertical","elType":"widget"}],"isInner":false,"elType":"column"},{"id":"5ec46419","settings":{"_column_size":25,"_inline_size":null,"_inline_size_tablet":50,"margin_tablet":{"unit":"px","top":"0","right":"0","bottom":"0","left":"0","isLinked":false},"margin_mobile":{"unit":"px","top":"30","right":"0","bottom":"0","left":"0","isLinked":false},"border_color":"#F3F3F3","padding":{"unit":"px","top":"39","right":"20","bottom":"39","left":"20","isLinked":false},"padding_mobile":{"unit":"px","top":"0","right":"15","bottom":"0","left":"15","isLinked":false}},"elements":[{"id":"757ee4b0","settings":{"heading_title":"Quick links","heading_title_typography_typography":"custom","heading_title_typography_font_size":{"unit":"px","size":20,"sizes":[]},"heading_title_typography_line_height":{"unit":"px","size":26,"sizes":[]},"heading_title_typography_line_height_tablet":{"unit":"px","size":"","sizes":[]},"heading_title_typography_line_height_mobile":{"unit":"px","size":"","sizes":[]},"_margin":{"unit":"px","top":"0","right":"0","bottom":"23","left":"0","isLinked":false},"_margin_mobile":{"unit":"px","top":"0","right":"0","bottom":"8","left":"0","isLinked":false},"heading_title_typography_font_family":"SFU DIN","heading_title_typography_text_transform":"uppercase"},"elements":[],"isInner":false,"widgetType":"tbay-heading","elType":"widget"},{"id":"4dcf51f1","settings":{"menu_vertical_typography_typography":"custom","menu_vertical_typography_font_size":{"unit":"px","size":16,"sizes":[]},"menu_vertical_typography_line_height":{"unit":"px","size":30,"sizes":[]},"menu_vertical_typography_line_height_tablet":{"unit":"px","size":"","sizes":[]},"menu_vertical_typography_line_height_mobile":{"unit":"px","size":27,"sizes":[]},"menu_vertical_color":"#888888","menu_vertical_typography_font_size_mobile":{"unit":"px","size":15,"sizes":[]},"__globals__":{"menu_vertical_color_hover":""},"align":"","menu_vertical_align":"center","menu_vertical_color_hover":"#121216"},"elements":[],"isInner":false,"widgetType":"tbay-menu-vertical","elType":"widget"}],"isInner":false,"elType":"column"},{"id":"892137b","settings":{"_column_size":25,"_inline_size":null,"_inline_size_tablet":50,"margin_tablet":{"unit":"px","top":"0","right":"0","bottom":"0","left":"0","isLinked":false},"margin_mobile":{"unit":"px","top":"30","right":"0","bottom":"0","left":"0","isLinked":false},"border_color":"#F3F3F3","padding":{"unit":"px","top":"39","right":"20","bottom":"0","left":"20","isLinked":false},"padding_mobile":{"unit":"px","top":"0","right":"15","bottom":"0","left":"15","isLinked":false}},"elements":[{"id":"1d7a6b33","settings":{"heading_title":"Contact us","heading_title_typography_typography":"custom","heading_title_typography_font_size":{"unit":"px","size":20,"sizes":[]},"heading_title_typography_line_height":{"unit":"px","size":26,"sizes":[]},"heading_title_typography_line_height_tablet":{"unit":"px","size":"","sizes":[]},"heading_title_typography_line_height_mobile":{"unit":"px","size":"","sizes":[]},"_margin":{"unit":"px","top":"0","right":"0","bottom":"22","left":"0","isLinked":false},"_margin_mobile":{"unit":"px","top":"0","right":"0","bottom":"8","left":"0","isLinked":false},"heading_title_typography_font_family":"SFU DIN","heading_title_typography_text_transform":"uppercase"},"elements":[],"isInner":false,"widgetType":"tbay-heading","elType":"widget"},{"id":"4b369efe","settings":{"editor":"Find a location nearest you\n\n<a class=\"theme-hover\" style=\"color: #121216; text-decoration: underline;text-underline-position: under;\" href=\"https:\/\/el4.thembaydev.com\/fana_sport\/shop\/\">See Our Stores<\/a>","typography_typography":"custom","typography_line_height":{"unit":"px","size":32,"sizes":[]},"typography_line_height_mobile":{"unit":"px","size":27,"sizes":[]},"_margin":{"unit":"px","top":"0","right":"0","bottom":"16","left":"0","isLinked":false},"_margin_mobile":{"unit":"px","top":"0","right":"0","bottom":"10","left":"0","isLinked":false},"typography_font_size":{"unit":"px","size":16,"sizes":[]},"_margin_tablet":{"unit":"px","top":"0","right":"0","bottom":"16","left":"0","isLinked":false},"align":"center"},"elements":[],"isInner":false,"widgetType":"text-editor","elType":"widget"},{"id":"405acc5f","settings":{"editor":"<p>+994 (0)767 767 767<br \/>hello@domain.com<\/p>","typography_typography":"custom","typography_line_height":{"unit":"px","size":32,"sizes":[]},"typography_line_height_mobile":{"unit":"px","size":27,"sizes":[]},"_margin":{"unit":"px","top":"0","right":"0","bottom":"17","left":"0","isLinked":false},"_margin_mobile":{"unit":"px","top":"0","right":"0","bottom":"10","left":"0","isLinked":false},"typography_font_size":{"unit":"px","size":16,"sizes":[]},"_margin_tablet":{"unit":"px","top":"0","right":"0","bottom":"16","left":"0","isLinked":false},"align":"center"},"elements":[],"isInner":false,"widgetType":"text-editor","elType":"widget"}],"isInner":false,"elType":"column"},{"id":"79b5f609","settings":{"_column_size":25,"_inline_size":null,"_inline_size_tablet":50,"padding":{"unit":"px","top":"39","right":"20","bottom":"0","left":"20","isLinked":false},"padding_mobile":{"unit":"px","top":"30","right":"15","bottom":"0","left":"15","isLinked":false}},"elements":[{"id":"171b8f62","settings":{"heading_title":"Our Company","heading_title_typography_typography":"custom","heading_title_typography_font_size":{"unit":"px","size":20,"sizes":[]},"heading_title_typography_line_height":{"unit":"px","size":26,"sizes":[]},"heading_title_typography_line_height_tablet":{"unit":"px","size":"","sizes":[]},"heading_title_typography_line_height_mobile":{"unit":"px","size":"","sizes":[]},"_margin":{"unit":"px","top":"0","right":"0","bottom":"22","left":"0","isLinked":false},"_margin_mobile":{"unit":"px","top":"0","right":"0","bottom":"8","left":"0","isLinked":false},"heading_title_typography_font_family":"SFU DIN","heading_title_typography_text_transform":"uppercase"},"elements":[],"isInner":false,"widgetType":"tbay-heading","elType":"widget"},{"id":"48c2db36","settings":{"editor":"<strong style=\"color: #121216; font-weight: 600;\">Address:<\/strong> <span style=\"color: #646464;\">102 Princes Street, Toronto, Venice, Ca 124<\/span>","typography_typography":"custom","typography_line_height":{"unit":"px","size":32,"sizes":[]},"typography_line_height_mobile":{"unit":"px","size":27,"sizes":[]},"_margin":{"unit":"px","top":"0","right":"0","bottom":"16","left":"0","isLinked":false},"_margin_mobile":{"unit":"px","top":"0","right":"0","bottom":"10","left":"0","isLinked":false},"typography_font_size":{"unit":"px","size":16,"sizes":[]},"_margin_tablet":{"unit":"px","top":"0","right":"0","bottom":"16","left":"0","isLinked":false},"align":"center"},"elements":[],"isInner":false,"widgetType":"text-editor","elType":"widget"},{"id":"17a1f80a","settings":{"editor":"<strong style=\"color: #121216; font-weight: 600;\">Hours:<\/strong> <span style=\"color: #646464;\">9.30am - 6.30pm Monday to Friday<\/span>","typography_line_height":{"unit":"px","size":32,"sizes":[]},"_margin":{"unit":"px","top":"0","right":"0","bottom":"17","left":"0","isLinked":false},"_margin_mobile":{"unit":"px","top":"0","right":"0","bottom":"10","left":"0","isLinked":false},"typography_typography":"custom","typography_font_size":{"unit":"px","size":16,"sizes":[]},"align":"center"},"elements":[],"isInner":false,"widgetType":"text-editor","elType":"widget"}],"isInner":false,"elType":"column"}],"isInner":false,"elType":"section"},{"id":"9bbf419","settings":{"stretch_section":"section-stretched","background_background":"classic","background_color":"#F8F8F8","padding":{"unit":"px","top":"24","right":"0","bottom":"24","left":"0","isLinked":false}},"elements":[{"id":"14449cc1","settings":{"_column_size":100,"_inline_size":null},"elements":[{"id":"5f9aa59a","settings":{"editor":"Copyright 2022 \u00a9 <a class=\"theme-hover\" style=\"color: #121216;\" href=\"https:\/\/el4.thembaydev.com\/fana_sport\/shop\/\">Fana<\/a> WordPress Theme. All rights reserved.","typography_typography":"custom","typography_font_size":{"unit":"px","size":14,"sizes":[]},"typography_line_height":{"unit":"px","size":20,"sizes":[]},"align":"center","_margin":{"unit":"px","top":"0","right":"0","bottom":"24","left":"0","isLinked":false},"text_color":"#888888"},"elements":[],"isInner":false,"widgetType":"text-editor","elType":"widget"},{"id":"213b04b7","settings":{"image":{"id":5508,"url":"https:\/\/el4.thembaydev.com\/fana_sport\/wp-content\/uploads\/2022\/11\/payment.png"},"image_size":"full","align":"center"},"elements":[],"isInner":false,"widgetType":"image","elType":"widget"}],"isInner":false,"elType":"column"}],"isInner":false,"elType":"section"}],"page_settings":[],"version":"0.4","title":"footer","type":"page"}