{"content":[{"id":"52694ec1","settings":[],"elements":[{"id":"17efebb5","settings":{"_column_size":100,"_inline_size":null},"elements":[{"id":"349bbd6c","settings":{"title":"Delivery","typography_typography":"custom","typography_font_family":"Ivy Mode","typography_font_size":{"unit":"px","size":26,"sizes":[]},"typography_line_height":{"unit":"px","size":30,"sizes":[]},"_margin":{"unit":"px","top":"0","right":"0","bottom":"20","left":"0","isLinked":false}},"elements":[],"isInner":false,"widgetType":"heading","elType":"widget"},{"id":"784122f8","settings":{"editor":"<p>We ship to all 50 states, Washington DC.<br \/>All orders are shipped with a UPS tracking number.<br \/>Always free shipping for orders over US $200.<br \/>During sale periods and promotions the delivery time may be longer than normal.<\/p>"},"elements":[],"isInner":false,"widgetType":"text-editor","elType":"widget"}],"isInner":false,"elType":"column"}],"isInner":false,"elType":"section"},{"id":"2a690039","settings":{"margin":{"unit":"px","top":"30","right":0,"bottom":"0","left":0,"isLinked":false}},"elements":[{"id":"1e729ba2","settings":{"_column_size":100,"_inline_size":null},"elements":[{"id":"2dc98a24","settings":{"title":"Return","typography_typography":"custom","typography_font_family":"Ivy Mode","typography_font_size":{"unit":"px","size":26,"sizes":[]},"typography_line_height":{"unit":"px","size":30,"sizes":[]},"_margin":{"unit":"px","top":"0","right":"0","bottom":"20","left":"0","isLinked":false}},"elements":[],"isInner":false,"widgetType":"heading","elType":"widget"},{"id":"2002dd7e","settings":{"editor":"<p>Fana will accept exchanges and returns of unworn and unwashed garments within 30 days of the date of purchase (14 days during the sales period), on presentation of the original till receipt at any store where the corresponding collection is available within the country of purchase.<\/p><p>Your return will usually be processed within a week to a week and a half. We\u2019ll send you a Return Notification email to notify you once the return has been completed.<br \/>Please allow 1-3 business days for refunds to be received to the original form of payment once the return has been processed.<\/p>"},"elements":[],"isInner":false,"widgetType":"text-editor","elType":"widget"}],"isInner":false,"elType":"column"}],"isInner":false,"elType":"section"},{"id":"132d7ac0","settings":{"margin":{"unit":"px","top":"30","right":0,"bottom":"0","left":0,"isLinked":false}},"elements":[{"id":"60748c6f","settings":{"_column_size":100,"_inline_size":null},"elements":[{"id":"279860e5","settings":{"title":"Help","typography_typography":"custom","typography_font_family":"Ivy Mode","typography_font_size":{"unit":"px","size":26,"sizes":[]},"typography_line_height":{"unit":"px","size":30,"sizes":[]},"_margin":{"unit":"px","top":"0","right":"0","bottom":"20","left":"0","isLinked":false}},"elements":[],"isInner":false,"widgetType":"heading","elType":"widget"},{"id":"738f2ea9","settings":{"editor":"<ul>\n \t<li>Give us a shout if you have any other questions and\/or concerns.<\/li>\n \t<li>Email: <a href=\"mailto:contact@mydomain.com\">contact@mydomain.com<\/a><\/li>\n \t<li>Phone: +1 (23) 456 789<\/li>\n<\/ul>"},"elements":[],"isInner":false,"widgetType":"text-editor","elType":"widget"}],"isInner":false,"elType":"column"}],"isInner":false,"elType":"section"}],"page_settings":[],"version":"0.4","title":"delivery","type":"page"}