{"content":[{"id":"2f35d1bc","settings":{"gap":"no","border_border":"solid","border_width":{"unit":"px","top":"1","right":"1","bottom":"1","left":"1","isLinked":true},"border_radius":{"unit":"px","top":"5","right":"5","bottom":"5","left":"5","isLinked":true},"margin":{"unit":"px","top":"36","right":0,"bottom":"0","left":0,"isLinked":false},"__globals__":{"border_color":"globals\/colors?id=primary"}},"elements":[{"id":"113820b4","settings":{"_column_size":100,"_inline_size":null},"elements":[{"id":"24a7609e","settings":{"text":"Guaranteed Safe Checkout","link":{"url":"","is_external":"","nofollow":"","custom_attributes":""},"align":"center","typography_typography":"custom","typography_font_size":{"unit":"px","size":14,"sizes":[]},"typography_line_height":{"unit":"px","size":21,"sizes":[]},"border_radius":{"unit":"px","top":"3","right":"3","bottom":"3","left":"3","isLinked":true},"text_padding":{"unit":"px","top":"3","right":"8","bottom":"3","left":"8","isLinked":false},"_margin":{"unit":"px","top":"-16","right":"0","bottom":"0","left":"0","isLinked":false},"typography_font_weight":"400","__globals__":{"background_color":"globals\/colors?id=primary"},"typography_font_family":"Inter"},"elements":[],"isInner":false,"widgetType":"button","elType":"widget"},{"id":"4ce9585f","settings":{"image":{"id":3072,"url":"https:\/\/el4.thembaydev.com\/fana\/wp-content\/uploads\/2022\/03\/safe-checkout.png","alt":"","source":"library"},"image_size":"full","align":"center","_margin":{"unit":"px","top":"18","right":"0","bottom":"23","left":"0","isLinked":false},"_padding_mobile":{"unit":"px","top":"0","right":"15","bottom":"0","left":"15","isLinked":false}},"elements":[],"isInner":false,"widgetType":"image","elType":"widget"},{"id":"ac63bf3","settings":{"gap":"no","structure":"30","background_background":"classic","padding":{"unit":"px","top":"6","right":"15","bottom":"7","left":"15","isLinked":false},"padding_tablet":{"unit":"px","top":"16","right":"0","bottom":"16","left":"0","isLinked":false},"__globals__":{"background_color":"globals\/colors?id=primary"}},"elements":[{"id":"5cb83b","settings":{"_column_size":33,"_inline_size":null,"padding":{"unit":"px","top":"0","right":"5","bottom":"0","left":"5","isLinked":false},"padding_tablet":{"unit":"px","top":"0","right":"15","bottom":"0","left":"15","isLinked":false},"padding_mobile":{"unit":"px","top":"15","right":"15","bottom":"15","left":"15","isLinked":false}},"elements":[{"id":"291de89e","settings":{"selected_icon":{"value":"","library":""},"title_text":"Free","description_text":"Worldwide <\/br>Shopping","title_color":"#FFFFFF","title_typography_typography":"custom","title_typography_font_size":{"unit":"px","size":14,"sizes":[]},"title_typography_font_weight":"700","title_typography_line_height":{"unit":"px","size":28,"sizes":[]},"description_color":"#FFFFFF","description_typography_typography":"custom","description_typography_font_size":{"unit":"px","size":12,"sizes":[]},"description_typography_line_height":{"unit":"px","size":20,"sizes":[]},"title_bottom_space":{"unit":"px","size":7,"sizes":[]},"title_bottom_space_mobile":{"unit":"px","size":0,"sizes":[]},"title_typography_font_size_mobile":{"unit":"px","size":16,"sizes":[]},"title_typography_line_height_mobile":{"unit":"px","size":32,"sizes":[]},"title_typography_font_family":"Inter","description_typography_font_family":"Inter"},"elements":[],"isInner":false,"widgetType":"icon-box","elType":"widget"}],"isInner":true,"elType":"column"},{"id":"61ef0e66","settings":{"_column_size":33,"_inline_size":null,"margin_mobile":{"unit":"px","top":"0","right":"0","bottom":"15","left":"0","isLinked":false},"padding":{"unit":"px","top":"0","right":"5","bottom":"0","left":"5","isLinked":false},"padding_tablet":{"unit":"px","top":"0","right":"15","bottom":"0","left":"15","isLinked":false}},"elements":[{"id":"d8637cb","settings":{"selected_icon":{"value":"","library":""},"title_text":"100%","description_text":"Guaranteed <\/br>Satisfaction\n","title_color":"#FFFFFF","title_typography_typography":"custom","title_typography_font_size":{"unit":"px","size":14,"sizes":[]},"title_typography_font_weight":"700","title_typography_line_height":{"unit":"px","size":28,"sizes":[]},"description_color":"#FFFFFF","description_typography_typography":"custom","description_typography_font_size":{"unit":"px","size":12,"sizes":[]},"description_typography_line_height":{"unit":"px","size":20,"sizes":[]},"title_bottom_space":{"unit":"px","size":7,"sizes":[]},"title_bottom_space_mobile":{"unit":"px","size":0,"sizes":[]},"title_typography_font_size_mobile":{"unit":"px","size":16,"sizes":[]},"title_typography_line_height_mobile":{"unit":"px","size":32,"sizes":[]},"title_typography_font_family":"Inter","description_typography_font_family":"Inter"},"elements":[],"isInner":false,"widgetType":"icon-box","elType":"widget"}],"isInner":true,"elType":"column"},{"id":"16a002c3","settings":{"_column_size":33,"_inline_size":null,"padding":{"unit":"px","top":"0","right":"5","bottom":"0","left":"5","isLinked":false},"padding_tablet":{"unit":"px","top":"0","right":"15","bottom":"0","left":"15","isLinked":false},"padding_mobile":{"unit":"px","top":"0","right":"15","bottom":"15","left":"15","isLinked":false}},"elements":[{"id":"3dc250c4","settings":{"selected_icon":{"value":"","library":""},"title_text":"30","description_text":"Day Guaranteed <\/br>Money Back","title_color":"#FFFFFF","title_typography_typography":"custom","title_typography_font_size":{"unit":"px","size":14,"sizes":[]},"title_typography_font_weight":"700","title_typography_line_height":{"unit":"px","size":28,"sizes":[]},"description_color":"#FFFFFF","description_typography_typography":"custom","description_typography_font_size":{"unit":"px","size":12,"sizes":[]},"description_typography_line_height":{"unit":"px","size":20,"sizes":[]},"title_bottom_space":{"unit":"px","size":7,"sizes":[]},"title_bottom_space_mobile":{"unit":"px","size":0,"sizes":[]},"title_typography_font_size_mobile":{"unit":"px","size":16,"sizes":[]},"title_typography_line_height_mobile":{"unit":"px","size":32,"sizes":[]},"title_typography_font_family":"Inter","description_typography_font_family":"Inter"},"elements":[],"isInner":false,"widgetType":"icon-box","elType":"widget"}],"isInner":true,"elType":"column"}],"isInner":true,"elType":"section"}],"isInner":false,"elType":"column"}],"isInner":false,"elType":"section"}],"page_settings":[],"version":"0.4","title":"safe","type":"page"}