{"content":[{"id":"fb87ab2","settings":{"stretch_section":"section-stretched","margin":{"unit":"px","top":"34","right":0,"bottom":"35","left":0,"isLinked":false}},"elements":[{"id":"1aaf0a84","settings":{"_column_size":100,"_inline_size":null},"elements":[{"id":"85102cf","settings":{"title":"Recently viewed products","header_size":"h3","align":"center","typography_typography":"custom","typography_font_family":"Ivy Mode","typography_font_size":{"unit":"px","size":22,"sizes":[]},"typography_line_height":{"unit":"px","size":30,"sizes":[]},"_margin":{"unit":"px","top":"0","right":"0","bottom":"40","left":"0","isLinked":false},"_padding":{"unit":"px","top":"0","right":"0","bottom":"7","left":"0","isLinked":false},"_border_border":"solid","_border_width":{"unit":"px","top":"0","right":"0","bottom":"1","left":"0","isLinked":false},"_border_color":"#DDDDDD"},"elements":[],"isInner":false,"widgetType":"heading","elType":"widget"},{"id":"354f1cd8","settings":{"empty":"You have no recently viewed item.","layout_type":"carousel","readmore_text":"Read More","readmore_page":"1137","column":"5","column_tablet":"3","col_desktop":"5","col_desktopsmall":"4","col_landscape":"3"},"elements":[],"isInner":false,"widgetType":"tbay-product-recently-viewed-main","elType":"widget"}],"isInner":false,"elType":"column"}],"isInner":false,"elType":"section"}],"page_settings":[],"version":"0.4","title":"single","type":"page"}