{"content":[{"id":"42b4e398","settings":{"margin":{"unit":"px","top":"0","right":0,"bottom":"40","left":0,"isLinked":false}},"elements":[{"id":"21744543","settings":{"_column_size":100,"_inline_size":null},"elements":[{"id":"5b99f167","settings":{"content_position":"middle","structure":"20","background_overlay_background":"classic","background_overlay_color":"#FAFAFA","background_overlay_opacity":{"unit":"px","size":1,"sizes":[]},"border_border":"solid","border_width":{"unit":"px","top":"1","right":"1","bottom":"1","left":"1","isLinked":true},"border_color":"#EEEEEE","padding":{"unit":"px","top":"7","right":"0","bottom":"7","left":"11","isLinked":false},"padding_tablet":{"unit":"px","top":"0","right":"0","bottom":"0","left":"0","isLinked":true},"padding_mobile":{"unit":"px","top":"0","right":"0","bottom":"15","left":"0","isLinked":false}},"elements":[{"id":"7ced3780","settings":{"_column_size":50,"_inline_size":16,"_inline_size_tablet":20,"padding_mobile":{"unit":"px","top":"15","right":"15","bottom":"15","left":"15","isLinked":true},"_inline_size_mobile":100},"elements":[{"id":"362c3658","settings":{"title":"Listed by top brands","typography_typography":"custom","typography_font_size":{"unit":"px","size":16,"sizes":[]},"typography_font_weight":"600","typography_line_height":{"unit":"px","size":24,"sizes":[]}},"elements":[],"isInner":false,"widgetType":"heading","elType":"widget"}],"isInner":true,"elType":"column"},{"id":"3e593645","settings":{"_column_size":50,"_inline_size":84,"_inline_size_tablet":80,"_inline_size_mobile":100},"elements":[{"id":"279170bc","settings":{"layout_type":"carousel","brands":[{"_id":"c8813b0","brand_image":{"url":"https:\/\/el4.thembaydev.com\/fana\/wp-content\/uploads\/2022\/09\/brand-01.png","id":4341,"alt":"","source":"library"},"brand_link":{"url":"#","is_external":"","nofollow":"","custom_attributes":""}},{"brand_image":{"url":"https:\/\/el4.thembaydev.com\/fana\/wp-content\/uploads\/2022\/09\/brand-02.png","id":4342,"alt":"","source":"library"},"brand_link":{"url":"#","is_external":"","nofollow":"","custom_attributes":""},"_id":"c68b30c"},{"brand_image":{"url":"https:\/\/el4.thembaydev.com\/fana\/wp-content\/uploads\/2022\/09\/brand-03.png","id":4343,"alt":"","source":"library"},"brand_link":{"url":"#","is_external":"","nofollow":"","custom_attributes":""},"_id":"ed6bb8f"},{"brand_image":{"url":"https:\/\/el4.thembaydev.com\/fana\/wp-content\/uploads\/2022\/09\/brand-04.png","id":4344,"alt":"","source":"library"},"brand_link":{"url":"#","is_external":"","nofollow":"","custom_attributes":""},"_id":"f9c15b1"},{"brand_image":{"url":"https:\/\/el4.thembaydev.com\/fana\/wp-content\/uploads\/2022\/09\/brand-05.png","id":4345,"alt":"","source":"library"},"brand_link":{"url":"#","is_external":"","nofollow":"","custom_attributes":""},"_id":"acf559b"}],"column":"5","column_tablet":"4","col_desktop":"5","col_desktopsmall":"3","col_landscape":"3","navigation":"","disable_mobile":""},"elements":[],"isInner":false,"widgetType":"tbay-brands","elType":"widget"}],"isInner":true,"elType":"column"}],"isInner":true,"elType":"section"}],"isInner":false,"elType":"column"}],"isInner":false,"elType":"section"}],"page_settings":[],"version":"0.4","title":"Bottom","type":"page"}