{"content":[{"id":"50dc8f53","settings":{"stretch_section":"section-stretched","margin":{"unit":"px","top":"40","right":0,"bottom":"0","left":0,"isLinked":false},"margin_mobile":{"unit":"px","top":"0","right":0,"bottom":"0","left":0,"isLinked":false}},"elements":[{"id":"10310b76","settings":{"_column_size":100,"_inline_size":null},"elements":[{"id":"2e3512c6","settings":{"link":{"url":"https:\/\/el4.thembaydev.com\/fana\/shop\/","is_external":false,"nofollow":false,"custom_attributes":""},"image":{"url":"https:\/\/el4.thembaydev.com\/fana\/wp-content\/uploads\/2022\/09\/banner-07.jpg","id":4332,"alt":"","source":"library"},"banner_title":"The New Branded Wear Incoming","banner_description":"Free Shipping On Orders $50+ <span \n style=\"color: #2F4799; text-decoration: underline;\">details<\/span>","general_horizontal_alignment":"center","general_text_alignment":"center","title_typography_typography":"custom","title_typography_font_size":{"unit":"px","size":32,"sizes":[]},"title_typography_line_height":{"unit":"px","size":48,"sizes":[]},"description_typography_typography":"custom","description_typography_font_size":{"unit":"px","size":16,"sizes":[]},"description_typography_line_height":{"unit":"px","size":28,"sizes":[]},"description_margin":{"unit":"px","top":"9","right":"0","bottom":"0","left":"0","isLinked":false},"banner_effects":"circle","general_vertical_alignment_tablet":"center","title_typography_font_size_tablet":{"unit":"px","size":22,"sizes":[]},"title_typography_line_height_tablet":{"unit":"px","size":30,"sizes":[]},"title_typography_line_height_mobile":{"unit":"px","size":"","sizes":[]},"description_margin_tablet":{"unit":"px","top":"0","right":"0","bottom":"0","left":"0","isLinked":false},"hide_mobile":"hidden-mobile"},"elements":[],"isInner":false,"widgetType":"tbay-banner","elType":"widget"}],"isInner":false,"elType":"column"}],"isInner":false,"elType":"section"}],"page_settings":[],"version":"0.4","title":"Top","type":"page"}