{"content":[{"id":"3134a415","settings":{"stretch_section":"section-stretched"},"elements":[{"id":"565c0d88","settings":{"_column_size":100,"_inline_size":null},"elements":[{"id":"7682ca93","settings":{"revslidertitle":"Slider RTL","shortcode":"[rev_slider alias=\"slider-rtl\" slidertitle=\"Slider RTL\"][\/rev_slider]"},"elements":[],"isInner":false,"widgetType":"slider_revolution","elType":"widget"}],"isInner":false,"elType":"column"}],"isInner":false,"elType":"section"},{"id":"3444c94d","settings":{"margin":{"unit":"px","top":"100","right":0,"bottom":"0","left":0,"isLinked":false},"margin_tablet":{"unit":"px","top":"40","right":0,"bottom":"0","left":0,"isLinked":false},"stretch_section":"section-stretched"},"elements":[{"id":"7e1435bc","settings":{"_column_size":100,"_inline_size":null},"elements":[{"id":"5f8ec1fe","settings":{"heading_title":"\u0623\u0646\u062a \u0641\u064a \u0623\u0641\u0636\u0644 \u0627\u0644\u0628\u0627\u0626\u0639\u064a\u0646","limit":8,"categories_tabs":[{"_id":"eba4540","category":"dresses"},{"category":"shirt","_id":"a5d5645"},{"category":"clothing","_id":"64c2e9b"}],"show_more":"yes","text_button":"\u0627\u0633\u062a\u0643\u0634\u0627\u0641 \u0627\u0644\u0645\u0632\u064a\u062f","icon_button":{"value":"","library":""},"heading_categories_tab_align":"center","heading_title_bottom_space":{"unit":"px","size":25,"sizes":[]},"order":"desc","heading_categories_tab_padding_mobile":{"unit":"px","top":"0","right":"0","bottom":"0","left":"0","isLinked":false},"col_desktopsmall":"3"},"elements":[],"isInner":false,"widgetType":"tbay-product-categories-tabs","elType":"widget"}],"isInner":false,"elType":"column"}],"isInner":false,"elType":"section"},{"id":"14599cfb","settings":{"margin":{"unit":"px","top":"100","right":0,"bottom":"0","left":0,"isLinked":false},"margin_tablet":{"unit":"px","top":"40","right":0,"bottom":"0","left":0,"isLinked":false},"stretch_section":"section-stretched","hide_mobile":"hidden-mobile"},"elements":[{"id":"2a4cd472","settings":{"_column_size":100,"_inline_size":null},"elements":[{"id":"6fe297d0","settings":{"link":{"url":"https:\/\/el4.thembaydev.com\/fana_rtl\/shop\/","is_external":false,"nofollow":false,"custom_attributes":""},"image":{"url":"https:\/\/el4.thembaydev.com\/fana_rtl\/wp-content\/uploads\/2022\/09\/banner-01.jpg","id":4313,"alt":"","source":"library"},"banner_title":"\u0637\u0642\u0645 \u0627\u0644\u0623\u062f\u0648\u0627\u062a","banner_description":"\u0623\u0641\u0636\u0644 \u0644\u0627\u0639\u0628\u064a\u0646 \u062c\u062f\u062f \u064a\u0648\u0645\u064a\u064b\u0627 <br>\u064a\u062a\u0645 \u0627\u0644\u0625\u0628\u0644\u0627\u063a \u0639\u0646 \u0648\u0627\u062c\u0628","banner_label":"\u062a\u0633\u0648\u0642 \u0633\u062a\u0631\u0629 \u0627\u0644\u0622\u0646","general_horizontal_alignment":"center","general_vertical_alignment":"center","general_text_alignment":"center","title_typography_typography":"custom","title_typography_font_size":{"unit":"px","size":20,"sizes":[]},"subtitle_typography_font_size":{"unit":"px","size":40,"sizes":[]},"subtitle_typography_line_height":{"unit":"px","size":40,"sizes":[]},"description_typography_typography":"custom","description_typography_font_size":{"unit":"px","size":40,"sizes":[]},"description_typography_line_height":{"unit":"px","size":48,"sizes":[]},"description_margin":{"unit":"px","top":"8","right":"0","bottom":"40","left":"0","isLinked":false},"description_color":"#121216","label_typography_typography":"custom","label_typography_font_size":{"unit":"px","size":14,"sizes":[]},"label_typography_text_transform":"uppercase","label_typography_line_height":{"unit":"px","size":20,"sizes":[]},"label_padding":{"unit":"px","top":"16","right":"24","bottom":"16","left":"24","isLinked":false},"label_bg_color":"#FFFFFF","label_css_classes":"btn-theme-after","label_fdsfds":"btn-theme-after","banner_effects":"zoom-in-1","title_typography_font_size_tablet":{"unit":"px","size":16,"sizes":[]},"subtitle_typography_font_size_tablet":{"unit":"px","size":30,"sizes":[]},"description_typography_font_size_tablet":{"unit":"px","size":18,"sizes":[]},"description_margin_tablet":{"unit":"px","top":"0","right":"0","bottom":"10","left":"0","isLinked":false},"label_padding_tablet":{"unit":"px","top":"5","right":"10","bottom":"5","left":"10","isLinked":false},"title_margin_mobile":{"unit":"px","top":"20","right":"0","bottom":"0","left":"0","isLinked":false},"subtitle_typography_font_size_mobile":{"unit":"px","size":20,"sizes":[]},"description_margin_mobile":{"unit":"px","top":"100","right":"0","bottom":"0","left":"0","isLinked":false},"general_padding_mobile":{"unit":"px","top":"0","right":"0","bottom":"0","left":"0","isLinked":false},"general_vertical_alignment_mobile":"flex-start","general_vertical_alignment_tablet":"flex-end","title_typography_line_height":{"unit":"px","size":32,"sizes":[]},"description_typography_font_size_mobile":{"unit":"px","size":18,"sizes":[]},"description_typography_line_height_tablet":{"unit":"px","size":28,"sizes":[]},"description_typography_line_height_mobile":{"unit":"px","size":"","sizes":[]},"__globals__":{"title_color":"globals\/colors?id=primary"}},"elements":[],"isInner":false,"widgetType":"tbay-banner","elType":"widget"}],"isInner":false,"elType":"column"}],"isInner":false,"elType":"section"},{"id":"31134ef1","settings":{"background_overlay_background":"classic","background_overlay_color":"#FAF9F7","background_overlay_opacity":{"unit":"px","size":1,"sizes":[]},"margin":{"unit":"px","top":"100","right":0,"bottom":"0","left":0,"isLinked":false},"padding":{"unit":"px","top":"97","right":"0","bottom":"117","left":"0","isLinked":false},"margin_tablet":{"unit":"px","top":"40","right":0,"bottom":"0","left":0,"isLinked":false},"padding_tablet":{"unit":"px","top":"50","right":"0","bottom":"50","left":"0","isLinked":false},"padding_mobile":{"unit":"px","top":"30","right":"0","bottom":"30","left":"0","isLinked":false},"stretch_section":"section-stretched"},"elements":[{"id":"72ca4759","settings":{"_column_size":100,"_inline_size":null},"elements":[{"id":"28f87d94","settings":{"heading_title":"\u062a\u0633\u0648\u0642 \u062d\u0633\u0628 \u0627\u0644\u0641\u0626\u0627\u062a","heading_subtitle":"\u0623\u0632\u064a\u0627\u0621\u0646\u0627","heading_description":"\u0645\u0633\u0627\u0639\u062f\u0629 \u0627\u0644\u0646\u0627\u0633 \u0639\u0644\u0649 \u0625\u062f\u0627\u0631\u0629 \u0627\u0644\u0642\u0644\u0642 \u0648\u0627\u0644\u0623\u0644\u0645 \u0648\n<br> \u0627\u0644\u0623\u0631\u0642.","heading_subtitle_typography_typography":"custom","heading_subtitle_typography_font_family":"Whisper","heading_subtitle_typography_font_size":{"unit":"px","size":32,"sizes":[]},"heading_subtitle_typography_line_height":{"unit":"px","size":38,"sizes":[]},"heading_subtitle_color":"#CA6D6F","heading_title_bottom_space":{"unit":"px","size":16,"sizes":[]},"heading_subtitle_bottom_space":{"unit":"px","size":5,"sizes":[]},"heading_description_bottom_space":{"unit":"px","size":53,"sizes":[]}},"elements":[],"isInner":false,"widgetType":"tbay-heading","elType":"widget"},{"id":"21425d31","settings":{"custom_image_list_category":[{"_id":"63c223c","category":"shirt","type_image":{"url":"https:\/\/el4.thembaydev.com\/fana_rtl\/wp-content\/uploads\/2022\/08\/cat-01.jpg","id":4014,"alt":"","source":"library"}},{"category":"pants","type_image":{"url":"https:\/\/el4.thembaydev.com\/fana_rtl\/wp-content\/uploads\/2022\/08\/cat-02.jpg","id":4015,"alt":"","source":"library"},"_id":"57658c8"},{"category":"dresses","type_image":{"url":"https:\/\/el4.thembaydev.com\/fana_rtl\/wp-content\/uploads\/2022\/08\/cat-03.jpg","id":4016,"alt":"","source":"library"},"_id":"32756fb"},{"type_image":{"url":"https:\/\/el4.thembaydev.com\/fana_rtl\/wp-content\/uploads\/2022\/08\/cat-04.jpg","id":4017,"alt":"","source":"library"},"_id":"76e7d1e"}],"display_count_category":"yes","text_show_all":"See all categories","style_type":"v2","layout_type":"carousel","column_tablet":"3","col_desktopsmall":"3","list_categories_content_margin":{"unit":"px","top":"0","right":"20","bottom":"0","left":"20","isLinked":false},"list_categories_content_margin_mobile":{"unit":"px","top":"0","right":"10","bottom":"0","left":"10","isLinked":false}},"elements":[],"isInner":false,"widgetType":"tbay-custom-image-list-categories","elType":"widget"}],"isInner":false,"elType":"column"}],"isInner":false,"elType":"section"},{"id":"685458c1","settings":{"height":"min-height","custom_height":{"unit":"px","size":452,"sizes":[]},"background_overlay_background":"classic","background_overlay_image":{"url":"https:\/\/el4.thembaydev.com\/fana_rtl\/wp-content\/uploads\/2022\/08\/bg-banner-01-scaled.jpg","id":4021,"alt":"","source":"library"},"background_overlay_position":"top left","background_overlay_repeat":"no-repeat","background_overlay_size":"cover","background_overlay_opacity":{"unit":"px","size":1,"sizes":[]},"margin":{"unit":"px","top":"100","right":0,"bottom":"0","left":0,"isLinked":false},"column_position":"top","padding":{"unit":"px","top":"40","right":"0","bottom":"0","left":"0","isLinked":false},"margin_tablet":{"unit":"px","top":"30","right":0,"bottom":"0","left":0,"isLinked":false},"custom_height_tablet":{"unit":"px","size":380,"sizes":[]},"background_overlay_position_tablet":"top left","custom_height_mobile":{"unit":"px","size":300,"sizes":[]},"stretch_section":"section-stretched"},"elements":[{"id":"30d5794f","settings":{"_column_size":100,"_inline_size":null,"align":"flex-start"},"elements":[{"id":"14b1f3d2","settings":{"align":"left","heading_title":"\u0639\u0631\u0636 \u062a\u0631\u0648\u064a\u062c\u064a - 10\u066a \u0645\u0646 2 \u0648\u062d\u062f\u0627\u062a","heading_description":"\u0639\u0646\u062f \u0634\u0631\u0627\u0621 \u0648\u062d\u062f\u062a\u064a\u0646 \u064a\u0643\u0648\u0646 \u0627\u0644\u062e\u0635\u0645 -10\u066a. \u0642\u0645 \u0628\u0627\u0644\u0634\u0631\u0627\u0621 \u0648\u0623\u062f\u062e\u0644 \u0627\u0644\u0631\u0645\u0632 \u0627\u0644\u062a\u0631\u0648\u064a\u062c\u064a<span style=\"color: #CA6D6F\">Fana<\/span> 10 \u0641\u064a \u0627\u0644\u0639\u0631\u0628\u0629","heading_description_max_width":{"unit":"px","size":556,"sizes":[]},"heading_title_bottom_space":{"unit":"px","size":16,"sizes":[]},"heading_title_max_width":{"unit":"px","size":300,"sizes":[]},"heading_description_bottom_space":{"unit":"px","size":40,"sizes":[]}},"elements":[],"isInner":false,"widgetType":"tbay-heading","elType":"widget"},{"id":"17b72487","settings":{"text_button":"\u0645\u0634\u0627\u0647\u062f\u0629 \u0627\u0644\u0645\u062c\u0645\u0648\u0639\u0629","link_button":{"url":"https:\/\/el4.thembaydev.com\/fana_rtl\/shop\/","is_external":"","nofollow":"","custom_attributes":""},"style_button_align":"left"},"elements":[],"isInner":false,"widgetType":"tbay-button","elType":"widget"}],"isInner":false,"elType":"column"}],"isInner":false,"elType":"section"},{"id":"5c416f65","settings":{"margin":{"unit":"px","top":"99","right":0,"bottom":"0","left":0,"isLinked":false},"margin_tablet":{"unit":"px","top":"40","right":0,"bottom":"0","left":0,"isLinked":false},"stretch_section":"section-stretched"},"elements":[{"id":"3f676fa","settings":{"_column_size":100,"_inline_size":null},"elements":[{"id":"4c95fb95","settings":{"heading_title":"\u0625\u0644\u0649 \u0639\u0646 \u0639\u0644\u0649","heading_subtitle":"\u0644\u0644\u0646\u0633\u0627\u0621","heading_description":"\u0645\u0633\u0627\u0639\u062f\u0629 \u0627\u0644\u0646\u0627\u0633 \u0639\u0644\u0649 \u0625\u062f\u0627\u0631\u0629 \u0627\u0644\u0642\u0644\u0642 \u0648\u0627\u0644\u0623\u0644\u0645 \u0648\n\u0627\u0644\u0623\u0631\u0642.","heading_title_bottom_space":{"unit":"px","size":16,"sizes":[]},"heading_subtitle_typography_typography":"custom","heading_subtitle_typography_font_family":"Whisper","heading_subtitle_typography_font_size":{"unit":"px","size":32,"sizes":[]},"heading_subtitle_typography_line_height":{"unit":"px","size":38,"sizes":[]},"heading_subtitle_color":"#CA6D6F","heading_subtitle_bottom_space":{"unit":"px","size":3,"sizes":[]},"heading_description_bottom_space":{"unit":"px","size":53,"sizes":[]}},"elements":[],"isInner":false,"widgetType":"tbay-heading","elType":"widget"}],"isInner":false,"elType":"column"}],"isInner":false,"elType":"section"},{"id":"5ebe2101","settings":{"structure":"20","margin":{"unit":"px","top":"","right":0,"bottom":"","left":0,"isLinked":true},"stretch_section":"section-stretched"},"elements":[{"id":"777813d9","settings":{"_column_size":50,"_inline_size":null,"_inline_size_tablet":100},"elements":[{"id":"1fb75e26","settings":{"link":{"url":"https:\/\/el4.thembaydev.com\/fana_rtl\/shop\/","is_external":false,"nofollow":false,"custom_attributes":""},"image":{"url":"https:\/\/el4.thembaydev.com\/fana_rtl\/wp-content\/uploads\/2022\/08\/banner-02.jpg","id":4025,"alt":"","source":"library"},"banner_title":"\u0645\u062c\u0645\u0648\u0639\u0629 \u062d\u0635\u0631\u064a\u0629 2022","banner_sub_title":"\u0627\u0644\u0635\u064a\u0641 <br> \u062a\u062e\u0641\u064a\u0636\u0627\u062a","banner_description":"","banner_label":"\u062a\u0633\u0648\u0642 \u0627\u0644\u0622\u0646","title_typography_typography":"custom","title_typography_font_size":{"unit":"px","size":20,"sizes":[]},"title_typography_line_height":{"unit":"px","size":32,"sizes":[]},"title_color":"#CA6D6F","subtitle_typography_typography":"custom","subtitle_typography_font_size":{"unit":"px","size":40,"sizes":[]},"subtitle_typography_line_height":{"unit":"px","size":46,"sizes":[]},"subtitle_color":"#121216","label_css_classes":"btn-theme-after","general_padding":{"unit":"px","top":"76","right":"0","bottom":"0","left":"47","isLinked":false},"subtitle_margin":{"unit":"px","top":"9","right":"0","bottom":"0","left":"0","isLinked":false},"label_typography_typography":"custom","label_typography_font_size":{"unit":"px","size":14,"sizes":[]},"label_typography_text_transform":"uppercase","label_typography_line_height":{"unit":"px","size":20,"sizes":[]},"label_margin":{"unit":"px","top":"41","right":"0","bottom":"0","left":"0","isLinked":false},"label_padding":{"unit":"px","top":"16","right":"52","bottom":"16","left":"52","isLinked":false},"label_color":"#FFFFFF","label_color_hover":"#000000","__globals__":{"label_bg_color":"globals\/colors?id=primary"},"banner_effects":"zoom-in-1","general_padding_mobile":{"unit":"px","top":"10","right":"0","bottom":"0","left":"20","isLinked":false},"title_typography_font_size_mobile":{"unit":"px","size":20,"sizes":[]},"subtitle_typography_font_size_mobile":{"unit":"px","size":24,"sizes":[]},"subtitle_typography_line_height_mobile":{"unit":"px","size":34,"sizes":[]},"label_margin_mobile":{"unit":"px","top":"20","right":"0","bottom":"0","left":"0","isLinked":false},"label_padding_mobile":{"unit":"px","top":"10","right":"20","bottom":"10","left":"20","isLinked":false},"title_typography_line_height_mobile":{"unit":"px","size":"","sizes":[]},"title_margin_mobile":{"unit":"px","top":"0","right":"160","bottom":"0","left":"0","isLinked":false},"general_horizontal_alignment":"flex-end"},"elements":[],"isInner":false,"widgetType":"tbay-banner","elType":"widget"}],"isInner":false,"elType":"column"},{"id":"5150adcc","settings":{"_column_size":50,"_inline_size":null,"_inline_size_tablet":100,"margin_tablet":{"unit":"px","top":"30","right":"0","bottom":"0","left":"0","isLinked":false}},"elements":[{"id":"751ca78","settings":{"limit":8,"categories":["accessories","shoes"],"text_show_all":"View all products","column":"2","column_tablet":"3","col_desktop":"2","order":"desc","layout_type":"carousel","col_desktopsmall":"3","rows":"2","navigation":""},"elements":[],"isInner":false,"widgetType":"tbay-products","elType":"widget"}],"isInner":false,"elType":"column"}],"isInner":false,"elType":"section"},{"id":"10bc9311","settings":{"structure":"22","margin":{"unit":"px","top":"148","right":0,"bottom":"0","left":0,"isLinked":false},"margin_tablet":{"unit":"px","top":"30","right":0,"bottom":"0","left":0,"isLinked":false},"stretch_section":"section-stretched"},"elements":[{"id":"7f63140","settings":{"_column_size":66,"_inline_size":null,"_inline_size_tablet":100},"elements":[{"id":"5f57d46b","settings":{"link":{"url":"https:\/\/el4.thembaydev.com\/fana_rtl\/shop\/","is_external":false,"nofollow":false,"custom_attributes":""},"image":{"url":"https:\/\/el4.thembaydev.com\/fana_rtl\/wp-content\/uploads\/2022\/08\/banner-03.jpg","id":4026,"alt":"","source":"library"},"banner_title":"\u0645\u062c\u0645\u0648\u0639\u0629 \u062d\u0635\u0631\u064a\u0629 2022","banner_sub_title":"\u062a\u062e\u0641\u064a\u0636\u0627\u062a \u0627\u0644\u0635\u064a\u0641","banner_description":"\u0645\u0646 \u0623\u0641\u0636\u0644 \u0627\u0644\u0639\u0644\u0627\u0645\u0627\u062a \u0627\u0644\u062a\u062c\u0627\u0631\u064a\u0629 \u0648\u0627\u0644\u0628\u0648\u062a\u064a\u0643\u0627\u062a \u0641\u064a \u0627\u0644\u0639\u0627\u0644\u0645.","banner_label":"\u0643\u0644 \u062c\u062f\u064a\u062f \u0644\u0644\u0633\u064a\u062f\u0627\u062a","title_typography_typography":"custom","title_typography_font_size":{"unit":"px","size":20,"sizes":[]},"title_typography_line_height":{"unit":"px","size":32,"sizes":[]},"title_color":"#CA6D6F","subtitle_typography_typography":"custom","subtitle_typography_font_size":{"unit":"px","size":40,"sizes":[]},"subtitle_typography_line_height":{"unit":"px","size":48,"sizes":[]},"subtitle_color":"#121216","description_typography_typography":"custom","description_typography_font_size":{"unit":"px","size":16,"sizes":[]},"description_typography_line_height":{"unit":"px","size":24,"sizes":[]},"description_color":"#646464","label_css_classes":"btn-theme-after","general_padding":{"unit":"px","top":"69","right":"0","bottom":"0","left":"72","isLinked":false},"subtitle_margin":{"unit":"px","top":"8","right":"0","bottom":"0","left":"0","isLinked":false},"description_margin":{"unit":"px","top":"8","right":"0","bottom":"0","left":"0","isLinked":false},"label_typography_typography":"custom","label_typography_font_size":{"unit":"px","size":14,"sizes":[]},"label_typography_text_transform":"uppercase","label_typography_line_height":{"unit":"px","size":20,"sizes":[]},"label_margin":{"unit":"px","top":"40","right":"0","bottom":"0","left":"0","isLinked":false},"label_padding":{"unit":"px","top":"16","right":"24","bottom":"16","left":"24","isLinked":false},"label_color":"#FFFFFF","label_color_hover":"#000000","__globals__":{"label_bg_color":"globals\/colors?id=primary"},"banner_effects":"zoom-in-1","general_padding_mobile":{"unit":"px","top":"10","right":"0","bottom":"0","left":"10","isLinked":false},"title_typography_font_size_mobile":{"unit":"px","size":20,"sizes":[]},"title_typography_line_height_mobile":{"unit":"px","size":32,"sizes":[]},"subtitle_typography_font_size_mobile":{"unit":"px","size":26,"sizes":[]},"subtitle_typography_line_height_mobile":{"unit":"px","size":34,"sizes":[]},"description_typography_font_size_mobile":{"unit":"px","size":14,"sizes":[]},"label_margin_mobile":{"unit":"px","top":"15","right":"0","bottom":"0","left":"0","isLinked":false},"label_padding_mobile":{"unit":"px","top":"10","right":"20","bottom":"10","left":"20","isLinked":false},"general_vertical_alignment_mobile":"flex-start","description_margin_mobile":{"unit":"px","top":"10","right":"140","bottom":"200","left":"0","isLinked":false},"title_margin_mobile":{"unit":"px","top":"0","right":"150","bottom":"0","left":"0","isLinked":false},"subtitle_margin_mobile":{"unit":"px","top":"8","right":"160","bottom":"300","left":"0","isLinked":false},"description_typography_line_height_mobile":{"unit":"px","size":20,"sizes":[]},"general_horizontal_alignment":"flex-end"},"elements":[],"isInner":false,"widgetType":"tbay-banner","elType":"widget"}],"isInner":false,"elType":"column"},{"id":"2fb2cf64","settings":{"_column_size":33,"_inline_size":null,"_inline_size_tablet":100,"margin_tablet":{"unit":"px","top":"30","right":"0","bottom":"0","left":"0","isLinked":false}},"elements":[{"id":"427f0f2b","settings":{"link":{"url":"https:\/\/el4.thembaydev.com\/fana_rtl\/shop\/","is_external":false,"nofollow":false,"custom_attributes":""},"image":{"url":"https:\/\/el4.thembaydev.com\/fana_rtl\/wp-content\/uploads\/2022\/08\/banner-04.jpg","id":4027,"alt":"","source":"library"},"banner_title":"\u062e\u0635\u0648\u0645\u0627\u062a \u0643\u0628\u064a\u0631\u0629","banner_sub_title":"\u0623\u0641\u0636\u0644 \u0623\u0646\u0645\u0627\u0637 <br> \u0644\u0644\u0631\u062c\u0627\u0644","banner_description":"","general_horizontal_alignment":"center","general_vertical_alignment":"flex-end","general_text_alignment":"center","title_typography_typography":"custom","title_typography_font_size":{"unit":"px","size":20,"sizes":[]},"title_typography_line_height":{"unit":"px","size":32,"sizes":[]},"title_color":"#CA6D6F","subtitle_typography_typography":"custom","subtitle_typography_font_size":{"unit":"px","size":40,"sizes":[]},"subtitle_typography_line_height":{"unit":"px","size":48,"sizes":[]},"subtitle_color":"#121216","description_typography_font_size":{"unit":"px","size":16,"sizes":[]},"description_typography_line_height":{"unit":"px","size":24,"sizes":[]},"general_padding":{"unit":"px","top":"0","right":"0","bottom":"39","left":"0","isLinked":false},"title_margin":{"unit":"px","top":"0","right":"0","bottom":"8","left":"0","isLinked":false},"banner_effects":"zoom-in-1"},"elements":[],"isInner":false,"widgetType":"tbay-banner","elType":"widget"}],"isInner":false,"elType":"column"}],"isInner":false,"elType":"section"},{"id":"149c2d86","settings":{"margin":{"unit":"px","top":"97","right":0,"bottom":"0","left":0,"isLinked":false},"margin_tablet":{"unit":"px","top":"30","right":0,"bottom":"0","left":0,"isLinked":false},"stretch_section":"section-stretched"},"elements":[{"id":"630b5d6a","settings":{"_column_size":100,"_inline_size":null},"elements":[{"id":"68249f59","settings":{"heading_title":"\u0644\u0644\u0631\u062c\u0627\u0644","heading_subtitle":"\u0645\u0650\u0644\u0643 \u0627\u0644\u0631\u062c\u0627\u0644","heading_description":"\u0645\u0633\u0627\u0639\u062f\u0629 \u0627\u0644\u0646\u0627\u0633 \u0639\u0644\u0649 \u0625\u062f\u0627\u0631\u0629 \u0627\u0644\u0642\u0644\u0642 \u0648\u0627\u0644\u0623\u0644\u0645 \u0648\n\u0627\u0644\u0623\u0631\u0642.","heading_title_bottom_space":{"unit":"px","size":16,"sizes":[]},"heading_subtitle_typography_typography":"custom","heading_subtitle_typography_font_family":"Whisper","heading_subtitle_typography_font_size":{"unit":"px","size":32,"sizes":[]},"heading_subtitle_typography_line_height":{"unit":"px","size":38,"sizes":[]},"heading_subtitle_color":"#CA6D6F","heading_subtitle_bottom_space":{"unit":"px","size":3,"sizes":[]},"heading_description_bottom_space":{"unit":"px","size":53,"sizes":[]}},"elements":[],"isInner":false,"widgetType":"tbay-heading","elType":"widget"}],"isInner":false,"elType":"column"}],"isInner":false,"elType":"section"},{"id":"24ca956","settings":{"structure":"20","stretch_section":"section-stretched"},"elements":[{"id":"576ca6be","settings":{"_column_size":50,"_inline_size":null,"_inline_size_tablet":100},"elements":[{"id":"5aa7b1e8","settings":{"limit":8,"categories":["clothing","dresses"],"text_show_all":"View all products","column":"2","column_tablet":"3","col_desktop":"2","order":"desc","layout_type":"carousel","col_desktopsmall":"3","rows":"2","navigation":""},"elements":[],"isInner":false,"widgetType":"tbay-products","elType":"widget"}],"isInner":false,"elType":"column"},{"id":"52199c64","settings":{"_column_size":50,"_inline_size":null,"_inline_size_tablet":100},"elements":[{"id":"61e94300","settings":{"link":{"url":"https:\/\/el4.thembaydev.com\/fana_rtl\/shop\/","is_external":false,"nofollow":false,"custom_attributes":""},"image":{"url":"https:\/\/el4.thembaydev.com\/fana_rtl\/wp-content\/uploads\/2022\/08\/banner-05.jpg","id":4028,"alt":"","source":"library"},"banner_title":"\u0645\u062c\u0645\u0648\u0639\u0629 \u062d\u0635\u0631\u064a\u0629 2022","banner_sub_title":"\u062e\u0635\u0645 \u0625\u0636\u0627\u0641\u064a 15\u066a <br> \u062a\u062e\u0641\u064a\u0636 <br> \u064a\u0635\u0644 \u0625\u0644\u0649 70\u066a!","banner_description":"","banner_label":"\u062a\u0633\u0648\u0642 \u0627\u0644\u0622\u0646","title_typography_typography":"custom","title_typography_font_size":{"unit":"px","size":20,"sizes":[]},"title_typography_line_height":{"unit":"px","size":32,"sizes":[]},"title_color":"#CA6D6F","subtitle_typography_typography":"custom","subtitle_typography_font_size":{"unit":"px","size":40,"sizes":[]},"subtitle_typography_line_height":{"unit":"px","size":48,"sizes":[]},"subtitle_color":"#121216","label_css_classes":"btn-theme-after","general_padding":{"unit":"px","top":"76","right":"0","bottom":"0","left":"48","isLinked":false},"subtitle_margin":{"unit":"px","top":"8","right":"0","bottom":"0","left":"0","isLinked":false},"label_typography_typography":"custom","label_typography_font_size":{"unit":"px","size":14,"sizes":[]},"label_typography_text_transform":"uppercase","label_typography_line_height":{"unit":"px","size":20,"sizes":[]},"label_margin":{"unit":"px","top":"40","right":"0","bottom":"0","left":"0","isLinked":false},"label_padding":{"unit":"px","top":"16","right":"52","bottom":"16","left":"52","isLinked":false},"label_color":"#FFFFFF","label_color_hover":"#000000","__globals__":{"label_bg_color":"globals\/colors?id=primary"},"banner_effects":"zoom-in-1","general_padding_mobile":{"unit":"px","top":"10","right":"0","bottom":"0","left":"20","isLinked":false},"title_typography_font_size_mobile":{"unit":"px","size":20,"sizes":[]},"title_typography_line_height_mobile":{"unit":"px","size":32,"sizes":[]},"subtitle_typography_font_size_mobile":{"unit":"px","size":24,"sizes":[]},"subtitle_typography_line_height_mobile":{"unit":"px","size":30,"sizes":[]},"label_margin_mobile":{"unit":"px","top":"20","right":"0","bottom":"0","left":"0","isLinked":false},"label_padding_mobile":{"unit":"px","top":"10","right":"20","bottom":"10","left":"20","isLinked":false},"title_margin_mobile":{"unit":"px","top":"0","right":"150","bottom":"0","left":"0","isLinked":false},"general_horizontal_alignment":"flex-end"},"elements":[],"isInner":false,"widgetType":"tbay-banner","elType":"widget"}],"isInner":false,"elType":"column"}],"isInner":false,"elType":"section"},{"id":"410201f9","settings":{"margin":{"unit":"px","top":"148","right":0,"bottom":"0","left":0,"isLinked":false},"margin_tablet":{"unit":"px","top":"30","right":0,"bottom":"0","left":0,"isLinked":false},"stretch_section":"section-stretched"},"elements":[{"id":"5ee9efa0","settings":{"_column_size":100,"_inline_size":null},"elements":[{"id":"3055d4aa","settings":{"link":{"url":"https:\/\/el4.thembaydev.com\/fana_rtl\/shop\/","is_external":false,"nofollow":false,"custom_attributes":""},"image":{"url":"https:\/\/el4.thembaydev.com\/fana_rtl\/wp-content\/uploads\/2022\/08\/banner-06.jpg","id":4029,"alt":"","source":"library"},"banner_title":"\u0645\u0648\u0633\u0645 \u0627\u0644\u062a\u062e\u0641\u064a\u0636\u0627\u062a 2022","banner_sub_title":"\u062d\u0642\u0627\u0626\u0628 \u0638\u0647\u0631 \u0646\u0633\u0627\u0626\u064a\u0629","banner_description":"\u0643\u0644 \u062c\u062f\u064a\u062f \u0644\u0644\u0646\u0633\u0627\u0621","banner_label":"\u0643\u0644 \u062c\u062f\u064a\u062f \u0644\u0644\u0633\u064a\u062f\u0627\u062a","general_horizontal_alignment":"center","general_vertical_alignment":"center","general_text_alignment":"center","title_typography_typography":"custom","title_typography_font_size":{"unit":"px","size":20,"sizes":[]},"title_color":"#CFEE10","subtitle_typography_typography":"custom","subtitle_typography_font_size":{"unit":"px","size":40,"sizes":[]},"subtitle_typography_line_height":{"unit":"px","size":40,"sizes":[]},"subtitle_color":"#FFFFFF","description_typography_typography":"custom","description_typography_font_size":{"unit":"px","size":16,"sizes":[]},"description_typography_line_height":{"unit":"px","size":24,"sizes":[]},"description_margin":{"unit":"px","top":"20","right":"0","bottom":"20","left":"0","isLinked":false},"description_color":"#FFFFFF","label_typography_typography":"custom","label_typography_font_size":{"unit":"px","size":14,"sizes":[]},"label_typography_text_transform":"uppercase","label_typography_line_height":{"unit":"px","size":20,"sizes":[]},"label_padding":{"unit":"px","top":"16","right":"24","bottom":"16","left":"24","isLinked":false},"label_bg_color":"#FFFFFF","label_css_classes":"btn-theme-after","banner_effects":"zoom-in-1","title_typography_font_size_tablet":{"unit":"px","size":16,"sizes":[]},"subtitle_typography_font_size_tablet":{"unit":"px","size":30,"sizes":[]},"description_typography_font_size_tablet":{"unit":"px","size":14,"sizes":[]},"description_margin_tablet":{"unit":"px","top":"0","right":"0","bottom":"10","left":"0","isLinked":false},"label_padding_tablet":{"unit":"px","top":"5","right":"10","bottom":"5","left":"10","isLinked":false},"title_typography_font_size_mobile":{"unit":"px","size":16,"sizes":[]},"title_typography_line_height_mobile":{"unit":"px","size":20,"sizes":[]},"title_margin_mobile":{"unit":"px","top":"20","right":"0","bottom":"0","left":"0","isLinked":false},"subtitle_typography_font_size_mobile":{"unit":"px","size":20,"sizes":[]},"subtitle_typography_line_height_mobile":{"unit":"px","size":24,"sizes":[]},"general_padding_mobile":{"unit":"px","top":"0","right":"0","bottom":"0","left":"0","isLinked":false},"general_vertical_alignment_mobile":"flex-start","subtitle_margin_mobile":{"unit":"px","top":"0","right":"0","bottom":"70","left":"0","isLinked":false}},"elements":[],"isInner":false,"widgetType":"tbay-banner","elType":"widget"}],"isInner":false,"elType":"column"}],"isInner":false,"elType":"section"},{"id":"2a7b2de3","settings":{"layout":"full_width","background_overlay_background":"classic","background_overlay_color":"#FAF9F7","background_overlay_opacity":{"unit":"px","size":1,"sizes":[]},"padding":{"unit":"px","top":"98","right":"0","bottom":"100","left":"0","isLinked":false},"margin":{"unit":"px","top":"100","right":0,"bottom":"0","left":0,"isLinked":false},"margin_tablet":{"unit":"px","top":"30","right":0,"bottom":"0","left":0,"isLinked":false},"padding_tablet":{"unit":"px","top":"50","right":"0","bottom":"50","left":"0","isLinked":false},"padding_mobile":{"unit":"px","top":"30","right":"0","bottom":"30","left":"0","isLinked":false},"content_width":{"unit":"px","size":723,"sizes":[]},"stretch_section":"section-stretched"},"elements":[{"id":"540f1fac","settings":{"_column_size":100,"_inline_size":null,"padding":{"unit":"px","top":"0","right":"0","bottom":"0","left":"0","isLinked":false}},"elements":[{"id":"51710d5c","settings":{"heading_title":"\u0642\u0644 \u0645\u0631\u062d\u0628\u0627 \u0627\u0634\u062a\u0631\u0643 \u0644\u0644\u062a\u062d\u062f\u064a\u062b","heading_subtitle":"\u0645\u0639\u0631\u0636 \u0633\u062a\u0627\u064a\u0644","heading_description":"\u0645\u0633\u0627\u0639\u062f\u0629 \u0627\u0644\u0646\u0627\u0633 \u0639\u0644\u0649 \u0625\u062f\u0627\u0631\u0629 \u0627\u0644\u0642\u0644\u0642 \u0648\u0627\u0644\u0623\u0644\u0645 \u0648\n\u0627\u0644\u0623\u0631\u0642.","heading_title_bottom_space":{"unit":"px","size":16,"sizes":[]},"heading_subtitle_typography_typography":"custom","heading_subtitle_typography_font_family":"Whisper","heading_subtitle_typography_font_size":{"unit":"px","size":32,"sizes":[]},"heading_subtitle_typography_line_height":{"unit":"px","size":38,"sizes":[]},"heading_subtitle_color":"#CA6D6F","heading_subtitle_bottom_space":{"unit":"px","size":3,"sizes":[]},"heading_description_bottom_space":{"unit":"px","size":53,"sizes":[]},"heading_description_max_width":{"unit":"px","size":300,"sizes":[]},"_padding_mobile":{"unit":"px","top":"0","right":"15","bottom":"0","left":"15","isLinked":false}},"elements":[],"isInner":false,"widgetType":"tbay-heading","elType":"widget"},{"id":"5f3b913e","settings":{"list_gallery":[{"_id":"8a129db","gallery":{"url":"https:\/\/el4.thembaydev.com\/fana_rtl\/wp-content\/uploads\/2022\/08\/gallery-01.jpg","id":3781,"alt":"","source":"library"},"text_gallery":"F"},{"gallery":{"url":"https:\/\/el4.thembaydev.com\/fana_rtl\/wp-content\/uploads\/2022\/08\/gallery-02.jpg","id":3782,"alt":"","source":"library"},"text_gallery":"A","_id":"dd23731"},{"gallery":{"url":"https:\/\/el4.thembaydev.com\/fana_rtl\/wp-content\/uploads\/2022\/08\/gallery-03.jpg","id":3783,"alt":"","source":"library"},"text_gallery":"N","_id":"459cb3e"},{"gallery":{"url":"https:\/\/el4.thembaydev.com\/fana_rtl\/wp-content\/uploads\/2022\/08\/gallery-04.jpg","id":3784,"alt":"","source":"library"},"text_gallery":"A","_id":"37eb4df"}],"post_title_typography_font_family":"Ivy Mode","post_title_typography_font_size":{"unit":"px","size":450,"sizes":[]},"text_photo_align":"center","wrapper_margin_style":{"unit":"px","top":"0","right":"-5","bottom":"0","left":"-5","isLinked":false},"post_title_typography_typography":"custom","layout_type":"carousel","post_title_typography_font_size_tablet":{"unit":"px","size":230,"sizes":[]},"col_desktopsmall":"4","post_title_typography_font_size_mobile":{"unit":"px","size":150,"sizes":[]},"wrapper_margin_style_mobile":{"unit":"px","top":"0","right":"7","bottom":"0","left":"7","isLinked":false},"gallery_effects":"zoom-in-1","item_margin_style":{"unit":"px","top":"0","right":"5","bottom":"0","left":"5","isLinked":false},"item_margin_style_mobile":{"unit":"px","top":"0","right":"0","bottom":"0","left":"0","isLinked":false}},"elements":[],"isInner":false,"widgetType":"tbay-custom-gallery","elType":"widget"}],"isInner":false,"elType":"column"}],"isInner":false,"elType":"section"},{"id":"5031ffae","settings":{"content_position":"middle","padding":{"unit":"px","top":"110","right":"0","bottom":"83","left":"0","isLinked":false},"padding_tablet":{"unit":"px","top":"50","right":"0","bottom":"50","left":"0","isLinked":false},"stretch_section":"section-stretched"},"elements":[{"id":"3905ced3","settings":{"_column_size":100,"_inline_size":null},"elements":[{"id":"cb9ec44","settings":{"heading_title":"\u0642\u0645 \u0628\u0627\u0644\u062a\u0633\u062c\u064a\u0644 \u0648\u0627\u0644\u062d\u0635\u0648\u0644 \u0639\u0644\u0649 <span style=\"color: #F2431B\">20%<\/span> \u0642\u0628\u0627\u0644\u0629 \u0627\u0644\u062e\u0627\u0635 \u0628\u0643 <br>\u0623\u0648\u0644 \u0639\u0645\u0644\u064a\u0629 \u0634\u0631\u0627\u0621","heading_subtitle":"\u0627\u0644\u0646\u0634\u0631\u0629 \u0627\u0644\u0625\u062e\u0628\u0627\u0631\u064a\u0629","heading_title_typography_typography":"custom","heading_title_typography_font_family":"Ivy Mode","heading_title_typography_font_size":{"unit":"px","size":34,"sizes":[]},"heading_title_typography_font_weight":"normal","heading_title_typography_line_height":{"unit":"px","size":42,"sizes":[]},"heading_subtitle_typography_typography":"custom","heading_subtitle_typography_font_family":"Whisper","heading_subtitle_typography_font_size":{"unit":"px","size":48,"sizes":[]},"heading_subtitle_color":"#CA6D6F","heading_title_bottom_space":{"unit":"px","size":13,"sizes":[]},"heading_subtitle_bottom_space":{"unit":"px","size":14,"sizes":[]},"_element_custom_width":{"unit":"px","size":"","sizes":[]},"_element_custom_width_tablet":{"unit":"vw","size":"","sizes":[]},"_element_custom_width_mobile":{"unit":"vw","size":"","sizes":[]},"_element_vertical_align":"center","heading_title_typography_font_size_mobile":{"unit":"px","size":20,"sizes":[]},"heading_title_typography_line_height_mobile":{"unit":"px","size":24,"sizes":[]},"heading_subtitle_typography_font_size_mobile":{"unit":"px","size":40,"sizes":[]},"heading_subtitle_typography_line_height_mobile":{"unit":"px","size":46,"sizes":[]}},"elements":[],"isInner":false,"widgetType":"tbay-heading","elType":"widget"},{"id":"4b1132c6","settings":{"width_button":{"unit":"px","size":150,"sizes":[]},"width_input":{"unit":"px","size":522,"sizes":[]},"width_input_tablet":{"unit":"%","size":100,"sizes":[]},"width_input_mobile":{"unit":"%","size":"","sizes":[]},"input_border_radius":{"unit":"px","top":"","right":"","bottom":"","left":"","isLinked":true},"input_margin":{"unit":"px","top":"0","right":"0","bottom":"0","left":"0","isLinked":true},"button_border_radius":{"unit":"px","top":"","right":"","bottom":"","left":"","isLinked":true},"icon_margin_tablet":{"unit":"px","top":"0","right":"0","bottom":"0","left":"0","isLinked":false},"typography_typography":"custom","typography_font_size_tablet":{"unit":"px","size":0,"sizes":[]},"icon_font_size_tablet":{"unit":"px","size":15,"sizes":[]},"icon_margin_mobile":{"unit":"px","top":"0","right":"0","bottom":"0","left":"0","isLinked":false},"typography_font_size_mobile":{"unit":"px","size":0,"sizes":[]},"icon_font_size_mobile":{"unit":"px","size":14,"sizes":[]},"typography_letter_spacing":{"unit":"px","size":2,"sizes":[]},"_margin":{"unit":"px","top":"24","right":"0","bottom":"16","left":"0","isLinked":false},"typography_letter_spacing_tablet":{"unit":"px","size":0,"sizes":[]},"typography_font_size":{"unit":"px","size":15,"sizes":[]},"_margin_mobile":{"unit":"px","top":"16","right":"0","bottom":"8","left":"0","isLinked":false},"form_style_align_content":"center","mailchip_style_typography_typography":"custom","mailchip_style_typography_font_size":{"unit":"px","size":14,"sizes":[]},"button_margin":{"unit":"px","top":"0","right":"0","bottom":"0","left":"8","isLinked":false}},"elements":[],"isInner":false,"widgetType":"tbay-newsletter","elType":"widget"}],"isInner":false,"elType":"column"}],"isInner":false,"elType":"section"}],"page_settings":[],"version":"0.4","title":"home","type":"page"}