{"content":[{"id":"21b0d828","settings":{"structure":"30","padding":{"unit":"px","top":"0","right":"0","bottom":"47","left":"0","isLinked":false},"padding_mobile":{"unit":"px","top":"0","right":"0","bottom":"20","left":"0","isLinked":false}},"elements":[{"id":"502cf1f0","settings":{"_column_size":33,"_inline_size":12,"_inline_size_tablet":100},"elements":[],"isInner":false,"elType":"column"},{"id":"13458f59","settings":{"_column_size":33,"_inline_size":75.332,"_inline_size_tablet":100,"padding_mobile":{"unit":"px","top":"25","right":"15","bottom":"0","left":"15","isLinked":false},"border_color":"#E7E7E7","padding":{"unit":"px","top":"40","right":"29","bottom":"0","left":"29","isLinked":false}},"elements":[{"id":"54705ef3","settings":{"title":"Payment Policy","typography_typography":"custom","typography_font_size":{"unit":"px","size":28,"sizes":[]},"typography_font_weight":"400","typography_line_height":{"unit":"px","size":36,"sizes":[]},"header_size":"h3","typography_font_family":"Ivy Mode"},"elements":[],"isInner":false,"widgetType":"heading","elType":"widget"},{"id":"12b3600c","settings":{"editor":"1. PayPal Express Checkout<\/br>2. You can pay with your credit card if you don\u2019t have a PayPal account.<\/br>3. Israeli Tax Invoice would be attached and sent with the item.","_padding":{"unit":"px","top":"15","right":"0","bottom":"41","left":"0","isLinked":false}},"elements":[],"isInner":false,"widgetType":"text-editor","elType":"widget"},{"id":"7ca140ca","settings":{"title":"Legal Disclaimer ","typography_typography":"custom","typography_font_size":{"unit":"px","size":28,"sizes":[]},"typography_font_weight":"400","typography_line_height":{"unit":"px","size":36,"sizes":[]},"header_size":"h3","typography_font_family":"Ivy Mode"},"elements":[],"isInner":false,"widgetType":"heading","elType":"widget"},{"id":"482e4ff8","settings":{"editor":"Seller hereby expressly disclaims all warranties either expressed or implied warranty of merchantability or fitness for a particular purpose. This disclaimer by the seller in no way affects the terms of the manufacturer\u2019s warranty if any. Title to goods herein being purchased is retained by the seller until goods are paid for in full by the purchaser and at that time title passes to purchaser. If goods herein being purchased are being purchased for purposes of export, purchaser must obtain from the Federal Government certain export documentation before shipping to a foreign country. In addition, manufacturers\u2019 warranties for exported goods may vary or even be null and void. If you have questions, please inquire. Any and all liability is only for the products purchased.","_padding":{"unit":"px","top":"15","right":"0","bottom":"41","left":"0","isLinked":false}},"elements":[],"isInner":false,"widgetType":"text-editor","elType":"widget"},{"id":"6dc0218b","settings":{"title":"Basic terms","typography_typography":"custom","typography_font_size":{"unit":"px","size":28,"sizes":[]},"typography_font_weight":"400","typography_line_height":{"unit":"px","size":36,"sizes":[]},"header_size":"h3","typography_font_family":"Ivy Mode"},"elements":[],"isInner":false,"widgetType":"heading","elType":"widget"},{"id":"291fa917","settings":{"editor":"<p>For all prices and products, we reserve the right to make adjustments due to errors, changing market conditions, product discontinuation or typographical errors in advertisements. Allegro is not responsible for manufacturer price changes, which may occur at any time without notice. The product images on this web site may not exactly reflect the product you receive. Design revisions and color variations may exist.<br \/>Please keep all packing material and documentation in the event that your equipment has to be serviced or returned. Before returning any product, you must obtain a Return Merchandise Authorization (RMA) number. NO returns, of any type, will be accepted without an RMA number. Please have the following information on hand when calling for an RMA number: customer name, invoice number, serial number and the nature of the problem<\/p>","_padding":{"unit":"px","top":"15","right":"0","bottom":"41","left":"0","isLinked":false}},"elements":[],"isInner":false,"widgetType":"text-editor","elType":"widget"},{"id":"238849c8","settings":{"title":"Rights & restrictions","typography_typography":"custom","typography_font_size":{"unit":"px","size":28,"sizes":[]},"typography_font_weight":"400","typography_line_height":{"unit":"px","size":36,"sizes":[]},"header_size":"h3","typography_font_family":"Ivy Mode"},"elements":[],"isInner":false,"widgetType":"heading","elType":"widget"},{"id":"2f1a84dd","settings":{"editor":"<p>1. Members must be at least 18 years of age.<br \/>2. Members are granted a time-limited, non-exclusive, revocable, nontransferable, and non-sublicensable right to access that portion of the online course corresponding to the purchase.<br \/>3. The portion of the online course corresponding to the purchase will be available to the Member as long as the course is maintained by the Company, which will be a minimum of one year after Member\u2019s purchase.<br \/>4. The videos in the course are provided as a video stream and are not downloadable.<br \/>5. By agreeing to grant such access, the Company does not obligate itself to maintain the course, or to maintain it in its present form.<\/p>","_padding":{"unit":"px","top":"15","right":"0","bottom":"32","left":"0","isLinked":false}},"elements":[],"isInner":false,"widgetType":"text-editor","elType":"widget"}],"isInner":false,"elType":"column"},{"id":"52e0baeb","settings":{"_column_size":33,"_inline_size":12,"_inline_size_tablet":100},"elements":[],"isInner":false,"elType":"column"}],"isInner":false,"elType":"section"}],"page_settings":[],"version":"0.4","title":"term","type":"page"}