{"content":[{"id":"39bc6919","settings":{"stretch_section":"section-stretched"},"elements":[{"id":"71e0933","settings":{"_column_size":100,"_inline_size":null},"elements":[{"id":"61aaeb45","settings":{"revslidertitle":"Slider 1","shortcode":"[rev_slider alias=\"slider-1\" slidertitle=\"Slider 1\"][\/rev_slider]"},"elements":[],"isInner":false,"widgetType":"slider_revolution","elType":"widget"}],"isInner":false,"elType":"column"}],"isInner":false,"elType":"section"},{"id":"1896b2d8","settings":{"margin":{"unit":"px","top":"100","right":0,"bottom":"0","left":0,"isLinked":false},"margin_tablet":{"unit":"px","top":"40","right":0,"bottom":"0","left":0,"isLinked":false},"stretch_section":"section-stretched"},"elements":[{"id":"71a8936d","settings":{"_column_size":100,"_inline_size":null},"elements":[{"id":"5db2f523","settings":{"heading_title":"You are in Best Sellers","limit":8,"categories_tabs":[{"_id":"eba4540","category":"dresses"},{"category":"shirt","_id":"a5d5645"},{"category":"clothing","_id":"64c2e9b"}],"show_more":"yes","text_button":"Explore More","icon_button":{"value":"","library":""},"heading_categories_tab_align":"center","heading_title_bottom_space":{"unit":"px","size":25,"sizes":[]},"order":"desc","heading_categories_tab_padding_mobile":{"unit":"px","top":"0","right":"0","bottom":"0","left":"0","isLinked":false},"col_desktopsmall":"3"},"elements":[],"isInner":false,"widgetType":"tbay-product-categories-tabs","elType":"widget"}],"isInner":false,"elType":"column"}],"isInner":false,"elType":"section"},{"id":"4d9eca3c","settings":{"margin":{"unit":"px","top":"100","right":0,"bottom":"0","left":0,"isLinked":false},"margin_tablet":{"unit":"px","top":"40","right":0,"bottom":"0","left":0,"isLinked":false},"stretch_section":"section-stretched","hide_mobile":"hidden-mobile"},"elements":[{"id":"1d233c61","settings":{"_column_size":100,"_inline_size":null},"elements":[{"id":"24c18674","settings":{"link":{"url":"https:\/\/el4.thembaydev.com\/fana\/shop\/","is_external":false,"nofollow":false,"custom_attributes":""},"image":{"url":"https:\/\/el4.thembaydev.com\/fana\/wp-content\/uploads\/2022\/09\/banner-01.jpg","id":4313,"alt":"","source":"library"},"banner_title":"Utility Kit","banner_description":"Your NEW everyday MVPs <br>are reporting for duty","banner_label":"Shop jacket now","general_horizontal_alignment":"center","general_vertical_alignment":"center","general_text_alignment":"center","title_typography_typography":"custom","title_typography_font_size":{"unit":"px","size":20,"sizes":[]},"subtitle_typography_font_size":{"unit":"px","size":40,"sizes":[]},"subtitle_typography_line_height":{"unit":"px","size":40,"sizes":[]},"description_typography_typography":"custom","description_typography_font_size":{"unit":"px","size":40,"sizes":[]},"description_typography_line_height":{"unit":"px","size":48,"sizes":[]},"description_margin":{"unit":"px","top":"8","right":"0","bottom":"40","left":"0","isLinked":false},"description_color":"#121216","label_typography_typography":"custom","label_typography_font_size":{"unit":"px","size":14,"sizes":[]},"label_typography_text_transform":"uppercase","label_typography_line_height":{"unit":"px","size":20,"sizes":[]},"label_padding":{"unit":"px","top":"16","right":"24","bottom":"16","left":"24","isLinked":false},"label_bg_color":"#FFFFFF","label_css_classes":"btn-theme-after","label_fdsfds":"btn-theme-after","banner_effects":"zoom-in-1","title_typography_font_size_tablet":{"unit":"px","size":16,"sizes":[]},"subtitle_typography_font_size_tablet":{"unit":"px","size":30,"sizes":[]},"description_typography_font_size_tablet":{"unit":"px","size":18,"sizes":[]},"description_margin_tablet":{"unit":"px","top":"0","right":"0","bottom":"10","left":"0","isLinked":false},"label_padding_tablet":{"unit":"px","top":"5","right":"10","bottom":"5","left":"10","isLinked":false},"title_margin_mobile":{"unit":"px","top":"20","right":"0","bottom":"0","left":"0","isLinked":false},"subtitle_typography_font_size_mobile":{"unit":"px","size":20,"sizes":[]},"description_margin_mobile":{"unit":"px","top":"100","right":"0","bottom":"0","left":"0","isLinked":false},"general_padding_mobile":{"unit":"px","top":"0","right":"0","bottom":"0","left":"0","isLinked":false},"general_vertical_alignment_mobile":"flex-start","general_vertical_alignment_tablet":"flex-end","title_typography_line_height":{"unit":"px","size":32,"sizes":[]},"description_typography_font_size_mobile":{"unit":"px","size":18,"sizes":[]},"description_typography_line_height_tablet":{"unit":"px","size":28,"sizes":[]},"description_typography_line_height_mobile":{"unit":"px","size":"","sizes":[]},"__globals__":{"title_color":"globals\/colors?id=primary"}},"elements":[],"isInner":false,"widgetType":"tbay-banner","elType":"widget"}],"isInner":false,"elType":"column"}],"isInner":false,"elType":"section"},{"id":"5641dd10","settings":{"background_overlay_background":"classic","background_overlay_color":"#FAF9F7","background_overlay_opacity":{"unit":"px","size":1,"sizes":[]},"margin":{"unit":"px","top":"100","right":0,"bottom":"0","left":0,"isLinked":false},"padding":{"unit":"px","top":"97","right":"0","bottom":"117","left":"0","isLinked":false},"margin_tablet":{"unit":"px","top":"40","right":0,"bottom":"0","left":0,"isLinked":false},"padding_tablet":{"unit":"px","top":"50","right":"0","bottom":"50","left":"0","isLinked":false},"padding_mobile":{"unit":"px","top":"30","right":"0","bottom":"30","left":"0","isLinked":false},"stretch_section":"section-stretched"},"elements":[{"id":"6719882f","settings":{"_column_size":100,"_inline_size":null},"elements":[{"id":"c16fa9","settings":{"heading_title":"Shop by Categories","heading_subtitle":"Our Fashion","heading_description":"Helping people manage anxiety, pain, and\n<br>sleeplessness.","heading_subtitle_typography_typography":"custom","heading_subtitle_typography_font_family":"Whisper","heading_subtitle_typography_font_size":{"unit":"px","size":32,"sizes":[]},"heading_subtitle_typography_line_height":{"unit":"px","size":38,"sizes":[]},"heading_subtitle_color":"#CA6D6F","heading_title_bottom_space":{"unit":"px","size":16,"sizes":[]},"heading_subtitle_bottom_space":{"unit":"px","size":5,"sizes":[]},"heading_description_bottom_space":{"unit":"px","size":53,"sizes":[]}},"elements":[],"isInner":false,"widgetType":"tbay-heading","elType":"widget"},{"id":"721e3a87","settings":{"custom_image_list_category":[{"_id":"63c223c","category":"shirt","type_image":{"url":"https:\/\/el4.thembaydev.com\/fana\/wp-content\/uploads\/2022\/08\/cat-01.jpg","id":4014,"alt":"","source":"library"}},{"category":"pants","type_image":{"url":"https:\/\/el4.thembaydev.com\/fana\/wp-content\/uploads\/2022\/08\/cat-02.jpg","id":4015,"alt":"","source":"library"},"_id":"57658c8"},{"category":"dresses","type_image":{"url":"https:\/\/el4.thembaydev.com\/fana\/wp-content\/uploads\/2022\/08\/cat-03.jpg","id":4016,"alt":"","source":"library"},"_id":"32756fb"},{"category":"shoes","type_image":{"url":"https:\/\/el4.thembaydev.com\/fana\/wp-content\/uploads\/2022\/08\/cat-04.jpg","id":4017,"alt":"","source":"library"},"_id":"76e7d1e"}],"display_count_category":"yes","text_show_all":"See all categories","style_type":"v2","layout_type":"carousel","column_tablet":"3","col_desktopsmall":"3","list_categories_content_margin":{"unit":"px","top":"0","right":"20","bottom":"0","left":"20","isLinked":false},"list_categories_content_margin_mobile":{"unit":"px","top":"0","right":"10","bottom":"0","left":"10","isLinked":false}},"elements":[],"isInner":false,"widgetType":"tbay-custom-image-list-categories","elType":"widget"}],"isInner":false,"elType":"column"}],"isInner":false,"elType":"section"},{"id":"56e7b661","settings":{"height":"min-height","custom_height":{"unit":"px","size":452,"sizes":[]},"background_overlay_background":"classic","background_overlay_image":{"url":"https:\/\/el4.thembaydev.com\/fana\/wp-content\/uploads\/2022\/08\/bg-banner-01-scaled.jpg","id":4021,"alt":"","source":"library"},"background_overlay_position":"top left","background_overlay_repeat":"no-repeat","background_overlay_size":"cover","background_overlay_opacity":{"unit":"px","size":1,"sizes":[]},"margin":{"unit":"px","top":"100","right":0,"bottom":"0","left":0,"isLinked":false},"column_position":"top","padding":{"unit":"px","top":"40","right":"0","bottom":"0","left":"0","isLinked":false},"margin_tablet":{"unit":"px","top":"30","right":0,"bottom":"0","left":0,"isLinked":false},"custom_height_tablet":{"unit":"px","size":380,"sizes":[]},"background_overlay_position_tablet":"top left","custom_height_mobile":{"unit":"px","size":300,"sizes":[]},"stretch_section":"section-stretched"},"elements":[{"id":"46419411","settings":{"_column_size":100,"_inline_size":null},"elements":[{"id":"3589fca3","settings":{"align":"left","heading_title":"Promotion -10% From 2 Units","heading_description":"When buying 2 units the discount is -10%. Make a purchase and enter the promo code <span style=\"color: #CA6D6F\">Fana<\/span> 10 in the cart","heading_description_max_width":{"unit":"px","size":556,"sizes":[]},"heading_title_bottom_space":{"unit":"px","size":16,"sizes":[]},"heading_title_max_width":{"unit":"px","size":300,"sizes":[]},"heading_description_bottom_space":{"unit":"px","size":40,"sizes":[]}},"elements":[],"isInner":false,"widgetType":"tbay-heading","elType":"widget"},{"id":"4ce8d0e0","settings":{"text_button":"View Collection","link_button":{"url":"https:\/\/el4.thembaydev.com\/fana\/shop\/","is_external":"","nofollow":"","custom_attributes":""}},"elements":[],"isInner":false,"widgetType":"tbay-button","elType":"widget"}],"isInner":false,"elType":"column"}],"isInner":false,"elType":"section"},{"id":"72e80aca","settings":{"margin":{"unit":"px","top":"99","right":0,"bottom":"0","left":0,"isLinked":false},"margin_tablet":{"unit":"px","top":"40","right":0,"bottom":"0","left":0,"isLinked":false},"stretch_section":"section-stretched"},"elements":[{"id":"13397c39","settings":{"_column_size":100,"_inline_size":null},"elements":[{"id":"400e45d0","settings":{"heading_title":"For Women\u2019s","heading_subtitle":"Women\u2019s","heading_description":"Helping people manage anxiety, pain, and\nsleeplessness.","heading_title_bottom_space":{"unit":"px","size":16,"sizes":[]},"heading_subtitle_typography_typography":"custom","heading_subtitle_typography_font_family":"Whisper","heading_subtitle_typography_font_size":{"unit":"px","size":32,"sizes":[]},"heading_subtitle_typography_line_height":{"unit":"px","size":38,"sizes":[]},"heading_subtitle_color":"#CA6D6F","heading_subtitle_bottom_space":{"unit":"px","size":3,"sizes":[]},"heading_description_bottom_space":{"unit":"px","size":53,"sizes":[]}},"elements":[],"isInner":false,"widgetType":"tbay-heading","elType":"widget"}],"isInner":false,"elType":"column"}],"isInner":false,"elType":"section"},{"id":"1226ddbc","settings":{"structure":"20","margin":{"unit":"px","top":"","right":0,"bottom":"","left":0,"isLinked":true},"stretch_section":"section-stretched"},"elements":[{"id":"7db8867b","settings":{"_column_size":50,"_inline_size":null,"_inline_size_tablet":100},"elements":[{"id":"603f2afe","settings":{"link":{"url":"https:\/\/el4.thembaydev.com\/fana\/shop\/","is_external":false,"nofollow":false,"custom_attributes":""},"image":{"url":"https:\/\/el4.thembaydev.com\/fana\/wp-content\/uploads\/2022\/08\/banner-02.jpg","id":4025,"alt":"","source":"library"},"banner_title":"Exclusive Collection 2022","banner_sub_title":"The Summer <br>Sale","banner_description":"","banner_label":"Shop now","title_typography_typography":"custom","title_typography_font_size":{"unit":"px","size":20,"sizes":[]},"title_typography_line_height":{"unit":"px","size":32,"sizes":[]},"title_color":"#CA6D6F","subtitle_typography_typography":"custom","subtitle_typography_font_size":{"unit":"px","size":40,"sizes":[]},"subtitle_typography_line_height":{"unit":"px","size":46,"sizes":[]},"subtitle_color":"#121216","label_css_classes":"btn-theme-after","general_padding":{"unit":"px","top":"76","right":"0","bottom":"0","left":"47","isLinked":false},"subtitle_margin":{"unit":"px","top":"9","right":"0","bottom":"0","left":"0","isLinked":false},"label_typography_typography":"custom","label_typography_font_size":{"unit":"px","size":14,"sizes":[]},"label_typography_text_transform":"uppercase","label_typography_line_height":{"unit":"px","size":20,"sizes":[]},"label_margin":{"unit":"px","top":"41","right":"0","bottom":"0","left":"0","isLinked":false},"label_padding":{"unit":"px","top":"16","right":"52","bottom":"16","left":"52","isLinked":false},"label_color":"#FFFFFF","label_color_hover":"#000000","__globals__":{"label_bg_color":"globals\/colors?id=primary"},"banner_effects":"zoom-in-1","general_padding_mobile":{"unit":"px","top":"10","right":"0","bottom":"0","left":"20","isLinked":false},"title_typography_font_size_mobile":{"unit":"px","size":20,"sizes":[]},"subtitle_typography_font_size_mobile":{"unit":"px","size":24,"sizes":[]},"subtitle_typography_line_height_mobile":{"unit":"px","size":34,"sizes":[]},"label_margin_mobile":{"unit":"px","top":"20","right":"0","bottom":"0","left":"0","isLinked":false},"label_padding_mobile":{"unit":"px","top":"10","right":"20","bottom":"10","left":"20","isLinked":false},"title_typography_line_height_mobile":{"unit":"px","size":"","sizes":[]},"title_margin_mobile":{"unit":"px","top":"0","right":"160","bottom":"0","left":"0","isLinked":false}},"elements":[],"isInner":false,"widgetType":"tbay-banner","elType":"widget"}],"isInner":false,"elType":"column"},{"id":"67c03876","settings":{"_column_size":50,"_inline_size":null,"_inline_size_tablet":100,"margin_tablet":{"unit":"px","top":"30","right":"0","bottom":"0","left":"0","isLinked":false}},"elements":[{"id":"3234b59","settings":{"limit":8,"categories":["accessories","shoes"],"text_show_all":"View all products","column":"2","column_tablet":"3","col_desktop":"2","order":"desc","layout_type":"carousel","col_desktopsmall":"3","rows":"2","navigation":""},"elements":[],"isInner":false,"widgetType":"tbay-products","elType":"widget"}],"isInner":false,"elType":"column"}],"isInner":false,"elType":"section"},{"id":"3720756a","settings":{"structure":"22","margin":{"unit":"px","top":"148","right":0,"bottom":"0","left":0,"isLinked":false},"margin_tablet":{"unit":"px","top":"30","right":0,"bottom":"0","left":0,"isLinked":false},"stretch_section":"section-stretched"},"elements":[{"id":"65895961","settings":{"_column_size":66,"_inline_size":null,"_inline_size_tablet":100},"elements":[{"id":"9cddcfe","settings":{"link":{"url":"https:\/\/el4.thembaydev.com\/fana\/shop\/","is_external":false,"nofollow":false,"custom_attributes":""},"image":{"url":"https:\/\/el4.thembaydev.com\/fana\/wp-content\/uploads\/2022\/08\/banner-03.jpg","id":4026,"alt":"","source":"library"},"banner_title":"Exclusive Collection 2022","banner_sub_title":"The Summer Sale","banner_description":"From the world's best brands and boutiques.","banner_label":"All new for women\u2019s","title_typography_typography":"custom","title_typography_font_size":{"unit":"px","size":20,"sizes":[]},"title_typography_line_height":{"unit":"px","size":32,"sizes":[]},"title_color":"#CA6D6F","subtitle_typography_typography":"custom","subtitle_typography_font_size":{"unit":"px","size":40,"sizes":[]},"subtitle_typography_line_height":{"unit":"px","size":48,"sizes":[]},"subtitle_color":"#121216","description_typography_typography":"custom","description_typography_font_size":{"unit":"px","size":16,"sizes":[]},"description_typography_line_height":{"unit":"px","size":24,"sizes":[]},"description_color":"#646464","label_css_classes":"btn-theme-after","general_padding":{"unit":"px","top":"69","right":"0","bottom":"0","left":"72","isLinked":false},"subtitle_margin":{"unit":"px","top":"8","right":"0","bottom":"0","left":"0","isLinked":false},"description_margin":{"unit":"px","top":"8","right":"0","bottom":"0","left":"0","isLinked":false},"label_typography_typography":"custom","label_typography_font_size":{"unit":"px","size":14,"sizes":[]},"label_typography_text_transform":"uppercase","label_typography_line_height":{"unit":"px","size":20,"sizes":[]},"label_margin":{"unit":"px","top":"40","right":"0","bottom":"0","left":"0","isLinked":false},"label_padding":{"unit":"px","top":"16","right":"24","bottom":"16","left":"24","isLinked":false},"label_color":"#FFFFFF","label_color_hover":"#000000","__globals__":{"label_bg_color":"globals\/colors?id=primary"},"banner_effects":"zoom-in-1","general_padding_mobile":{"unit":"px","top":"10","right":"0","bottom":"0","left":"10","isLinked":false},"title_typography_font_size_mobile":{"unit":"px","size":20,"sizes":[]},"title_typography_line_height_mobile":{"unit":"px","size":32,"sizes":[]},"subtitle_typography_font_size_mobile":{"unit":"px","size":26,"sizes":[]},"subtitle_typography_line_height_mobile":{"unit":"px","size":34,"sizes":[]},"description_typography_font_size_mobile":{"unit":"px","size":14,"sizes":[]},"label_margin_mobile":{"unit":"px","top":"15","right":"0","bottom":"0","left":"0","isLinked":false},"label_padding_mobile":{"unit":"px","top":"10","right":"20","bottom":"10","left":"20","isLinked":false},"general_vertical_alignment_mobile":"flex-start","description_margin_mobile":{"unit":"px","top":"10","right":"140","bottom":"200","left":"0","isLinked":false},"title_margin_mobile":{"unit":"px","top":"0","right":"150","bottom":"0","left":"0","isLinked":false},"subtitle_margin_mobile":{"unit":"px","top":"8","right":"160","bottom":"300","left":"0","isLinked":false},"description_typography_line_height_mobile":{"unit":"px","size":20,"sizes":[]}},"elements":[],"isInner":false,"widgetType":"tbay-banner","elType":"widget"}],"isInner":false,"elType":"column"},{"id":"47857911","settings":{"_column_size":33,"_inline_size":null,"_inline_size_tablet":100,"margin_tablet":{"unit":"px","top":"30","right":"0","bottom":"0","left":"0","isLinked":false}},"elements":[{"id":"9e3b057","settings":{"link":{"url":"https:\/\/el4.thembaydev.com\/fana\/shop\/","is_external":false,"nofollow":false,"custom_attributes":""},"image":{"url":"https:\/\/el4.thembaydev.com\/fana\/wp-content\/uploads\/2022\/08\/banner-04.jpg","id":4027,"alt":"","source":"library"},"banner_title":"Big Discounts","banner_sub_title":"Best of Men\u2019s <br>Styles","banner_description":"","general_horizontal_alignment":"center","general_vertical_alignment":"flex-end","general_text_alignment":"center","title_typography_typography":"custom","title_typography_font_size":{"unit":"px","size":20,"sizes":[]},"title_typography_line_height":{"unit":"px","size":32,"sizes":[]},"title_color":"#CA6D6F","subtitle_typography_typography":"custom","subtitle_typography_font_size":{"unit":"px","size":40,"sizes":[]},"subtitle_typography_line_height":{"unit":"px","size":48,"sizes":[]},"subtitle_color":"#121216","description_typography_font_size":{"unit":"px","size":16,"sizes":[]},"description_typography_line_height":{"unit":"px","size":24,"sizes":[]},"general_padding":{"unit":"px","top":"0","right":"0","bottom":"39","left":"0","isLinked":false},"title_margin":{"unit":"px","top":"0","right":"0","bottom":"8","left":"0","isLinked":false},"banner_effects":"zoom-in-1"},"elements":[],"isInner":false,"widgetType":"tbay-banner","elType":"widget"}],"isInner":false,"elType":"column"}],"isInner":false,"elType":"section"},{"id":"54beccb0","settings":{"margin":{"unit":"px","top":"97","right":0,"bottom":"0","left":0,"isLinked":false},"margin_tablet":{"unit":"px","top":"30","right":0,"bottom":"0","left":0,"isLinked":false},"stretch_section":"section-stretched"},"elements":[{"id":"35074a51","settings":{"_column_size":100,"_inline_size":null},"elements":[{"id":"227d2c1f","settings":{"heading_title":"For Men\u2019s","heading_subtitle":"Men\u2019s","heading_description":"Helping people manage anxiety, pain, and\nsleeplessness.","heading_title_bottom_space":{"unit":"px","size":16,"sizes":[]},"heading_subtitle_typography_typography":"custom","heading_subtitle_typography_font_family":"Whisper","heading_subtitle_typography_font_size":{"unit":"px","size":32,"sizes":[]},"heading_subtitle_typography_line_height":{"unit":"px","size":38,"sizes":[]},"heading_subtitle_color":"#CA6D6F","heading_subtitle_bottom_space":{"unit":"px","size":3,"sizes":[]},"heading_description_bottom_space":{"unit":"px","size":53,"sizes":[]}},"elements":[],"isInner":false,"widgetType":"tbay-heading","elType":"widget"}],"isInner":false,"elType":"column"}],"isInner":false,"elType":"section"},{"id":"441005f","settings":{"structure":"20","stretch_section":"section-stretched"},"elements":[{"id":"5e882694","settings":{"_column_size":50,"_inline_size":null,"_inline_size_tablet":100},"elements":[{"id":"3e1416bb","settings":{"limit":8,"categories":["clothing","dresses"],"text_show_all":"View all products","column":"2","column_tablet":"3","col_desktop":"2","order":"desc","layout_type":"carousel","col_desktopsmall":"3","rows":"2","navigation":""},"elements":[],"isInner":false,"widgetType":"tbay-products","elType":"widget"}],"isInner":false,"elType":"column"},{"id":"47356aea","settings":{"_column_size":50,"_inline_size":null,"_inline_size_tablet":100},"elements":[{"id":"974fc20","settings":{"link":{"url":"https:\/\/el4.thembaydev.com\/fana\/shop\/","is_external":false,"nofollow":false,"custom_attributes":""},"image":{"url":"https:\/\/el4.thembaydev.com\/fana\/wp-content\/uploads\/2022\/08\/banner-05.jpg","id":4028,"alt":"","source":"library"},"banner_title":"Exclusive Collection 2022","banner_sub_title":"Extra 15% off <br>the up to 70% <br>off sale!","banner_description":"","banner_label":"Shop now","title_typography_typography":"custom","title_typography_font_size":{"unit":"px","size":20,"sizes":[]},"title_typography_line_height":{"unit":"px","size":32,"sizes":[]},"title_color":"#CA6D6F","subtitle_typography_typography":"custom","subtitle_typography_font_size":{"unit":"px","size":40,"sizes":[]},"subtitle_typography_line_height":{"unit":"px","size":48,"sizes":[]},"subtitle_color":"#121216","label_css_classes":"btn-theme-after","general_padding":{"unit":"px","top":"76","right":"0","bottom":"0","left":"48","isLinked":false},"subtitle_margin":{"unit":"px","top":"8","right":"0","bottom":"0","left":"0","isLinked":false},"label_typography_typography":"custom","label_typography_font_size":{"unit":"px","size":14,"sizes":[]},"label_typography_text_transform":"uppercase","label_typography_line_height":{"unit":"px","size":20,"sizes":[]},"label_margin":{"unit":"px","top":"40","right":"0","bottom":"0","left":"0","isLinked":false},"label_padding":{"unit":"px","top":"16","right":"52","bottom":"16","left":"52","isLinked":false},"label_color":"#FFFFFF","label_color_hover":"#000000","__globals__":{"label_bg_color":"globals\/colors?id=primary"},"banner_effects":"zoom-in-1","general_padding_mobile":{"unit":"px","top":"10","right":"0","bottom":"0","left":"20","isLinked":false},"title_typography_font_size_mobile":{"unit":"px","size":20,"sizes":[]},"title_typography_line_height_mobile":{"unit":"px","size":32,"sizes":[]},"subtitle_typography_font_size_mobile":{"unit":"px","size":24,"sizes":[]},"subtitle_typography_line_height_mobile":{"unit":"px","size":30,"sizes":[]},"label_margin_mobile":{"unit":"px","top":"20","right":"0","bottom":"0","left":"0","isLinked":false},"label_padding_mobile":{"unit":"px","top":"10","right":"20","bottom":"10","left":"20","isLinked":false},"title_margin_mobile":{"unit":"px","top":"0","right":"150","bottom":"0","left":"0","isLinked":false}},"elements":[],"isInner":false,"widgetType":"tbay-banner","elType":"widget"}],"isInner":false,"elType":"column"}],"isInner":false,"elType":"section"},{"id":"3e1d9ecc","settings":{"margin":{"unit":"px","top":"148","right":0,"bottom":"0","left":0,"isLinked":false},"margin_tablet":{"unit":"px","top":"30","right":0,"bottom":"0","left":0,"isLinked":false},"stretch_section":"section-stretched"},"elements":[{"id":"6ad49a3a","settings":{"_column_size":100,"_inline_size":null},"elements":[{"id":"fd22abe","settings":{"link":{"url":"https:\/\/el4.thembaydev.com\/fana\/shop\/","is_external":false,"nofollow":false,"custom_attributes":""},"image":{"url":"https:\/\/el4.thembaydev.com\/fana\/wp-content\/uploads\/2022\/08\/banner-06.jpg","id":4029,"alt":"","source":"library"},"banner_title":"Season Sale 2022","banner_sub_title":"Women\u2019s Backpacks","banner_description":"All New For Women\u2019s","banner_label":"All new for women\u2019s","general_horizontal_alignment":"center","general_vertical_alignment":"center","general_text_alignment":"center","title_typography_typography":"custom","title_typography_font_size":{"unit":"px","size":20,"sizes":[]},"title_color":"#CFEE10","subtitle_typography_typography":"custom","subtitle_typography_font_size":{"unit":"px","size":40,"sizes":[]},"subtitle_typography_line_height":{"unit":"px","size":40,"sizes":[]},"subtitle_color":"#FFFFFF","description_typography_typography":"custom","description_typography_font_size":{"unit":"px","size":16,"sizes":[]},"description_typography_line_height":{"unit":"px","size":24,"sizes":[]},"description_margin":{"unit":"px","top":"20","right":"0","bottom":"20","left":"0","isLinked":false},"description_color":"#FFFFFF","label_typography_typography":"custom","label_typography_font_size":{"unit":"px","size":14,"sizes":[]},"label_typography_text_transform":"uppercase","label_typography_line_height":{"unit":"px","size":20,"sizes":[]},"label_padding":{"unit":"px","top":"16","right":"24","bottom":"16","left":"24","isLinked":false},"label_bg_color":"#FFFFFF","label_css_classes":"btn-theme-after","banner_effects":"zoom-in-1","title_typography_font_size_tablet":{"unit":"px","size":16,"sizes":[]},"subtitle_typography_font_size_tablet":{"unit":"px","size":30,"sizes":[]},"description_typography_font_size_tablet":{"unit":"px","size":14,"sizes":[]},"description_margin_tablet":{"unit":"px","top":"0","right":"0","bottom":"10","left":"0","isLinked":false},"label_padding_tablet":{"unit":"px","top":"5","right":"10","bottom":"5","left":"10","isLinked":false},"title_typography_font_size_mobile":{"unit":"px","size":16,"sizes":[]},"title_typography_line_height_mobile":{"unit":"px","size":20,"sizes":[]},"title_margin_mobile":{"unit":"px","top":"20","right":"0","bottom":"0","left":"0","isLinked":false},"subtitle_typography_font_size_mobile":{"unit":"px","size":20,"sizes":[]},"subtitle_typography_line_height_mobile":{"unit":"px","size":24,"sizes":[]},"general_padding_mobile":{"unit":"px","top":"0","right":"0","bottom":"0","left":"0","isLinked":false},"general_vertical_alignment_mobile":"flex-start","subtitle_margin_mobile":{"unit":"px","top":"0","right":"0","bottom":"70","left":"0","isLinked":false}},"elements":[],"isInner":false,"widgetType":"tbay-banner","elType":"widget"}],"isInner":false,"elType":"column"}],"isInner":false,"elType":"section"},{"id":"540eefc3","settings":{"layout":"full_width","background_overlay_background":"classic","background_overlay_color":"#FAF9F7","background_overlay_opacity":{"unit":"px","size":1,"sizes":[]},"padding":{"unit":"px","top":"98","right":"0","bottom":"100","left":"0","isLinked":false},"margin":{"unit":"px","top":"100","right":0,"bottom":"0","left":0,"isLinked":false},"margin_tablet":{"unit":"px","top":"30","right":0,"bottom":"0","left":0,"isLinked":false},"padding_tablet":{"unit":"px","top":"50","right":"0","bottom":"50","left":"0","isLinked":false},"padding_mobile":{"unit":"px","top":"30","right":"0","bottom":"30","left":"0","isLinked":false},"content_width":{"unit":"px","size":723,"sizes":[]},"stretch_section":"section-stretched"},"elements":[{"id":"7c0ee6b2","settings":{"_column_size":100,"_inline_size":null,"padding":{"unit":"px","top":"0","right":"0","bottom":"0","left":"0","isLinked":false}},"elements":[{"id":"1ca7b98b","settings":{"heading_title":"Say hello subscribe to update","heading_subtitle":"Style Gallary","heading_description":"Helping people manage anxiety, pain, and\nsleeplessness.","heading_title_bottom_space":{"unit":"px","size":16,"sizes":[]},"heading_subtitle_typography_typography":"custom","heading_subtitle_typography_font_family":"Whisper","heading_subtitle_typography_font_size":{"unit":"px","size":32,"sizes":[]},"heading_subtitle_typography_line_height":{"unit":"px","size":38,"sizes":[]},"heading_subtitle_color":"#CA6D6F","heading_subtitle_bottom_space":{"unit":"px","size":3,"sizes":[]},"heading_description_bottom_space":{"unit":"px","size":53,"sizes":[]},"heading_description_max_width":{"unit":"px","size":300,"sizes":[]},"_padding_mobile":{"unit":"px","top":"0","right":"15","bottom":"0","left":"15","isLinked":false}},"elements":[],"isInner":false,"widgetType":"tbay-heading","elType":"widget"},{"id":"44297b38","settings":{"list_gallery":[{"_id":"8a129db","gallery":{"url":"https:\/\/el4.thembaydev.com\/fana\/wp-content\/uploads\/2022\/08\/gallery-01.jpg","id":3781,"alt":"","source":"library"},"text_gallery":"F"},{"gallery":{"url":"https:\/\/el4.thembaydev.com\/fana\/wp-content\/uploads\/2022\/08\/gallery-02.jpg","id":3782,"alt":"","source":"library"},"text_gallery":"A","_id":"dd23731"},{"gallery":{"url":"https:\/\/el4.thembaydev.com\/fana\/wp-content\/uploads\/2022\/08\/gallery-03.jpg","id":3783,"alt":"","source":"library"},"text_gallery":"N","_id":"459cb3e"},{"gallery":{"url":"https:\/\/el4.thembaydev.com\/fana\/wp-content\/uploads\/2022\/08\/gallery-04.jpg","id":3784,"alt":"","source":"library"},"text_gallery":"A","_id":"37eb4df"}],"post_title_typography_font_family":"Ivy Mode","post_title_typography_font_size":{"unit":"px","size":450,"sizes":[]},"text_photo_align":"center","wrapper_margin_style":{"unit":"px","top":"0","right":"-5","bottom":"0","left":"-5","isLinked":false},"post_title_typography_typography":"custom","layout_type":"carousel","post_title_typography_font_size_tablet":{"unit":"px","size":230,"sizes":[]},"col_desktopsmall":"4","post_title_typography_font_size_mobile":{"unit":"px","size":150,"sizes":[]},"wrapper_margin_style_mobile":{"unit":"px","top":"0","right":"7","bottom":"0","left":"7","isLinked":false},"gallery_effects":"zoom-in-1","item_margin_style":{"unit":"px","top":"0","right":"5","bottom":"0","left":"5","isLinked":false},"item_margin_style_mobile":{"unit":"px","top":"0","right":"0","bottom":"0","left":"0","isLinked":false}},"elements":[],"isInner":false,"widgetType":"tbay-custom-gallery","elType":"widget"}],"isInner":false,"elType":"column"}],"isInner":false,"elType":"section"},{"id":"39109290","settings":{"content_position":"middle","padding":{"unit":"px","top":"110","right":"0","bottom":"83","left":"0","isLinked":false},"padding_tablet":{"unit":"px","top":"50","right":"0","bottom":"50","left":"0","isLinked":false},"stretch_section":"section-stretched"},"elements":[{"id":"fc3c226","settings":{"_column_size":100,"_inline_size":null},"elements":[{"id":"33060bf0","settings":{"heading_title":"Sign up and get up to <span style=\"color: #F2431B\">20%<\/span> off your <br>first purchase","heading_subtitle":"Newsletter","heading_title_typography_typography":"custom","heading_title_typography_font_family":"Ivy Mode","heading_title_typography_font_size":{"unit":"px","size":34,"sizes":[]},"heading_title_typography_font_weight":"normal","heading_title_typography_line_height":{"unit":"px","size":42,"sizes":[]},"heading_subtitle_typography_typography":"custom","heading_subtitle_typography_font_family":"Whisper","heading_subtitle_typography_font_size":{"unit":"px","size":48,"sizes":[]},"heading_subtitle_color":"#CA6D6F","heading_title_bottom_space":{"unit":"px","size":13,"sizes":[]},"heading_subtitle_bottom_space":{"unit":"px","size":14,"sizes":[]},"_element_custom_width":{"unit":"px","size":"","sizes":[]},"_element_custom_width_tablet":{"unit":"vw","size":"","sizes":[]},"_element_custom_width_mobile":{"unit":"vw","size":"","sizes":[]},"_element_vertical_align":"center","heading_title_typography_font_size_mobile":{"unit":"px","size":20,"sizes":[]},"heading_title_typography_line_height_mobile":{"unit":"px","size":24,"sizes":[]},"heading_subtitle_typography_font_size_mobile":{"unit":"px","size":40,"sizes":[]},"heading_subtitle_typography_line_height_mobile":{"unit":"px","size":46,"sizes":[]}},"elements":[],"isInner":false,"widgetType":"tbay-heading","elType":"widget"},{"id":"627cf8c9","settings":{"width_button":{"unit":"px","size":150,"sizes":[]},"width_input":{"unit":"px","size":522,"sizes":[]},"width_input_tablet":{"unit":"%","size":100,"sizes":[]},"width_input_mobile":{"unit":"%","size":"","sizes":[]},"input_border_radius":{"unit":"px","top":"","right":"","bottom":"","left":"","isLinked":true},"input_margin":{"unit":"px","top":"0","right":"0","bottom":"0","left":"0","isLinked":true},"button_border_radius":{"unit":"px","top":"","right":"","bottom":"","left":"","isLinked":true},"icon_margin_tablet":{"unit":"px","top":"0","right":"0","bottom":"0","left":"0","isLinked":false},"typography_typography":"custom","typography_font_size_tablet":{"unit":"px","size":0,"sizes":[]},"icon_font_size_tablet":{"unit":"px","size":15,"sizes":[]},"icon_margin_mobile":{"unit":"px","top":"0","right":"0","bottom":"0","left":"0","isLinked":false},"typography_font_size_mobile":{"unit":"px","size":0,"sizes":[]},"icon_font_size_mobile":{"unit":"px","size":14,"sizes":[]},"typography_letter_spacing":{"unit":"px","size":2,"sizes":[]},"_margin":{"unit":"px","top":"24","right":"0","bottom":"16","left":"0","isLinked":false},"typography_letter_spacing_tablet":{"unit":"px","size":0,"sizes":[]},"typography_font_size":{"unit":"px","size":15,"sizes":[]},"_margin_mobile":{"unit":"px","top":"16","right":"0","bottom":"8","left":"0","isLinked":false},"form_style_align_content":"center","mailchip_style_typography_typography":"custom","mailchip_style_typography_font_size":{"unit":"px","size":14,"sizes":[]},"button_margin":{"unit":"px","top":"0","right":"0","bottom":"0","left":"8","isLinked":false}},"elements":[],"isInner":false,"widgetType":"tbay-newsletter","elType":"widget"}],"isInner":false,"elType":"column"}],"isInner":false,"elType":"section"}],"page_settings":[],"version":"0.4","title":"home","type":"page"}