{"content":[{"id":"4dbbaa14","settings":{"stretch_section":"section-stretched","padding":{"unit":"px","top":"32","right":"0","bottom":"80","left":"0","isLinked":false},"padding_mobile":{"unit":"px","top":"0","right":"0","bottom":"20","left":"0","isLinked":false}},"elements":[{"id":"44013325","settings":{"_column_size":100,"_inline_size":null},"elements":[{"id":"5b5562d0","settings":{"empty":"You have no recently viewed item.","limit":30,"enable_readmore":"","column":"5","col_desktop":"5","readmore_text":"Read More","readmore_page":147},"elements":[],"isInner":false,"widgetType":"tbay-product-recently-viewed-main","elType":"widget"}],"isInner":false,"elType":"column"}],"isInner":false,"elType":"section"}],"page_settings":[],"version":"0.4","title":"Recently","type":"page"}