{"content":[{"id":"38c583a8","settings":{"structure":"20","stretch_section":"section-stretched","margin":{"unit":"px","top":"32","right":0,"bottom":"0","left":0,"isLinked":false},"margin_tablet":{"unit":"px","top":"0","right":0,"bottom":"0","left":0,"isLinked":false}},"elements":[{"id":"4d000da9","settings":{"_column_size":50,"_inline_size":null,"_inline_size_tablet":100},"elements":[{"id":"289b6d2b","settings":{"image":{"url":"https:\/\/el4.thembaydev.com\/fana\/wp-content\/uploads\/2022\/09\/bg-our-team-01.jpg","id":4905,"alt":"","source":"library"},"image_size":"full"},"elements":[],"isInner":false,"widgetType":"image","elType":"widget"}],"isInner":false,"elType":"column"},{"id":"3a94c558","settings":{"_column_size":50,"_inline_size":null,"content_position":"center","padding":{"unit":"px","top":"0","right":"20","bottom":"0","left":"60","isLinked":false},"_inline_size_tablet":100,"padding_tablet":{"unit":"px","top":"40","right":"20","bottom":"0","left":"20","isLinked":false}},"elements":[{"id":"55beb091","settings":{"title":"What We Do","typography_typography":"custom","typography_font_family":"Ivy Mode","typography_font_size":{"unit":"px","size":40,"sizes":[]},"typography_line_height":{"unit":"px","size":48,"sizes":[]}},"elements":[],"isInner":false,"widgetType":"heading","elType":"widget"},{"id":"5774cde5","settings":{"editor":"<p>Find the right care right when you need it. Start by choosing your reason for visit, and we'll help you find the right care.<\/p>","text_color":"#646464","_margin":{"unit":"px","top":"17","right":"0","bottom":"0","left":"0","isLinked":false}},"elements":[],"isInner":false,"widgetType":"text-editor","elType":"widget"},{"id":"67f0702b","settings":{"text":"Divider","color":"#DDDDDD","gap":{"unit":"px","size":14,"sizes":[]}},"elements":[],"isInner":false,"widgetType":"divider","elType":"widget"},{"id":"32dfe564","settings":{"structure":"20"},"elements":[{"id":"12a8c162","settings":{"_column_size":50,"_inline_size":null,"padding":{"unit":"px","top":"0","right":"0","bottom":"0","left":"0","isLinked":false}},"elements":[{"id":"5fa25668","settings":{"icon_list":[{"text":"Shop directly and save!","selected_icon":{"value":"fas fa-circle","library":"fa-solid"},"_id":"61af9cb"},{"text":"Free or discounted shipping","selected_icon":{"value":"fas fa-circle","library":"fa-solid"},"_id":"3a68e2f"},{"text":"Assurance of freshness with expiration dates","selected_icon":{"value":"fas fa-circle","library":"fa-solid"},"_id":"a9c9e86"}],"icon_size":{"unit":"px","size":6,"sizes":[]},"__globals__":{"icon_color":"globals\/colors?id=primary"},"space_between":{"unit":"px","size":12,"sizes":[]}},"elements":[],"isInner":false,"widgetType":"icon-list","elType":"widget"}],"isInner":true,"elType":"column"},{"id":"3b4a553a","settings":{"_column_size":50,"_inline_size":null,"padding_mobile":{"unit":"px","top":"17","right":"0","bottom":"0","left":"0","isLinked":false}},"elements":[{"id":"55f966f1","settings":{"icon_list":[{"text":"24 hour\/7 day customer service","selected_icon":{"value":"fas fa-circle","library":"fa-solid"},"_id":"61af9cb"},{"text":"A greener way to shop","selected_icon":{"value":"fas fa-circle","library":"fa-solid"},"_id":"3a68e2f"},{"text":"Shop directly and save!","selected_icon":{"value":"fas fa-circle","library":"fa-solid"},"_id":"a9c9e86"}],"icon_size":{"unit":"px","size":6,"sizes":[]},"__globals__":{"icon_color":"globals\/colors?id=primary"},"space_between":{"unit":"px","size":12,"sizes":[]}},"elements":[],"isInner":false,"widgetType":"icon-list","elType":"widget"}],"isInner":true,"elType":"column"}],"isInner":true,"elType":"section"}],"isInner":false,"elType":"column"}],"isInner":false,"elType":"section"},{"id":"81e5504","settings":{"layout":"full_width","stretch_section":"section-stretched"},"elements":[{"id":"7337c635","settings":{"_column_size":100,"_inline_size":null,"padding":{"unit":"px","top":"0","right":"0","bottom":"0","left":"0","isLinked":false}},"elements":[{"id":"34144a30","settings":{"text":"Divider","gap":{"unit":"px","size":64,"sizes":[]},"__globals__":{"color":"globals\/colors?id=accent"},"gap_tablet":{"unit":"px","size":30,"sizes":[]}},"elements":[],"isInner":false,"widgetType":"divider","elType":"widget"}],"isInner":false,"elType":"column"}],"isInner":false,"elType":"section"},{"id":"86e9c5c","settings":{"stretch_section":"section-stretched","structure":"20"},"elements":[{"id":"5ceb31f5","settings":{"_column_size":50,"_inline_size":null,"content_position":"center","background_background":"classic","background_color":"#FAFAFA","_inline_size_tablet":100,"padding_tablet":{"unit":"px","top":"30","right":"0","bottom":"30","left":"0","isLinked":false}},"elements":[{"id":"4907798c","settings":{"title":"Who We Are?","header_size":"h3","align":"center","typography_typography":"custom","typography_font_family":"Ivy Mode","typography_font_size":{"unit":"px","size":40,"sizes":[]},"typography_line_height":{"unit":"px","size":48,"sizes":[]}},"elements":[],"isInner":false,"widgetType":"heading","elType":"widget"},{"id":"264cab95","settings":{"editor":"<p>Providers of High Quality Products with affordable price.<\/p>","align":"center"},"elements":[],"isInner":false,"widgetType":"text-editor","elType":"widget"},{"id":"4f711c71","settings":{"text":"Explore About Us","link":{"url":"https:\/\/el4.thembaydev.com\/fana\/shop\/","is_external":"","nofollow":"","custom_attributes":""},"align":"center","size":"xs","selected_icon":{"value":"tb-icon tb-icon-plus","library":"tbay-custom"},"icon_align":"right","icon_indent":{"unit":"px","size":15,"sizes":[]},"icon_font_size":{"unit":"px","size":14,"sizes":[]},"typography_typography":"custom","typography_font_size":{"unit":"px","size":16,"sizes":[]},"typography_line_height":{"unit":"px","size":24,"sizes":[]},"button_text_color":"#121216","background_color":"#02010100","__globals__":{"hover_color":"globals\/colors?id=primary"}},"elements":[],"isInner":false,"widgetType":"button","elType":"widget"}],"isInner":false,"elType":"column"},{"id":"2ec24a5b","settings":{"_column_size":50,"_inline_size":null,"padding":{"unit":"px","top":"0","right":"20","bottom":"0","left":"60","isLinked":false},"_inline_size_tablet":100,"padding_tablet":{"unit":"px","top":"30","right":"0","bottom":"0","left":"0","isLinked":false}},"elements":[{"id":"5fc363cc","settings":{"structure":"20"},"elements":[{"id":"4358ebc2","settings":{"_column_size":50,"_inline_size":null},"elements":[{"id":"2b4f9d21","settings":{"selected_icon":{"value":"tb-icon tb-icon-tick-circle","library":"tbay-custom"},"title_text":"10+ Years Experience","description_text":"Lorem ipsum dolor sit amet, consectetur adipiscing elit","position":"left","icon_space":{"unit":"px","size":26,"sizes":[]},"icon_size":{"unit":"px","size":44,"sizes":[]},"title_typography_typography":"custom","title_typography_font_family":"Ivy Mode","title_typography_font_size":{"unit":"px","size":18,"sizes":[]},"title_typography_line_height":{"unit":"px","size":24,"sizes":[]},"description_color":"#646464","_margin":{"unit":"px","top":"0","right":"0","bottom":"39","left":"0","isLinked":false},"__globals__":{"primary_color":"globals\/colors?id=primary"},"position_mobile":"left"},"elements":[],"isInner":false,"widgetType":"icon-box","elType":"widget"},{"id":"599d280a","settings":{"selected_icon":{"value":"tb-icon tb-icon-tick-circle","library":"tbay-custom"},"title_text":"Committed to Support","description_text":"Lorem ipsum dolor sit amet, consectetur adipiscing elit","position":"left","icon_space":{"unit":"px","size":26,"sizes":[]},"icon_size":{"unit":"px","size":44,"sizes":[]},"title_typography_typography":"custom","title_typography_font_family":"Ivy Mode","title_typography_font_size":{"unit":"px","size":18,"sizes":[]},"title_typography_line_height":{"unit":"px","size":24,"sizes":[]},"description_color":"#646464","__globals__":{"primary_color":"globals\/colors?id=primary"},"position_mobile":"left"},"elements":[],"isInner":false,"widgetType":"icon-box","elType":"widget"}],"isInner":true,"elType":"column"},{"id":"40757c65","settings":{"_column_size":50,"_inline_size":null,"margin_mobile":{"unit":"px","top":"40","right":"0","bottom":"0","left":"0","isLinked":false}},"elements":[{"id":"5ec4ab06","settings":{"selected_icon":{"value":"tb-icon tb-icon-tick-circle","library":"tbay-custom"},"title_text":"Creative & Innovative","description_text":"Lorem ipsum dolor sit amet, consectetur adipiscing elit","position":"left","icon_space":{"unit":"px","size":26,"sizes":[]},"icon_size":{"unit":"px","size":44,"sizes":[]},"title_typography_typography":"custom","title_typography_font_family":"Ivy Mode","title_typography_font_size":{"unit":"px","size":18,"sizes":[]},"title_typography_line_height":{"unit":"px","size":24,"sizes":[]},"description_color":"#646464","_margin":{"unit":"px","top":"0","right":"0","bottom":"39","left":"0","isLinked":false},"__globals__":{"primary_color":"globals\/colors?id=primary"},"position_mobile":"left"},"elements":[],"isInner":false,"widgetType":"icon-box","elType":"widget"},{"id":"5a4ccc0e","settings":{"selected_icon":{"value":"tb-icon tb-icon-tick-circle","library":"tbay-custom"},"title_text":"Delivering on Right Time","description_text":"Lorem ipsum dolor sit amet, consectetur adipiscing elit","position":"left","icon_space":{"unit":"px","size":26,"sizes":[]},"icon_size":{"unit":"px","size":44,"sizes":[]},"title_typography_typography":"custom","title_typography_font_family":"Ivy Mode","title_typography_font_size":{"unit":"px","size":18,"sizes":[]},"title_typography_line_height":{"unit":"px","size":24,"sizes":[]},"description_color":"#646464","__globals__":{"primary_color":"globals\/colors?id=primary"},"position_mobile":"left"},"elements":[],"isInner":false,"widgetType":"icon-box","elType":"widget"}],"isInner":true,"elType":"column"}],"isInner":true,"elType":"section"}],"isInner":false,"elType":"column"}],"isInner":false,"elType":"section"},{"id":"4b23ebc1","settings":{"layout":"full_width","stretch_section":"section-stretched","background_background":"classic","background_color":"#FAFAFA","padding":{"unit":"px","top":"80","right":"0","bottom":"80","left":"0","isLinked":false},"margin":{"unit":"px","top":"64","right":0,"bottom":"0","left":0,"isLinked":false},"padding_tablet":{"unit":"px","top":"30","right":"0","bottom":"30","left":"0","isLinked":false}},"elements":[{"id":"7df506d9","settings":{"_column_size":100,"_inline_size":null},"elements":[{"id":"2e5664e0","settings":{"structure":"34"},"elements":[{"id":"4f96218f","settings":{"_column_size":16,"_inline_size":null},"elements":[],"isInner":true,"elType":"column"},{"id":"304c0ce7","settings":{"_column_size":66,"_inline_size":null,"_inline_size_tablet":100},"elements":[{"id":"7153b5d8","settings":{"title":"We strive to live with compassion, kindness and empathy","header_size":"h3","align":"center","typography_typography":"custom","typography_font_family":"Ivy Mode","typography_font_size":{"unit":"px","size":34,"sizes":[]},"typography_line_height":{"unit":"px","size":42,"sizes":[]},"typography_font_size_mobile":{"unit":"px","size":22,"sizes":[]},"typography_line_height_mobile":{"unit":"px","size":30,"sizes":[]}},"elements":[],"isInner":false,"widgetType":"heading","elType":"widget"},{"id":"58d2ce05","settings":{"editor":"<p>lot of so-called stretch denim pants out there are just glorified sweatpants \u2013 they get baggy and lose their shape. Not cool. Our tightly knitted fabric holds its form after repeated wear. Plus, Aldays dress up or down, no prob.<\/p>","align":"center","_margin":{"unit":"px","top":"14","right":"0","bottom":"0","left":"0","isLinked":false}},"elements":[],"isInner":false,"widgetType":"text-editor","elType":"widget"}],"isInner":true,"elType":"column"},{"id":"22b4b972","settings":{"_column_size":16,"_inline_size":null},"elements":[],"isInner":true,"elType":"column"}],"isInner":true,"elType":"section"},{"id":"42cd68ea","settings":{"structure":"30","margin":{"unit":"px","top":"62","right":0,"bottom":"64","left":0,"isLinked":false}},"elements":[{"id":"7c5717bc","settings":{"_column_size":33,"_inline_size":null},"elements":[{"id":"3bb961c7","settings":{"selected_icon":{"value":"tb-icon tb-icon-guarantee","library":"tbay-custom"},"title_text":"Guaranteed PURE","description_text":"All Grace formulations adhere to strict purity standards and will never contain harsh or toxic ingredients","position":"top","icon_space":{"unit":"px","size":19,"sizes":[]},"icon_size":{"unit":"px","size":60,"sizes":[]},"title_typography_typography":"custom","title_typography_font_family":"Ivy Mode","title_typography_font_size":{"unit":"px","size":18,"sizes":[]},"title_typography_line_height":{"unit":"px","size":24,"sizes":[]},"__globals__":{"primary_color":"globals\/colors?id=primary"},"title_bottom_space":{"unit":"px","size":8,"sizes":[]}},"elements":[],"isInner":false,"widgetType":"icon-box","elType":"widget"}],"isInner":true,"elType":"column"},{"id":"5dcc69af","settings":{"_column_size":33,"_inline_size":null,"margin_mobile":{"unit":"px","top":"30","right":"0","bottom":"0","left":"0","isLinked":false}},"elements":[{"id":"44c1aae2","settings":{"selected_icon":{"value":"tb-icon tb-icon-animal","library":"tbay-custom"},"title_text":"Completely Cruelty-Free","description_text":"All Grace formulations adhere to strict purity standards and will never contain harsh or toxic ingredients","position":"top","icon_space":{"unit":"px","size":21,"sizes":[]},"icon_size":{"unit":"px","size":58,"sizes":[]},"title_typography_typography":"custom","title_typography_font_family":"Ivy Mode","title_typography_font_size":{"unit":"px","size":18,"sizes":[]},"title_typography_line_height":{"unit":"px","size":24,"sizes":[]},"__globals__":{"primary_color":"globals\/colors?id=primary"},"title_bottom_space":{"unit":"px","size":8,"sizes":[]}},"elements":[],"isInner":false,"widgetType":"icon-box","elType":"widget"}],"isInner":true,"elType":"column"},{"id":"3f6c8252","settings":{"_column_size":33,"_inline_size":null,"margin_mobile":{"unit":"px","top":"30","right":"0","bottom":"0","left":"0","isLinked":false}},"elements":[{"id":"61fa48c7","settings":{"selected_icon":{"value":"tb-icon tb-icon-size-guide","library":"tbay-custom"},"title_text":"Ingredient Sourcing","description_text":"All Grace formulations adhere to strict purity standards and will never contain harsh or toxic ingredients","position":"top","icon_space":{"unit":"px","size":25,"sizes":[]},"icon_size":{"unit":"px","size":54,"sizes":[]},"title_typography_typography":"custom","title_typography_font_family":"Ivy Mode","title_typography_font_size":{"unit":"px","size":18,"sizes":[]},"title_typography_line_height":{"unit":"px","size":24,"sizes":[]},"__globals__":{"primary_color":"globals\/colors?id=primary"},"title_bottom_space":{"unit":"px","size":8,"sizes":[]}},"elements":[],"isInner":false,"widgetType":"icon-box","elType":"widget"}],"isInner":true,"elType":"column"}],"isInner":true,"elType":"section"},{"id":"67462486","settings":{"structure":"20"},"elements":[{"id":"7cbea3a","settings":{"_column_size":50,"_inline_size":null,"padding_mobile":{"unit":"px","top":"0","right":"0","bottom":"0","left":"0","isLinked":false}},"elements":[{"id":"441f7716","settings":{"image":{"url":"https:\/\/el4.thembaydev.com\/fana\/wp-content\/uploads\/2022\/09\/bg-our-team-02.jpg","id":4907,"alt":"","source":"library"},"image_size":"full"},"elements":[],"isInner":false,"widgetType":"image","elType":"widget"}],"isInner":true,"elType":"column"},{"id":"5e58b26a","settings":{"_column_size":50,"_inline_size":null,"padding_mobile":{"unit":"px","top":"20","right":"0","bottom":"0","left":"0","isLinked":false}},"elements":[{"id":"43d2b2a6","settings":{"image":{"url":"https:\/\/el4.thembaydev.com\/fana\/wp-content\/uploads\/2022\/09\/bg-our-team-03.jpg","id":4908,"alt":"","source":"library"},"image_size":"full"},"elements":[],"isInner":false,"widgetType":"image","elType":"widget"}],"isInner":true,"elType":"column"}],"isInner":true,"elType":"section"}],"isInner":false,"elType":"column"}],"isInner":false,"elType":"section"},{"id":"5d4360aa","settings":{"stretch_section":"section-stretched","margin":{"unit":"px","top":"64","right":0,"bottom":"17","left":0,"isLinked":false}},"elements":[{"id":"5150c6ec","settings":{"_column_size":100,"_inline_size":null},"elements":[{"id":"7a488369","settings":{"title":"Our Team","header_size":"h3","align":"center","typography_typography":"custom","typography_font_family":"Ivy Mode","typography_font_size":{"unit":"px","size":48,"sizes":[]},"typography_line_height":{"unit":"px","size":56,"sizes":[]}},"elements":[],"isInner":false,"widgetType":"heading","elType":"widget"},{"id":"5cc108a6","settings":{"editor":"<p>Lorem ipsum dolor sit amet, consectetur<br \/>adipisicing elit, sed do eiusmod tempor incididunt ut labore et dolore<\/p>","align":"center","text_color":"#888888","_margin":{"unit":"px","top":"13","right":"0","bottom":"16","left":"0","isLinked":false}},"elements":[],"isInner":false,"widgetType":"text-editor","elType":"widget"},{"id":"68383629","settings":{"structure":"40","margin":{"unit":"px","top":"30","right":0,"bottom":"30","left":0,"isLinked":false}},"elements":[{"id":"ee76bc7","settings":{"_column_size":25,"_inline_size":null,"_inline_size_tablet":50},"elements":[{"id":"2a2aa9a8","settings":{"our_team":[{"our_team_name":"Jane Cooper","our_team_image":{"url":"https:\/\/el4.thembaydev.com\/fana\/wp-content\/uploads\/2022\/01\/our-team-01.jpg","id":1920,"alt":"","source":"library"},"our_team_link_fb":{"url":"#","is_external":true,"nofollow":true},"our_team_link_tw":{"url":"#","is_external":true,"nofollow":true},"our_team_link_gg":{"url":"#","is_external":true,"nofollow":true},"our_team_link_linkin":{"url":"","is_external":true,"nofollow":true},"our_team_link_instaram":{"url":"#","is_external":true,"nofollow":true},"_id":"c4757d5","our_team_job":"Starbucks"}],"column":"1","column_tablet":"1","column_mobile":"1","col_desktop":"1","col_desktopsmall":"1","navigation":"","disable_mobile":"","col_landscape":"1","image_border_radius":{"unit":"%","top":"100","right":"100","bottom":"100","left":"100","isLinked":true}},"elements":[],"isInner":false,"widgetType":"tbay-our-team","elType":"widget"}],"isInner":true,"elType":"column"},{"id":"6444b099","settings":{"_column_size":25,"_inline_size":null,"_inline_size_tablet":50},"elements":[{"id":"664b1f21","settings":{"our_team":[{"our_team_name":"Jonh Doe","our_team_image":{"url":"https:\/\/el4.thembaydev.com\/fana\/wp-content\/uploads\/2022\/01\/our-team-04.jpg","id":2128,"alt":"","source":"library"},"our_team_link_fb":{"url":"#","is_external":true,"nofollow":true},"our_team_link_tw":{"url":"#","is_external":true,"nofollow":true},"our_team_link_gg":{"url":"#","is_external":true,"nofollow":true},"our_team_link_linkin":{"url":"","is_external":true,"nofollow":true},"our_team_link_instaram":{"url":"#","is_external":true,"nofollow":true},"_id":"c4757d5","our_team_job":"CEO"}],"column":"1","column_tablet":"1","column_mobile":"1","col_desktop":"1","col_desktopsmall":"1","navigation":"","disable_mobile":"","col_landscape":"1","image_border_radius":{"unit":"%","top":"100","right":"100","bottom":"100","left":"100","isLinked":true}},"elements":[],"isInner":false,"widgetType":"tbay-our-team","elType":"widget"}],"isInner":true,"elType":"column"},{"id":"34274138","settings":{"_column_size":25,"_inline_size":null,"_inline_size_tablet":50},"elements":[{"id":"3e02c4a1","settings":{"our_team":[{"our_team_name":"Martin Ken","our_team_image":{"url":"https:\/\/el4.thembaydev.com\/fana\/wp-content\/uploads\/2022\/01\/our-team-05.jpg","id":2127,"alt":"","source":"library"},"our_team_link_fb":{"url":"#","is_external":true,"nofollow":true},"our_team_link_tw":{"url":"#","is_external":true,"nofollow":true},"our_team_link_gg":{"url":"#","is_external":true,"nofollow":true},"our_team_link_linkin":{"url":"","is_external":true,"nofollow":true},"our_team_link_instaram":{"url":"#","is_external":true,"nofollow":true},"_id":"c4757d5","our_team_job":"SEO"}],"column":"1","column_tablet":"1","column_mobile":"1","col_desktop":"1","col_desktopsmall":"1","navigation":"","disable_mobile":"","col_landscape":"1","image_border_radius":{"unit":"%","top":"100","right":"100","bottom":"100","left":"100","isLinked":true}},"elements":[],"isInner":false,"widgetType":"tbay-our-team","elType":"widget"}],"isInner":true,"elType":"column"},{"id":"49cac297","settings":{"_column_size":25,"_inline_size":null,"_inline_size_tablet":50},"elements":[{"id":"60f53f7f","settings":{"our_team":[{"our_team_name":"Jane Cooper","our_team_image":{"url":"https:\/\/el4.thembaydev.com\/fana\/wp-content\/uploads\/2022\/01\/our-team-06.jpg","id":2129,"alt":"","source":"library"},"our_team_link_fb":{"url":"#","is_external":true,"nofollow":true},"our_team_link_tw":{"url":"#","is_external":true,"nofollow":true},"our_team_link_gg":{"url":"#","is_external":true,"nofollow":true},"our_team_link_linkin":{"url":"","is_external":true,"nofollow":true},"our_team_link_instaram":{"url":"#","is_external":true,"nofollow":true},"_id":"c4757d5","our_team_job":"Starbucks"}],"column":"1","column_tablet":"1","column_mobile":"1","col_desktop":"1","col_desktopsmall":"1","navigation":"","disable_mobile":"","col_landscape":"1","image_border_radius":{"unit":"%","top":"100","right":"100","bottom":"100","left":"100","isLinked":true}},"elements":[],"isInner":false,"widgetType":"tbay-our-team","elType":"widget"}],"isInner":true,"elType":"column"}],"isInner":true,"elType":"section"},{"id":"3d91090a","settings":{"structure":"40","margin":{"unit":"px","top":"3","right":0,"bottom":"30","left":0,"isLinked":false}},"elements":[{"id":"130c6c37","settings":{"_column_size":25,"_inline_size":null,"_inline_size_tablet":50},"elements":[{"id":"3e1d0575","settings":{"our_team":[{"our_team_name":"Jane Cooper","our_team_image":{"url":"https:\/\/el4.thembaydev.com\/fana\/wp-content\/uploads\/2022\/01\/our-team-07.jpg","id":2130,"alt":"","source":"library"},"our_team_link_fb":{"url":"#","is_external":true,"nofollow":true},"our_team_link_tw":{"url":"#","is_external":true,"nofollow":true},"our_team_link_gg":{"url":"#","is_external":true,"nofollow":true},"our_team_link_linkin":{"url":"","is_external":true,"nofollow":true},"our_team_link_instaram":{"url":"#","is_external":true,"nofollow":true},"_id":"c4757d5","our_team_job":"Starbucks"}],"column":"1","column_tablet":"1","column_mobile":"1","col_desktop":"1","col_desktopsmall":"1","navigation":"","disable_mobile":"","col_landscape":"1","image_border_radius":{"unit":"%","top":"100","right":"100","bottom":"100","left":"100","isLinked":true}},"elements":[],"isInner":false,"widgetType":"tbay-our-team","elType":"widget"}],"isInner":true,"elType":"column"},{"id":"541572c4","settings":{"_column_size":25,"_inline_size":null,"_inline_size_tablet":50},"elements":[{"id":"777d6803","settings":{"our_team":[{"our_team_name":"Jonh Doe","our_team_image":{"url":"https:\/\/el4.thembaydev.com\/fana\/wp-content\/uploads\/2022\/01\/our-team-08.jpg","id":2131,"alt":"","source":"library"},"our_team_link_fb":{"url":"#","is_external":true,"nofollow":true},"our_team_link_tw":{"url":"#","is_external":true,"nofollow":true},"our_team_link_gg":{"url":"#","is_external":true,"nofollow":true},"our_team_link_linkin":{"url":"","is_external":true,"nofollow":true},"our_team_link_instaram":{"url":"#","is_external":true,"nofollow":true},"_id":"c4757d5","our_team_job":"CEO"}],"column":"1","column_tablet":"1","column_mobile":"1","col_desktop":"1","col_desktopsmall":"1","navigation":"","disable_mobile":"","col_landscape":"1","image_border_radius":{"unit":"%","top":"100","right":"100","bottom":"100","left":"100","isLinked":true}},"elements":[],"isInner":false,"widgetType":"tbay-our-team","elType":"widget"}],"isInner":true,"elType":"column"},{"id":"bb29647","settings":{"_column_size":25,"_inline_size":null,"_inline_size_tablet":50},"elements":[{"id":"71d53bfa","settings":{"our_team":[{"our_team_name":"Martin Ken","our_team_image":{"url":"https:\/\/el4.thembaydev.com\/fana\/wp-content\/uploads\/2022\/01\/our-team-09.jpg","id":2132,"alt":"","source":"library"},"our_team_link_fb":{"url":"#","is_external":true,"nofollow":true},"our_team_link_tw":{"url":"#","is_external":true,"nofollow":true},"our_team_link_gg":{"url":"#","is_external":true,"nofollow":true},"our_team_link_linkin":{"url":"","is_external":true,"nofollow":true},"our_team_link_instaram":{"url":"#","is_external":true,"nofollow":true},"_id":"c4757d5","our_team_job":"SEO"}],"column":"1","column_tablet":"1","column_mobile":"1","col_desktop":"1","col_desktopsmall":"1","navigation":"","disable_mobile":"","col_landscape":"1","image_border_radius":{"unit":"%","top":"100","right":"100","bottom":"100","left":"100","isLinked":true}},"elements":[],"isInner":false,"widgetType":"tbay-our-team","elType":"widget"}],"isInner":true,"elType":"column"},{"id":"623ea1b8","settings":{"_column_size":25,"_inline_size":null,"_inline_size_tablet":50,"content_position_tablet":"top"},"elements":[{"id":"422f14fe","settings":{"selected_icon":{"value":"zmdi zmdi-plus","library":"material-design-iconic"},"title_text":"Become member in team","description_text":"","primary_color":"#FFFFFF","icon_space":{"unit":"px","size":6,"sizes":[]},"icon_size":{"unit":"px","size":38,"sizes":[]},"title_color":"#FFFFFF","title_typography_typography":"custom","title_typography_font_family":"Ivy Mode","title_typography_font_size":{"unit":"px","size":22,"sizes":[]},"title_typography_line_height":{"unit":"px","size":30,"sizes":[]},"_padding":{"unit":"px","top":"123","right":"0","bottom":"106","left":"0","isLinked":false},"_background_background":"classic","_background_color":"#2F4799","_border_radius":{"unit":"%","top":"100","right":"100","bottom":"100","left":"100","isLinked":true},"_border_radius_tablet":{"unit":"%","top":"","right":"","bottom":"","left":"","isLinked":true},"_border_radius_mobile":{"unit":"%","top":"","right":"","bottom":"","left":"","isLinked":true}},"elements":[],"isInner":false,"widgetType":"icon-box","elType":"widget"}],"isInner":true,"elType":"column"}],"isInner":true,"elType":"section"}],"isInner":false,"elType":"column"}],"isInner":false,"elType":"section"}],"page_settings":[],"version":"0.4","title":"our","type":"page"}