{"content":[{"id":"3d7dc66d","settings":{"stretch_section":"section-stretched","margin":{"unit":"px","top":"32","right":0,"bottom":"0","left":0,"isLinked":false},"margin_mobile":{"unit":"px","top":"0","right":0,"bottom":"0","left":0,"isLinked":false}},"elements":[{"id":"70775d9f","settings":{"_column_size":100,"_inline_size":null},"elements":[{"id":"58e678c8","settings":{"image":{"url":"https:\/\/el4.thembaydev.com\/fana\/wp-content\/uploads\/2022\/09\/about-us-01.jpg","id":4808,"alt":"","source":"library"},"image_size":"full"},"elements":[],"isInner":false,"widgetType":"image","elType":"widget"}],"isInner":false,"elType":"column"}],"isInner":false,"elType":"section"},{"id":"3010162d","settings":{"structure":"40","margin":{"unit":"px","top":"64","right":0,"bottom":"10","left":0,"isLinked":false},"stretch_section":"section-stretched","margin_mobile":{"unit":"px","top":"30","right":0,"bottom":"0","left":0,"isLinked":false}},"elements":[{"id":"f696172","settings":{"_column_size":25,"_inline_size":null,"_inline_size_tablet":50},"elements":[{"id":"a5d4832","settings":{"heading_list_style":"style-2","heading_title":"Free Shipping","heading_subtitle":"Free Shipping for orders over \u00a3130","heading_title_typography_typography":"custom","heading_title_typography_font_size":{"unit":"px","size":22,"sizes":[]},"heading_title_typography_line_height":{"unit":"px","size":30,"sizes":[]},"heading_title_bottom_space":{"unit":"px","size":8,"sizes":[]}},"elements":[],"isInner":false,"widgetType":"tbay-heading","elType":"widget"}],"isInner":false,"elType":"column"},{"id":"17fb41f5","settings":{"_column_size":25,"_inline_size":null,"_inline_size_tablet":50},"elements":[{"id":"12e53802","settings":{"heading_list_style":"style-2","heading_title":"Money Guarantee","heading_subtitle":"Within 30 days for an exchange.","heading_title_typography_typography":"custom","heading_title_typography_font_size":{"unit":"px","size":22,"sizes":[]},"heading_title_typography_line_height":{"unit":"px","size":30,"sizes":[]},"heading_title_bottom_space":{"unit":"px","size":8,"sizes":[]}},"elements":[],"isInner":false,"widgetType":"tbay-heading","elType":"widget"}],"isInner":false,"elType":"column"},{"id":"3c0b444f","settings":{"_column_size":25,"_inline_size":null,"_inline_size_tablet":50,"margin_tablet":{"unit":"px","top":"20","right":"0","bottom":"0","left":"0","isLinked":false}},"elements":[{"id":"70da50f9","settings":{"heading_list_style":"style-2","heading_title":"Online Support","heading_subtitle":"24 hours a day, 7 days a week","heading_title_typography_typography":"custom","heading_title_typography_font_size":{"unit":"px","size":22,"sizes":[]},"heading_title_typography_line_height":{"unit":"px","size":30,"sizes":[]},"heading_title_bottom_space":{"unit":"px","size":8,"sizes":[]}},"elements":[],"isInner":false,"widgetType":"tbay-heading","elType":"widget"}],"isInner":false,"elType":"column"},{"id":"2f5fed8c","settings":{"_column_size":25,"_inline_size":null,"_inline_size_tablet":50,"margin_tablet":{"unit":"px","top":"20","right":"0","bottom":"0","left":"0","isLinked":false}},"elements":[{"id":"4a483a9","settings":{"heading_list_style":"style-2","heading_title":"Flexible Payment","heading_subtitle":"Pay with Multiple Credit Cards","heading_title_typography_typography":"custom","heading_title_typography_font_size":{"unit":"px","size":22,"sizes":[]},"heading_title_typography_line_height":{"unit":"px","size":30,"sizes":[]},"heading_title_bottom_space":{"unit":"px","size":8,"sizes":[]}},"elements":[],"isInner":false,"widgetType":"tbay-heading","elType":"widget"}],"isInner":false,"elType":"column"}],"isInner":false,"elType":"section"},{"id":"18c66d70","settings":{"stretch_section":"section-stretched"},"elements":[{"id":"54c3bc24","settings":{"_column_size":100,"_inline_size":null},"elements":[{"id":"7090f8b","settings":{"text":"Divider","color":"#DDDDDD","_margin":{"unit":"px","top":"30","right":"0","bottom":"30","left":"0","isLinked":false},"_margin_mobile":{"unit":"px","top":"20","right":"0","bottom":"0","left":"0","isLinked":false}},"elements":[],"isInner":false,"widgetType":"divider","elType":"widget"}],"isInner":false,"elType":"column"}],"isInner":false,"elType":"section"},{"id":"4fce141","settings":{"stretch_section":"section-stretched","margin_mobile":{"unit":"px","top":"","right":0,"bottom":"","left":0,"isLinked":true}},"elements":[{"id":"6fe184a9","settings":{"_column_size":100,"_inline_size":null},"elements":[{"id":"277ab1dd","settings":{"structure":"34","margin":{"unit":"px","top":"36","right":0,"bottom":"32","left":0,"isLinked":false}},"elements":[{"id":"211556fc","settings":{"_column_size":16,"_inline_size":null},"elements":[],"isInner":true,"elType":"column"},{"id":"13201e74","settings":{"_column_size":66,"_inline_size":null,"_inline_size_tablet":100},"elements":[{"id":"7d77e738","settings":{"title":"It pains me physically to see woman victimized, rendered pathetic by fashion.","header_size":"h3","align":"center","title_color":"#121216","typography_typography":"custom","typography_font_family":"Ivy Mode","typography_font_size":{"unit":"px","size":34,"sizes":[]},"typography_line_height":{"unit":"px","size":42,"sizes":[]},"typography_font_size_mobile":{"unit":"px","size":24,"sizes":[]},"typography_line_height_mobile":{"unit":"px","size":"","sizes":[]}},"elements":[],"isInner":false,"widgetType":"heading","elType":"widget"},{"id":"63d5b64c","settings":{"title":"Awkwardness gives me great comfort. I\u2019ve never been cool, but I\u2019ve felt cool. I\u2019ve been in the\ncool place, but I wasn\u2019t really cool \u2013 I was trying to pass for hip or cool.","header_size":"h4","align":"center","title_color":"#121216","typography_typography":"custom","typography_font_size":{"unit":"px","size":16,"sizes":[]},"typography_line_height":{"unit":"px","size":24,"sizes":[]},"_margin":{"unit":"px","top":"16","right":"0","bottom":"14","left":"0","isLinked":false}},"elements":[],"isInner":false,"widgetType":"heading","elType":"widget"},{"id":"6cf68c19","settings":{"editor":"<p>A girl should be two things: classy and fabulous. I am convinced that there can be luxury in simplicity. I wanted to dress the woman who lives and works, not the woman in a painting. It\u2019s hard to balance everything. It\u2019s always challenging. My relationships with producers or photographers \u2013 these are relationships that took years. I can\u2019t get sucked into that celebrity thing, because I think it\u2019s just crass. My aim is to make the poor look rich and the rich look poor. Vanity is the healthiest thing in life. I believe that my clothes can give people a better image of themselves \u2013 that it can increase their feelings of confidence and happiness. You can hide so much behind theatrics, and I don\u2019t need to do that any more. I don\u2019t really know how to do casual clothes.<\/p>","align":"center","text_color":"#646464","typography_typography":"custom","typography_font_family":"SFU Futura","typography_font_size":{"unit":"px","size":16,"sizes":[]},"typography_line_height":{"unit":"px","size":24,"sizes":[]}},"elements":[],"isInner":false,"widgetType":"text-editor","elType":"widget"}],"isInner":true,"elType":"column"},{"id":"58b0b2a5","settings":{"_column_size":16,"_inline_size":null},"elements":[],"isInner":true,"elType":"column"}],"isInner":true,"elType":"section"}],"isInner":false,"elType":"column"}],"isInner":false,"elType":"section"},{"id":"44a3e2e3","settings":{"stretch_section":"section-stretched"},"elements":[{"id":"6af2c8cf","settings":{"_column_size":100,"_inline_size":null},"elements":[{"id":"f4f3ed7","settings":{"text":"Divider","color":"#DDDDDD","_margin":{"unit":"px","top":"30","right":"0","bottom":"30","left":"0","isLinked":false},"_margin_mobile":{"unit":"px","top":"20","right":"0","bottom":"0","left":"0","isLinked":false}},"elements":[],"isInner":false,"widgetType":"divider","elType":"widget"}],"isInner":false,"elType":"column"}],"isInner":false,"elType":"section"},{"id":"12809f1b","settings":{"margin":{"unit":"px","top":"35","right":0,"bottom":"0","left":0,"isLinked":false}},"elements":[{"id":"7d2daa12","settings":{"_column_size":100,"_inline_size":null},"elements":[{"id":"1630e2b7","settings":{"structure":"33"},"elements":[{"id":"6709f1d1","settings":{"_column_size":25,"_inline_size":null},"elements":[],"isInner":true,"elType":"column"},{"id":"54d8a0ef","settings":{"_column_size":50,"_inline_size":null,"_inline_size_tablet":100},"elements":[{"id":"569c7c2e","settings":{"title":"Our Team","header_size":"h3","align":"center","typography_typography":"custom","typography_font_family":"Ivy Mode","typography_font_size":{"unit":"px","size":48,"sizes":[]},"typography_line_height":{"unit":"px","size":56,"sizes":[]},"typography_font_size_mobile":{"unit":"px","size":28,"sizes":[]},"typography_line_height_mobile":{"unit":"px","size":36,"sizes":[]}},"elements":[],"isInner":false,"widgetType":"heading","elType":"widget"},{"id":"47bf0e38","settings":{"editor":"<p>Pellentesque posuere orci lobortis scelerisque blandit. Donec id tellus<br \/>lacinia an, tincidunt risus ac<\/p>","align":"center","text_color":"#888888","typography_typography":"custom","typography_line_height":{"unit":"px","size":24,"sizes":[]},"_margin":{"unit":"px","top":"16","right":"0","bottom":"48","left":"0","isLinked":false}},"elements":[],"isInner":false,"widgetType":"text-editor","elType":"widget"}],"isInner":true,"elType":"column"},{"id":"eb1f966","settings":{"_column_size":25,"_inline_size":null},"elements":[],"isInner":true,"elType":"column"}],"isInner":true,"elType":"section"}],"isInner":false,"elType":"column"}],"isInner":false,"elType":"section"},{"id":"3ef57e3d","settings":[],"elements":[{"id":"4af7884d","settings":{"_column_size":100,"_inline_size":null},"elements":[{"id":"15005662","settings":{"layout_type":"carousel","our_team":[{"our_team_name":"Jacob Jones","our_team_image":{"url":"https:\/\/el4.thembaydev.com\/fana\/wp-content\/uploads\/2022\/01\/our-team-01.jpg","id":1920,"alt":"","source":"library"},"our_team_link_fb":{"url":"#","is_external":true,"nofollow":true},"our_team_link_tw":{"url":"#","is_external":true,"nofollow":true},"our_team_link_gg":{"url":"#","is_external":true,"nofollow":true},"our_team_link_linkin":{"url":"","is_external":true,"nofollow":true},"our_team_link_instaram":{"url":"#","is_external":true,"nofollow":true},"_id":"c4757d5","our_team_job":"President of Sales"},{"our_team_name":"Brooklyn Simmons","our_team_image":{"url":"https:\/\/el4.thembaydev.com\/fana\/wp-content\/uploads\/2022\/01\/our-team-02.jpg","id":1921,"alt":"","source":"library"},"our_team_link_fb":{"url":"#","is_external":true,"nofollow":true},"our_team_link_tw":{"url":"#","is_external":true,"nofollow":true},"our_team_link_gg":{"url":"#","is_external":true,"nofollow":true},"our_team_link_linkin":{"url":"","is_external":true,"nofollow":true},"our_team_link_instaram":{"url":"#","is_external":true,"nofollow":true},"_id":"b210646","our_team_job":"Marketing Coordinator"},{"our_team_name":"Jerome Bell","our_team_image":{"url":"https:\/\/el4.thembaydev.com\/fana\/wp-content\/uploads\/2022\/01\/our-team-03.jpg","id":1922,"alt":"","source":"library"},"our_team_link_fb":{"url":"#","is_external":true,"nofollow":true},"our_team_link_tw":{"url":"#","is_external":true,"nofollow":true},"our_team_link_gg":{"url":"#","is_external":true,"nofollow":true},"our_team_link_linkin":{"url":"","is_external":true,"nofollow":true},"our_team_link_instaram":{"url":"#","is_external":true,"nofollow":true},"_id":"d9bd9c1","our_team_job":"Nursing Assistant"},{"our_team_name":"Kristin Watson","our_team_image":{"url":"https:\/\/el4.thembaydev.com\/fana\/wp-content\/uploads\/2022\/01\/our-team-04.jpg","id":2128,"alt":"","source":"library"},"our_team_link_fb":{"url":"#","is_external":true,"nofollow":true},"our_team_link_tw":{"url":"#","is_external":true,"nofollow":true},"our_team_link_gg":{"url":"#","is_external":true,"nofollow":true},"our_team_link_linkin":{"url":"","is_external":true,"nofollow":true},"our_team_link_instaram":{"url":"#","is_external":true,"nofollow":true},"our_team_job":"Web Designer","_id":"a8c9786"}],"column":"4","column_tablet":"2","column_mobile":"1","col_desktop":"4","col_desktopsmall":"3","navigation":"","disable_mobile":"","image_border_radius":{"unit":"%","top":"100","right":"100","bottom":"100","left":"100","isLinked":true}},"elements":[],"isInner":false,"widgetType":"tbay-our-team","elType":"widget"}],"isInner":false,"elType":"column"}],"isInner":false,"elType":"section"},{"id":"5ba3572f","settings":{"stretch_section":"section-stretched","structure":"32","margin":{"unit":"px","top":"63","right":0,"bottom":"0","left":0,"isLinked":false}},"elements":[{"id":"622c644c","settings":{"_column_size":50,"_inline_size":null,"_inline_size_tablet":100},"elements":[{"id":"500172d1","settings":{"image":{"url":"https:\/\/el4.thembaydev.com\/fana\/wp-content\/uploads\/2022\/09\/about-us-02.jpg","id":4812,"alt":"","source":"library"},"align_tablet":"left"},"elements":[],"isInner":false,"widgetType":"image","elType":"widget"}],"isInner":false,"elType":"column"},{"id":"71f24470","settings":{"_column_size":25,"_inline_size":32.698,"_inline_size_tablet":100,"margin_tablet":{"unit":"px","top":"30","right":"0","bottom":"0","left":"0","isLinked":false}},"elements":[{"id":"1231de68","settings":{"title":"We are proudly Australian.","header_size":"h3","title_color":"#121216","typography_typography":"custom","typography_font_family":"Ivy Mode","typography_font_size":{"unit":"px","size":34,"sizes":[]},"typography_line_height":{"unit":"px","size":42,"sizes":[]},"align_mobile":"center","typography_font_size_mobile":{"unit":"px","size":28,"sizes":[]},"typography_line_height_mobile":{"unit":"px","size":36,"sizes":[]},"_margin":{"unit":"px","top":"0","right":"0","bottom":"20","left":"0","isLinked":false}},"elements":[],"isInner":false,"widgetType":"heading","elType":"widget"},{"id":"5d26ced5","settings":{"title_text":"Soft Fabric","description_text":"Get complimentary ground shipping on every order.Don\u2019t love it? Send it back, on us.","position":"left","icon_size":{"unit":"px","size":48,"sizes":[]},"title_typography_typography":"custom","title_typography_font_family":"Ivy Mode","title_typography_font_size":{"unit":"px","size":22,"sizes":[]},"title_typography_line_height":{"unit":"px","size":30,"sizes":[]},"selected_icon":{"value":"tb-icon tb-icon-cloud","library":"tbay-custom"},"icon_space":{"unit":"px","size":24,"sizes":[]},"__globals__":{"primary_color":"globals\/colors?id=primary"},"icon_space_mobile":{"unit":"px","size":0,"sizes":[]},"title_bottom_space":{"unit":"px","size":8,"sizes":[]},"description_typography_typography":"custom","description_typography_line_height":{"unit":"px","size":24,"sizes":[]}},"elements":[],"isInner":false,"widgetType":"icon-box","elType":"widget"},{"id":"32a6d34e","settings":{"title_text":"Lightweight","description_text":"Join Minimog Rewards to earn gift cards\nand enjoy exclusive member benefits.","position":"left","icon_size":{"unit":"px","size":48,"sizes":[]},"title_typography_typography":"custom","title_typography_font_family":"Ivy Mode","title_typography_font_size":{"unit":"px","size":22,"sizes":[]},"title_typography_line_height":{"unit":"px","size":30,"sizes":[]},"selected_icon":{"value":"tb-icon tb-icon-light-weight","library":"tbay-custom"},"icon_space":{"unit":"px","size":24,"sizes":[]},"__globals__":{"primary_color":"globals\/colors?id=primary"},"icon_space_mobile":{"unit":"px","size":0,"sizes":[]},"title_bottom_space":{"unit":"px","size":8,"sizes":[]},"description_typography_typography":"custom","description_typography_line_height":{"unit":"px","size":24,"sizes":[]},"_margin":{"unit":"px","top":"24","right":"0","bottom":"0","left":"0","isLinked":false}},"elements":[],"isInner":false,"widgetType":"icon-box","elType":"widget"},{"id":"788b30b","settings":{"title_text":"All Day Comfort","description_text":"We believe getting dressed should be the\neasiest part of your day.","position":"left","icon_size":{"unit":"px","size":48,"sizes":[]},"title_typography_typography":"custom","title_typography_font_family":"Ivy Mode","title_typography_font_size":{"unit":"px","size":22,"sizes":[]},"title_typography_line_height":{"unit":"px","size":30,"sizes":[]},"selected_icon":{"value":"tb-icon tb-icon-clock-02","library":"tbay-custom"},"icon_space":{"unit":"px","size":24,"sizes":[]},"__globals__":{"primary_color":"globals\/colors?id=primary"},"icon_space_mobile":{"unit":"px","size":0,"sizes":[]},"title_bottom_space":{"unit":"px","size":8,"sizes":[]},"description_typography_typography":"custom","description_typography_line_height":{"unit":"px","size":24,"sizes":[]},"_margin":{"unit":"px","top":"24","right":"0","bottom":"0","left":"0","isLinked":false}},"elements":[],"isInner":false,"widgetType":"icon-box","elType":"widget"}],"isInner":false,"elType":"column"},{"id":"4b684d7f","settings":{"_column_size":25,"_inline_size":17.284},"elements":[],"isInner":false,"elType":"column"}],"isInner":false,"elType":"section"},{"id":"51f0545a","settings":{"stretch_section":"section-stretched","structure":"33","margin":{"unit":"px","top":"81","right":0,"bottom":"0","left":0,"isLinked":false}},"elements":[{"id":"220fe443","settings":{"_column_size":25,"_inline_size":null},"elements":[],"isInner":false,"elType":"column"},{"id":"6675bbd4","settings":{"_column_size":50,"_inline_size":60,"_inline_size_tablet":100},"elements":[{"id":"1d1c7455","settings":{"title":"The world needs to move fast to make a meaningful\ndifference in the fight against climate change.","header_size":"h3","align":"center","title_color":"#121216","typography_typography":"custom","typography_font_family":"Ivy Mode","typography_font_size":{"unit":"px","size":34,"sizes":[]},"typography_line_height":{"unit":"px","size":42,"sizes":[]},"typography_font_size_mobile":{"unit":"px","size":28,"sizes":[]},"typography_line_height_mobile":{"unit":"px","size":36,"sizes":[]}},"elements":[],"isInner":false,"widgetType":"heading","elType":"widget"},{"id":"20792c33","settings":{"editor":"<p>A girl should be two things: classy and fabulous. I am convinced that there can be luxury in simplicity. I wanted to dress the woman who lives and works, not the woman in a painting. It\u2019s hard to balance everything. It\u2019s always challenging. My relationships with producers or photographers \u2013 these are relationships that took years. I can\u2019t get sucked into that celebrity thing, because I think it\u2019s just crass. My aim is to make the poor look rich and the rich look poor. Vanity is the healthiest thing in life. I believe that my clothes can give people a better image of themselves \u2013 that it can increase their feelings of confidence and happiness. You can hide so much behind theatrics, and I don\u2019t need to do that any more. I don\u2019t really know how to do casual clothes.<\/p>","align":"center","typography_typography":"custom","typography_line_height":{"unit":"px","size":24,"sizes":[]},"_margin":{"unit":"px","top":"16","right":"0","bottom":"0","left":"0","isLinked":false}},"elements":[],"isInner":false,"widgetType":"text-editor","elType":"widget"}],"isInner":false,"elType":"column"},{"id":"1bbbfab9","settings":{"_column_size":25,"_inline_size":15},"elements":[],"isInner":false,"elType":"column"}],"isInner":false,"elType":"section"},{"id":"1aaa2dce","settings":{"stretch_section":"section-stretched","margin":{"unit":"px","top":"80","right":0,"bottom":"0","left":0,"isLinked":false},"margin_mobile":{"unit":"px","top":"20","right":0,"bottom":"0","left":0,"isLinked":false}},"elements":[{"id":"4f1ed4d6","settings":{"_column_size":100,"_inline_size":null},"elements":[{"id":"11b6f48c","settings":{"image":{"url":"https:\/\/el4.thembaydev.com\/fana\/wp-content\/uploads\/2022\/09\/about-us-03.jpg","id":4813,"alt":"","source":"library"},"image_size":"full"},"elements":[],"isInner":false,"widgetType":"image","elType":"widget"}],"isInner":false,"elType":"column"}],"isInner":false,"elType":"section"},{"id":"44a86230","settings":{"height":"min-height","custom_height":{"unit":"px","size":854,"sizes":[]},"stretch_section":"section-stretched","background_background":"classic","background_image":{"url":"https:\/\/el4.thembaydev.com\/fana\/wp-content\/uploads\/2022\/09\/bg-about-us.jpg","id":4814,"alt":"","source":"library"},"background_repeat":"no-repeat","background_size":"cover","custom_height_mobile":{"unit":"px","size":480,"sizes":[]},"column_position":"top","margin":{"unit":"px","top":"80","right":0,"bottom":"80","left":0,"isLinked":false},"margin_mobile":{"unit":"px","top":"30","right":0,"bottom":"0","left":0,"isLinked":false}},"elements":[{"id":"4d68224f","settings":{"_column_size":100,"_inline_size":null},"elements":[{"id":"3481147","settings":{"heading_list_style":"style-2","heading_title":"Happy Customers","heading_subtitle":"People love our products and 70% our customers are returned customers.","heading_title_typography_typography":"custom","heading_title_typography_font_size":{"unit":"px","size":48,"sizes":[]},"heading_title_typography_line_height":{"unit":"px","size":56,"sizes":[]},"heading_title_bottom_space":{"unit":"px","size":15,"sizes":[]},"heading_title_typography_font_size_mobile":{"unit":"px","size":28,"sizes":[]},"heading_title_typography_line_height_mobile":{"unit":"px","size":36,"sizes":[]},"_margin":{"unit":"px","top":"96","right":"0","bottom":"41","left":"0","isLinked":false},"_margin_mobile":{"unit":"px","top":"30","right":"0","bottom":"0","left":"0","isLinked":false}},"elements":[],"isInner":false,"widgetType":"tbay-heading","elType":"widget"},{"id":"4b804d02","settings":{"background_background":"classic","background_color":"#FFFFFF"},"elements":[{"id":"2789eda8","settings":{"_column_size":100,"_inline_size":null},"elements":[{"id":"6ae3f52e","settings":{"align":"","layout_style":"style2","testimonials":[{"testimonial_image":{"url":"https:\/\/el4.thembaydev.com\/fana\/wp-content\/uploads\/2022\/01\/our-team-05.jpg","id":2127,"alt":"","source":"library"},"testimonial_name":"Albert Flores","testimonial_sub_name":"Nursing Assistant","testimonial_excerpt":"I ordered on Friday evening and on Monday at 12:30 the package was with me. I have never encountered such a fast order processing.","_id":"75581e4"},{"testimonial_image":{"url":"https:\/\/el4.thembaydev.com\/fana\/wp-content\/uploads\/2022\/01\/our-team-06.jpg","id":2129,"alt":"","source":"library"},"testimonial_name":"Richard Bell","testimonial_sub_name":"Nursing Assistant","testimonial_excerpt":"I ordered on Friday evening and on Monday at 12:30 the package was with me. I have never encountered such a fast order processing.","_id":"7af2e70"}],"column":"1","column_tablet":"1","column_mobile":"1","col_desktop":"1","col_desktopsmall":"1","col_landscape":"1","layout_type":"carousel","navigation":"","pagination":"yes","disable_mobile":""},"elements":[],"isInner":false,"widgetType":"tbay-testimonials","elType":"widget"}],"isInner":true,"elType":"column"}],"isInner":true,"elType":"section"}],"isInner":false,"elType":"column"}],"isInner":false,"elType":"section"}],"page_settings":[],"version":"0.4","title":"about","type":"page"}