{"content":[{"id":"759f7ac6","settings":{"stretch_section":"section-stretched"},"elements":[{"id":"2ae9458f","settings":{"_column_size":100,"_inline_size":null},"elements":[{"id":"1d7a7f5c","settings":{"revslidertitle":"Slider 1","shortcode":"[rev_slider alias=\"slider-1\" slidertitle=\"Slider 1\"][\/rev_slider]"},"elements":[],"isInner":false,"widgetType":"slider_revolution","elType":"widget"}],"isInner":false,"elType":"column"}],"isInner":false,"elType":"section"},{"id":"3543b9a7","settings":{"stretch_section":"section-stretched","structure":"33","margin":{"unit":"px","top":"40","right":0,"bottom":"0","left":0,"isLinked":false},"margin_mobile":{"unit":"px","top":"15","right":0,"bottom":"0","left":0,"isLinked":false}},"elements":[{"id":"14b90875","settings":{"_column_size":25,"_inline_size":null,"_inline_size_tablet":50},"elements":[{"id":"5cdd54c5","settings":{"link":{"url":"https:\/\/el4.thembaydev.com\/fana_sport\/shop\/","is_external":false,"nofollow":false,"custom_attributes":""},"image":{"url":"https:\/\/el4.thembaydev.com\/fana_sport\/wp-content\/uploads\/2022\/11\/banner-01.jpg","id":5530,"alt":"","source":"library"},"banner_title":"WOMEN'S <br>NEW ARRIVALS","banner_description":"Sale <span style=\"color: #EDB658\">20% OFF<\/span><br>\nall for Women\u2019s","banner_effects":"shine","general_padding":{"unit":"px","top":"24","right":"24","bottom":"23","left":"24","isLinked":false},"general_vertical_alignment":"flex-end","title_typography_typography":"custom","title_typography_font_family":"SFU DIN","title_typography_font_size":{"unit":"px","size":36,"sizes":[]},"title_typography_text_transform":"uppercase","title_typography_line_height":{"unit":"px","size":36,"sizes":[]},"title_color":"#FFFFFF","description_typography_typography":"custom","description_typography_font_family":"SFU DIN","description_typography_font_size":{"unit":"px","size":24,"sizes":[]},"description_typography_text_transform":"uppercase","description_typography_line_height":{"unit":"px","size":29,"sizes":[]},"description_margin":{"unit":"px","top":"13","right":"0","bottom":"0","left":"0","isLinked":false},"description_color":"#FFFFFF","_css_classes":"w-auto"},"elements":[],"isInner":false,"widgetType":"tbay-banner","elType":"widget"}],"isInner":false,"elType":"column"},{"id":"69807f1a","settings":{"_column_size":50,"_inline_size":null,"_inline_size_tablet":100,"margin_tablet":{"unit":"px","top":"30","right":"0","bottom":"0","left":"0","isLinked":false},"margin_mobile":{"unit":"px","top":"15","right":"0","bottom":"0","left":"0","isLinked":false},"css_classes":"order-max-lg-2"},"elements":[{"id":"6e0a2eab","settings":{"link":{"url":"https:\/\/el4.thembaydev.com\/fana_sport\/shop\/","is_external":false,"nofollow":false,"custom_attributes":""},"image":{"url":"https:\/\/el4.thembaydev.com\/fana_sport\/wp-content\/uploads\/2022\/11\/banner-02.jpg","id":5535,"alt":"","source":"library"},"banner_title":"This month big sale","banner_sub_title":"Must-Haves","banner_description":"","banner_label":"use code: fana12","banner_effects":"shine","general_horizontal_alignment":"center","general_text_alignment":"center","title_typography_typography":"custom","title_typography_font_size":{"unit":"px","size":36,"sizes":[]},"title_typography_line_height":{"unit":"px","size":43,"sizes":[]},"title_margin":{"unit":"px","top":"17","right":"0","bottom":"0","left":"0","isLinked":false},"title_color":"#121216","subtitle_typography_typography":"custom","subtitle_typography_font_family":"SFU DIN","subtitle_typography_font_size":{"unit":"px","size":64,"sizes":[]},"subtitle_typography_text_transform":"uppercase","subtitle_typography_line_height":{"unit":"px","size":77,"sizes":[]},"subtitle_margin":{"unit":"px","top":"8","right":"0","bottom":"25","left":"0","isLinked":false},"subtitle_color":"#121216","label_typography_typography":"custom","label_typography_font_size":{"unit":"px","size":14,"sizes":[]},"label_typography_font_weight":"600","label_typography_text_transform":"uppercase","label_typography_line_height":{"unit":"px","size":20,"sizes":[]},"label_padding":{"unit":"px","top":"16","right":"28","bottom":"16","left":"29","isLinked":false},"label_color":"#121216","label_bg_color":"#FFFFFF","__globals__":{"label_color_hover":"","label_bg_color_hover":"globals\/colors?id=primary"},"general_vertical_alignment_mobile":"flex-start","title_typography_font_size_mobile":{"unit":"px","size":26,"sizes":[]},"title_typography_line_height_mobile":{"unit":"px","size":32,"sizes":[]},"title_margin_mobile":{"unit":"px","top":"0","right":"0","bottom":"0","left":"0","isLinked":false},"subtitle_typography_font_size_mobile":{"unit":"px","size":30,"sizes":[]},"subtitle_typography_line_height_mobile":{"unit":"px","size":36,"sizes":[]},"subtitle_margin_mobile":{"unit":"px","top":"8","right":"0","bottom":"120","left":"0","isLinked":false},"_css_classes":"w-auto"},"elements":[],"isInner":false,"widgetType":"tbay-banner","elType":"widget"}],"isInner":false,"elType":"column"},{"id":"1ed8fec4","settings":{"_column_size":25,"_inline_size":null,"_inline_size_tablet":50,"margin_mobile":{"unit":"px","top":"15","right":"0","bottom":"0","left":"0","isLinked":false}},"elements":[{"id":"663da529","settings":{"link":{"url":"https:\/\/el4.thembaydev.com\/fana_sport\/shop\/","is_external":false,"nofollow":false,"custom_attributes":""},"image":{"url":"https:\/\/el4.thembaydev.com\/fana_sport\/wp-content\/uploads\/2022\/11\/banner-03.jpg","id":5544,"alt":"","source":"library"},"banner_title":"Baseball <br>sport","banner_description":"Black friday<br>\n<span style=\"color: #FC4CA5\">up to 20% OFF<\/span><br>\nall products","banner_label":"Shop now","general_padding":{"unit":"px","top":"23","right":"25","bottom":"25","left":"25","isLinked":false},"title_typography_typography":"custom","title_typography_font_family":"SFU DIN","title_typography_font_size":{"unit":"px","size":36,"sizes":[]},"title_typography_text_transform":"uppercase","title_typography_line_height":{"unit":"px","size":36,"sizes":[]},"title_color":"#121216","description_typography_typography":"custom","description_typography_font_family":"SFU DIN","description_typography_font_size":{"unit":"px","size":24,"sizes":[]},"description_typography_text_transform":"uppercase","description_typography_line_height":{"unit":"px","size":29,"sizes":[]},"description_margin":{"unit":"px","top":"11","right":"0","bottom":"45","left":"0","isLinked":false},"description_color":"#121216","label_typography_typography":"custom","label_typography_font_size":{"unit":"px","size":14,"sizes":[]},"label_typography_font_weight":"600","label_typography_text_transform":"uppercase","label_typography_line_height":{"unit":"px","size":20,"sizes":[]},"label_padding":{"unit":"px","top":"16","right":"43","bottom":"16","left":"43","isLinked":false},"label_color":"#121216","label_bg_color":"#FFFFFF","label_color_hover":"#FFFFFF","label_bg_color_hover":"#000000","_css_classes":"w-auto"},"elements":[],"isInner":false,"widgetType":"tbay-banner","elType":"widget"}],"isInner":false,"elType":"column"}],"isInner":false,"elType":"section"},{"id":"1f5827cb","settings":{"margin":{"unit":"px","top":"100","right":0,"bottom":"0","left":0,"isLinked":false},"margin_tablet":{"unit":"px","top":"40","right":0,"bottom":"0","left":0,"isLinked":false},"stretch_section":"section-stretched"},"elements":[{"id":"30657ef6","settings":{"_column_size":100,"_inline_size":null},"elements":[{"id":"74b64f44","settings":{"heading_list_style":"style-2","heading_title":"Explore Our Bestsellers","heading_subtitle":"Beautiful sports apparel and accessories","heading_title_typography_typography":"custom","heading_title_typography_font_family":"SFU DIN","heading_title_typography_font_size":{"unit":"px","size":48,"sizes":[]},"heading_title_typography_text_transform":"uppercase","heading_title_typography_line_height":{"unit":"px","size":48,"sizes":[]},"heading_title_color":"#121216","heading_title_bottom_space":{"unit":"px","size":15,"sizes":[]},"heading_subtitle_typography_typography":"custom","heading_subtitle_typography_font_size":{"unit":"px","size":18,"sizes":[]},"heading_subtitle_typography_line_height":{"unit":"px","size":24,"sizes":[]},"heading_subtitle_color":"#646464","_margin":{"unit":"px","top":"0","right":"0","bottom":"32","left":"0","isLinked":false},"heading_title_typography_font_size_mobile":{"unit":"px","size":30,"sizes":[]},"heading_title_typography_line_height_mobile":{"unit":"px","size":36,"sizes":[]},"_margin_mobile":{"unit":"px","top":"0","right":"0","bottom":"20","left":"0","isLinked":false}},"elements":[],"isInner":false,"widgetType":"tbay-heading","elType":"widget"},{"id":"317770d1","settings":{"categories_tabs":[{"_id":"eba4540","category":"fitness"},{"category":"shoes","_id":"a5d5645"},{"category":"sportwear","_id":"64c2e9b"},{"category":"running","_id":"2f759a0"}],"show_more":"","text_button":"Explore More","icon_button":{"value":"","library":""},"heading_categories_tab_align":"center","heading_title_bottom_space":{"unit":"px","size":25,"sizes":[]},"order":"desc","heading_categories_tab_padding_mobile":{"unit":"px","top":"0","right":"0","bottom":"0","left":"0","isLinked":false},"col_desktopsmall":"4","layout_type":"carousel","pagination":"yes","column":"5","heading_categories_tab_margin":{"unit":"px","top":"0","right":"0","bottom":"22","left":"0","isLinked":false},"column_tablet":"2"},"elements":[],"isInner":false,"widgetType":"tbay-product-categories-tabs","elType":"widget"}],"isInner":false,"elType":"column"}],"isInner":false,"elType":"section"},{"id":"2f02147d","settings":{"stretch_section":"section-stretched","margin":{"unit":"px","top":"99","right":0,"bottom":"0","left":0,"isLinked":false}},"elements":[{"id":"7791aa7b","settings":{"_column_size":100,"_inline_size":null},"elements":[{"id":"6d30fc33","settings":{"heading_list_style":"style-2","heading_title":"Trending Categories","heading_subtitle":"Explore our bestsellers","heading_title_typography_typography":"custom","heading_title_typography_font_family":"SFU DIN","heading_title_typography_font_size":{"unit":"px","size":48,"sizes":[]},"heading_title_typography_text_transform":"uppercase","heading_title_typography_line_height":{"unit":"px","size":48,"sizes":[]},"heading_title_color":"#121216","heading_title_bottom_space":{"unit":"px","size":15,"sizes":[]},"heading_subtitle_typography_typography":"custom","heading_subtitle_typography_font_size":{"unit":"px","size":18,"sizes":[]},"heading_subtitle_typography_line_height":{"unit":"px","size":24,"sizes":[]},"heading_subtitle_color":"#646464","_margin":{"unit":"px","top":"0","right":"0","bottom":"40","left":"0","isLinked":false},"heading_title_typography_font_size_mobile":{"unit":"px","size":30,"sizes":[]},"heading_title_typography_line_height_mobile":{"unit":"px","size":36,"sizes":[]},"_margin_mobile":{"unit":"px","top":"0","right":"0","bottom":"20","left":"0","isLinked":false}},"elements":[],"isInner":false,"widgetType":"tbay-heading","elType":"widget"},{"id":"72cdf8fc","settings":{"custom_image_list_category":[{"_id":"783d408","category":"clothes","type_image":{"url":"https:\/\/el4.thembaydev.com\/fana_sport\/wp-content\/uploads\/2022\/11\/cat-01.jpg","id":5558,"alt":"","source":"library"}},{"category":"shoes","type_image":{"url":"https:\/\/el4.thembaydev.com\/fana_sport\/wp-content\/uploads\/2022\/11\/cat-02.jpg","id":5559,"alt":"","source":"library"},"_id":"6362e9c"},{"type_image":{"url":"https:\/\/el4.thembaydev.com\/fana_sport\/wp-content\/uploads\/2022\/11\/cat-03.jpg","id":5560,"alt":"","source":"library"},"_id":"9584b31"},{"category":"equipments","type_image":{"url":"https:\/\/el4.thembaydev.com\/fana_sport\/wp-content\/uploads\/2022\/11\/cat-04.jpg","id":5561,"alt":"","source":"library"},"_id":"1a3d1aa"}],"text_show_all":"See all categories","display_count_category":"yes","column_tablet":"2","col_desktopsmall":"4"},"elements":[],"isInner":false,"widgetType":"tbay-custom-image-list-categories","elType":"widget"}],"isInner":false,"elType":"column"}],"isInner":false,"elType":"section"},{"id":"6c4c5f69","settings":{"stretch_section":"section-stretched","margin":{"unit":"px","top":"51","right":0,"bottom":"0","left":0,"isLinked":false}},"elements":[{"id":"636787b4","settings":{"_column_size":100,"_inline_size":null},"elements":[{"id":"69ec3a9","settings":{"revslidertitle":"Slider 2","shortcode":"[rev_slider alias=\"slider-2\" slidertitle=\"Slider 2\"][\/rev_slider]"},"elements":[],"isInner":false,"widgetType":"slider_revolution","elType":"widget"}],"isInner":false,"elType":"column"}],"isInner":false,"elType":"section"},{"id":"75f1fc5a","settings":{"stretch_section":"section-stretched","layout":"full_width","gap":"no","padding":{"unit":"px","top":"0","right":"80","bottom":"0","left":"80","isLinked":false},"margin":{"unit":"px","top":"101","right":0,"bottom":"0","left":0,"isLinked":false},"padding_tablet":{"unit":"px","top":"0","right":"15","bottom":"0","left":"15","isLinked":false}},"elements":[{"id":"35ae974d","settings":{"_column_size":100,"_inline_size":null},"elements":[{"id":"733ac192","settings":{"heading_list_style":"style-2","heading_title":"LATEST & GREATEST","heading_subtitle":"Commodo sociosqu venenatis cras dolor sagittis integer luctus sem primis <br>Eget maecenas sed urna malesuada.","heading_title_typography_typography":"custom","heading_title_typography_font_family":"SFU DIN","heading_title_typography_font_size":{"unit":"px","size":48,"sizes":[]},"heading_title_typography_text_transform":"uppercase","heading_title_typography_line_height":{"unit":"px","size":48,"sizes":[]},"heading_title_color":"#121216","heading_title_bottom_space":{"unit":"px","size":15,"sizes":[]},"heading_subtitle_typography_typography":"custom","heading_subtitle_typography_font_size":{"unit":"px","size":18,"sizes":[]},"heading_subtitle_typography_line_height":{"unit":"px","size":24,"sizes":[]},"heading_subtitle_color":"#646464","_margin":{"unit":"px","top":"0","right":"0","bottom":"56","left":"0","isLinked":false},"heading_title_typography_font_size_mobile":{"unit":"px","size":30,"sizes":[]},"heading_title_typography_line_height_mobile":{"unit":"px","size":36,"sizes":[]},"_margin_mobile":{"unit":"px","top":"0","right":"0","bottom":"20","left":"0","isLinked":false}},"elements":[],"isInner":false,"widgetType":"tbay-heading","elType":"widget"},{"id":"1b1fc6e4","settings":{"limit":10,"categories":["accessories","clothes","equipments","fitness","footgear","running","shoes"],"show_all":"yes","text_show_all":"Explore more","column":"5","col_desktopsmall":"3","column_tablet":"2"},"elements":[],"isInner":false,"widgetType":"tbay-products","elType":"widget"}],"isInner":false,"elType":"column"}],"isInner":false,"elType":"section"},{"id":"249a4d11","settings":{"stretch_section":"section-stretched","structure":"20","margin":{"unit":"px","top":"98","right":0,"bottom":"0","left":0,"isLinked":false}},"elements":[{"id":"208d5931","settings":{"_column_size":50,"_inline_size":null,"_inline_size_tablet":100},"elements":[{"id":"336bd7ed","settings":{"link":{"url":"https:\/\/el4.thembaydev.com\/fana_sport\/shop\/","is_external":false,"nofollow":false,"custom_attributes":""},"image":{"url":"https:\/\/el4.thembaydev.com\/fana_sport\/wp-content\/uploads\/2022\/11\/banner-04.jpg","id":5562,"alt":"","source":"library"},"banner_title":"CLOTHING SPORT","banner_description":"TOP BIG SALE <span style=\"color: #CFEE10\">up to 20% OFF<\/span>\n<br>all products","banner_label":"Shop now","banner_effects":"shine","general_padding":{"unit":"px","top":"20","right":"40","bottom":"40","left":"40","isLinked":false},"title_typography_typography":"custom","title_typography_font_family":"SFU DIN","title_typography_font_size":{"unit":"px","size":64,"sizes":[]},"title_typography_text_transform":"uppercase","title_typography_line_height":{"unit":"px","size":64,"sizes":[]},"title_margin":{"unit":"px","top":"8","right":"0","bottom":"0","left":"0","isLinked":false},"title_color":"#FFFFFF","description_typography_typography":"custom","description_typography_font_family":"SFU DIN","description_typography_font_size":{"unit":"px","size":32,"sizes":[]},"description_typography_text_transform":"uppercase","description_typography_line_height":{"unit":"px","size":38,"sizes":[]},"description_margin":{"unit":"px","top":"14","right":"0","bottom":"38","left":"0","isLinked":false},"description_color":"#FFFFFF","label_typography_typography":"custom","label_typography_font_size":{"unit":"px","size":14,"sizes":[]},"label_typography_font_weight":"600","label_typography_text_transform":"uppercase","label_typography_line_height":{"unit":"px","size":20,"sizes":[]},"label_padding":{"unit":"px","top":"16","right":"63","bottom":"16","left":"63","isLinked":false},"label_color":"#121216","label_bg_color":"#FFFFFF","__globals__":{"description_color_hover":"","label_bg_color_hover":"globals\/colors?id=primary"},"general_padding_mobile":{"unit":"px","top":"20","right":"0","bottom":"0","left":"20","isLinked":false},"title_typography_font_size_mobile":{"unit":"px","size":30,"sizes":[]},"title_typography_line_height_mobile":{"unit":"px","size":36,"sizes":[]},"description_typography_font_size_mobile":{"unit":"px","size":24,"sizes":[]},"description_typography_line_height_mobile":{"unit":"px","size":30,"sizes":[]}},"elements":[],"isInner":false,"widgetType":"tbay-banner","elType":"widget"}],"isInner":false,"elType":"column"},{"id":"3b533511","settings":{"_column_size":50,"_inline_size":null,"_inline_size_tablet":100,"margin_tablet":{"unit":"px","top":"30","right":"0","bottom":"0","left":"0","isLinked":false}},"elements":[{"id":"374d81d6","settings":{"link":{"url":"https:\/\/el4.thembaydev.com\/fana_sport\/shop\/","is_external":false,"nofollow":false,"custom_attributes":""},"image":{"url":"https:\/\/el4.thembaydev.com\/fana_sport\/wp-content\/uploads\/2022\/11\/banner-05.jpg","id":5567,"alt":"","source":"library"},"banner_title":"SNEAKER SPORT","banner_description":"BLACK FRIDAY <span style=\"color: #FC4CA5\">UP TO 30% OFF<\/span><br>\nSneaker For Men","banner_label":"Shop now","banner_effects":"shine","general_padding":{"unit":"px","top":"20","right":"40","bottom":"40","left":"40","isLinked":false},"title_typography_typography":"custom","title_typography_font_family":"SFU DIN","title_typography_font_size":{"unit":"px","size":64,"sizes":[]},"title_typography_text_transform":"uppercase","title_typography_line_height":{"unit":"px","size":64,"sizes":[]},"title_margin":{"unit":"px","top":"8","right":"0","bottom":"0","left":"0","isLinked":false},"title_color":"#121216","description_typography_typography":"custom","description_typography_font_family":"SFU DIN","description_typography_font_size":{"unit":"px","size":32,"sizes":[]},"description_typography_text_transform":"uppercase","description_typography_line_height":{"unit":"px","size":38,"sizes":[]},"description_margin":{"unit":"px","top":"14","right":"0","bottom":"43","left":"0","isLinked":false},"description_color":"#121216","label_typography_typography":"custom","label_typography_font_size":{"unit":"px","size":14,"sizes":[]},"label_typography_font_weight":"600","label_typography_text_transform":"uppercase","label_typography_line_height":{"unit":"px","size":20,"sizes":[]},"label_padding":{"unit":"px","top":"16","right":"63","bottom":"16","left":"63","isLinked":false},"label_color":"#121216","label_bg_color":"#FFFFFF","label_color_hover":"#FFFFFF","label_bg_color_hover":"#121216","__globals__":{"description_color_hover":"","label_bg_color_hover":""},"general_padding_mobile":{"unit":"px","top":"20","right":"0","bottom":"0","left":"20","isLinked":false},"title_typography_font_size_mobile":{"unit":"px","size":30,"sizes":[]},"title_typography_line_height_mobile":{"unit":"px","size":36,"sizes":[]},"description_typography_font_size_mobile":{"unit":"px","size":24,"sizes":[]},"description_typography_line_height_mobile":{"unit":"px","size":30,"sizes":[]}},"elements":[],"isInner":false,"widgetType":"tbay-banner","elType":"widget"}],"isInner":false,"elType":"column"}],"isInner":false,"elType":"section"},{"id":"4af8db11","settings":{"stretch_section":"section-stretched","structure":"40","border_border":"solid","border_width":{"unit":"px","top":"1","right":"0","bottom":"1","left":"0","isLinked":false},"border_color":"#EEEEEE","margin":{"unit":"px","top":"99","right":0,"bottom":"0","left":0,"isLinked":false}},"elements":[{"id":"4d2e805f","settings":{"_column_size":25,"_inline_size":null,"align":"center","border_border":"solid","border_width":{"unit":"px","top":"0","right":"1","bottom":"0","left":"0","isLinked":false},"border_color":"#EEEEEE","padding":{"unit":"px","top":"40","right":"0","bottom":"40","left":"0","isLinked":false},"_inline_size_tablet":50},"elements":[{"id":"733175e0","settings":{"selected_icon":{"value":"tb-icon tb-icon-z-24-support","library":"tbay-custom"},"title_text":"24\/7 SUPPORT <br>CALL US NOW","description_text":"","position":"left","primary_color":"#121216","content_vertical_alignment":"middle","title_color":"#121216","title_typography_typography":"custom","title_typography_font_family":"SFU DIN","title_typography_font_size":{"unit":"px","size":20,"sizes":[]},"title_typography_line_height":{"unit":"px","size":26,"sizes":[]},"icon_space":{"unit":"px","size":28,"sizes":[]},"icon_size":{"unit":"px","size":38,"sizes":[]},"_css_classes":"w-auto"},"elements":[],"isInner":false,"widgetType":"icon-box","elType":"widget"}],"isInner":false,"elType":"column"},{"id":"7322a6d8","settings":{"_column_size":25,"_inline_size":null,"align":"center","border_border":"solid","border_width":{"unit":"px","top":"0","right":"1","bottom":"0","left":"0","isLinked":false},"border_color":"#EEEEEE","_inline_size_tablet":50,"border_width_mobile":{"unit":"px","top":"1","right":"0","bottom":"0","left":"0","isLinked":false},"padding":{"unit":"px","top":"40","right":"0","bottom":"40","left":"0","isLinked":false}},"elements":[{"id":"2143a6d4","settings":{"selected_icon":{"value":"tb-icon tb-icon-z-box-2","library":"tbay-custom"},"title_text":"FREE SHIPPING <br>OVER 100$","description_text":"","position":"left","primary_color":"#121216","content_vertical_alignment":"middle","title_color":"#121216","title_typography_typography":"custom","title_typography_font_family":"SFU DIN","title_typography_font_size":{"unit":"px","size":20,"sizes":[]},"title_typography_line_height":{"unit":"px","size":26,"sizes":[]},"icon_space":{"unit":"px","size":28,"sizes":[]},"icon_size":{"unit":"px","size":38,"sizes":[]},"_css_classes":"w-auto"},"elements":[],"isInner":false,"widgetType":"icon-box","elType":"widget"}],"isInner":false,"elType":"column"},{"id":"7eff4c99","settings":{"_column_size":25,"_inline_size":null,"align":"center","border_border":"solid","border_width":{"unit":"px","top":"0","right":"1","bottom":"0","left":"0","isLinked":false},"border_color":"#EEEEEE","_inline_size_tablet":50,"border_width_mobile":{"unit":"px","top":"1","right":"0","bottom":"0","left":"0","isLinked":false},"padding":{"unit":"px","top":"40","right":"0","bottom":"40","left":"0","isLinked":false}},"elements":[{"id":"34ae90bf","settings":{"selected_icon":{"value":"tb-icon tb-icon-z-flash","library":"tbay-custom"},"title_text":"SECURE & FAST <br>PAYMENTS","description_text":"","position":"left","primary_color":"#121216","content_vertical_alignment":"middle","title_color":"#121216","title_typography_typography":"custom","title_typography_font_family":"SFU DIN","title_typography_font_size":{"unit":"px","size":20,"sizes":[]},"title_typography_line_height":{"unit":"px","size":26,"sizes":[]},"icon_space":{"unit":"px","size":28,"sizes":[]},"icon_size":{"unit":"px","size":38,"sizes":[]},"_css_classes":"w-auto"},"elements":[],"isInner":false,"widgetType":"icon-box","elType":"widget"}],"isInner":false,"elType":"column"},{"id":"546d747e","settings":{"_column_size":25,"_inline_size":null,"align":"center","_inline_size_tablet":50,"border_border":"solid","border_width":{"unit":"px","top":"0","right":"1","bottom":"0","left":"0","isLinked":false},"border_width_mobile":{"unit":"px","top":"1","right":"0","bottom":"0","left":"0","isLinked":false},"border_color":"#EEEEEE","padding":{"unit":"px","top":"40","right":"0","bottom":"40","left":"0","isLinked":false}},"elements":[{"id":"272073c9","settings":{"selected_icon":{"value":"tb-icon tb-icon-z-card-coin","library":"tbay-custom"},"title_text":"HASSLE-FREE <br>RETURNS","description_text":"","position":"left","primary_color":"#121216","content_vertical_alignment":"middle","title_color":"#121216","title_typography_typography":"custom","title_typography_font_family":"SFU DIN","title_typography_font_size":{"unit":"px","size":20,"sizes":[]},"title_typography_line_height":{"unit":"px","size":26,"sizes":[]},"icon_space":{"unit":"px","size":28,"sizes":[]},"icon_size":{"unit":"px","size":38,"sizes":[]},"_css_classes":"w-auto"},"elements":[],"isInner":false,"widgetType":"icon-box","elType":"widget"}],"isInner":false,"elType":"column"}],"isInner":false,"elType":"section"},{"id":"5a7b7ebe","settings":{"content_position":"middle","padding":{"unit":"px","top":"51","right":"0","bottom":"33","left":"0","isLinked":false},"padding_tablet":{"unit":"px","top":"50","right":"0","bottom":"50","left":"0","isLinked":false},"stretch_section":"section-stretched","background_background":"classic","background_color":"#FAFAFA","background_overlay_background":"classic","margin":{"unit":"px","top":"0","right":0,"bottom":"-30","left":0,"isLinked":false}},"elements":[{"id":"1d491915","settings":{"_column_size":100,"_inline_size":null},"elements":[{"id":"3cc5618","settings":{"heading_title":"Get The Latest <br>Deals And More.","heading_title_typography_typography":"custom","heading_title_typography_font_family":"SFU DIN","heading_title_typography_font_size":{"unit":"px","size":48,"sizes":[]},"heading_title_typography_font_weight":"normal","heading_title_typography_line_height":{"unit":"px","size":56,"sizes":[]},"heading_subtitle_typography_font_family":"Whisper","heading_subtitle_typography_font_size":{"unit":"px","size":48,"sizes":[]},"heading_title_bottom_space":{"unit":"px","size":15,"sizes":[]},"heading_subtitle_bottom_space":{"unit":"px","size":14,"sizes":[]},"_element_custom_width":{"unit":"px","size":"","sizes":[]},"_element_custom_width_tablet":{"unit":"vw","size":"","sizes":[]},"_element_custom_width_mobile":{"unit":"vw","size":"","sizes":[]},"_element_vertical_align":"center","heading_title_typography_font_size_mobile":{"unit":"px","size":30,"sizes":[]},"heading_title_typography_line_height_mobile":{"unit":"px","size":36,"sizes":[]},"heading_subtitle_typography_font_size_mobile":{"unit":"px","size":40,"sizes":[]},"heading_subtitle_typography_line_height_mobile":{"unit":"px","size":46,"sizes":[]}},"elements":[],"isInner":false,"widgetType":"tbay-heading","elType":"widget"},{"id":"573dff3f","settings":{"width_button":{"unit":"px","size":150,"sizes":[]},"width_input":{"unit":"px","size":522,"sizes":[]},"width_input_tablet":{"unit":"%","size":60,"sizes":[]},"width_input_mobile":{"unit":"%","size":"","sizes":[]},"input_border_radius":{"unit":"px","top":"","right":"","bottom":"","left":"","isLinked":true},"input_margin":{"unit":"px","top":"0","right":"0","bottom":"0","left":"0","isLinked":true},"button_border_radius":{"unit":"px","top":"","right":"","bottom":"","left":"","isLinked":true},"icon_margin_tablet":{"unit":"px","top":"0","right":"0","bottom":"0","left":"0","isLinked":false},"typography_typography":"custom","typography_font_size_tablet":{"unit":"px","size":0,"sizes":[]},"icon_font_size_tablet":{"unit":"px","size":15,"sizes":[]},"icon_margin_mobile":{"unit":"px","top":"0","right":"0","bottom":"0","left":"0","isLinked":false},"typography_font_size_mobile":{"unit":"px","size":0,"sizes":[]},"icon_font_size_mobile":{"unit":"px","size":14,"sizes":[]},"typography_letter_spacing":{"unit":"px","size":2,"sizes":[]},"_margin":{"unit":"px","top":"24","right":"0","bottom":"16","left":"0","isLinked":false},"typography_letter_spacing_tablet":{"unit":"px","size":0,"sizes":[]},"typography_font_size":{"unit":"px","size":15,"sizes":[]},"_margin_mobile":{"unit":"px","top":"16","right":"0","bottom":"8","left":"0","isLinked":false},"form_style_align_content":"center","mailchip_style_typography_typography":"custom","mailchip_style_typography_font_size":{"unit":"px","size":14,"sizes":[]},"button_text_typography_typography":"custom","button_text_typography_font_size":{"unit":"px","size":14,"sizes":[]},"button_text_typography_font_weight":"600","button_text_typography_text_transform":"uppercase","button_text_typography_line_height":{"unit":"px","size":20,"sizes":[]},"_element_custom_width_tablet":{"unit":"%","size":80,"sizes":[]},"_element_custom_width_mobile":{"unit":"%","size":"","sizes":[]},"_element_vertical_align_tablet":"center"},"elements":[],"isInner":false,"widgetType":"tbay-newsletter","elType":"widget"}],"isInner":false,"elType":"column"}],"isInner":false,"elType":"section"}],"page_settings":[],"version":"0.4","title":"home","type":"page"}