{"content":[{"id":"73cd7156","settings":{"stretch_section":"section-stretched"},"elements":[{"id":"519767fc","settings":{"_column_size":100,"_inline_size":null},"elements":[{"id":"4d5670f2","settings":{"revslidertitle":"Slider 1","shortcode":"[rev_slider alias=\"slider-1\" slidertitle=\"Slider 1\"][\/rev_slider]"},"elements":[],"isInner":false,"widgetType":"slider_revolution","elType":"widget"}],"isInner":false,"elType":"column"}],"isInner":false,"elType":"section"},{"id":"52c7d12e","settings":{"stretch_section":"section-stretched","margin":{"unit":"px","top":"100","right":0,"bottom":"0","left":0,"isLinked":false},"margin_mobile":{"unit":"px","top":"70","right":0,"bottom":"0","left":0,"isLinked":false}},"elements":[{"id":"6b5f9bf0","settings":{"_column_size":100,"_inline_size":null},"elements":[{"id":"7953ba55","settings":{"heading_title":"What style do you prefer?","heading_subtitle":"Choose Your style","heading_subtitle_typography_typography":"custom","heading_subtitle_typography_font_size":{"unit":"px","size":16,"sizes":[]},"heading_subtitle_typography_text_transform":"uppercase","heading_subtitle_typography_line_height":{"unit":"px","size":24,"sizes":[]},"heading_subtitle_typography_letter_spacing":{"unit":"px","size":8,"sizes":[]},"heading_subtitle_color":"#E48E1B","heading_subtitle_bg":"#FBF3E2","heading_subtitle_padding":{"unit":"px","top":"0","right":"8","bottom":"0","left":"8","isLinked":false},"_margin":{"unit":"px","top":"0","right":"0","bottom":"22","left":"0","isLinked":false}},"elements":[],"isInner":false,"widgetType":"tbay-heading","elType":"widget"},{"id":"2fbbba8e","settings":{"custom_image_list_category":[{"_id":"63c223c","category":"classic","type_image":{"url":"https:\/\/el4.thembaydev.com\/fana_vest\/wp-content\/uploads\/2022\/08\/cat-01.png","id":4014,"alt":"","source":"library"}},{"category":"contemporary","type_image":{"url":"https:\/\/el4.thembaydev.com\/fana_vest\/wp-content\/uploads\/2022\/08\/cat-02.png","id":4015,"alt":"","source":"library"},"_id":"57658c8"},{"category":"tuxedo","type_image":{"url":"https:\/\/el4.thembaydev.com\/fana_vest\/wp-content\/uploads\/2022\/08\/cat-03.png","id":4016,"alt":"","source":"library"},"_id":"32756fb"},{"category":"wedding","type_image":{"url":"https:\/\/el4.thembaydev.com\/fana_vest\/wp-content\/uploads\/2022\/08\/cat-04.png","id":4017,"alt":"","source":"library"},"_id":"76e7d1e"}],"display_count_category":"yes","text_show_all":"See all categories","layout_type":"carousel","column_tablet":"3","col_desktopsmall":"3","list_categories_img_bg":"#F8F8F8","list_categories_title_typography_typography":"custom","list_categories_title_typography_font_size":{"unit":"px","size":20,"sizes":[]},"list_categories_title_typography_line_height":{"unit":"px","size":32,"sizes":[]},"list_categories_title_color":"#121216","list_categories_title_margin":{"unit":"px","top":"-4","right":"0","bottom":"0","left":"0","isLinked":false},"list_categories_count_item_typography_typography":"custom","list_categories_count_item_typography_font_size":{"unit":"px","size":16,"sizes":[]},"list_categories_count_item_typography_line_height":{"unit":"px","size":24,"sizes":[]},"list_categories_count_item_padding":{"unit":"px","top":"4","right":"0","bottom":"0","left":"0","isLinked":false},"list_categories_count_item_color":"#646464","__globals__":{"list_categories_title_color_hover":"globals\/colors?id=primary"}},"elements":[],"isInner":false,"widgetType":"tbay-custom-image-list-categories","elType":"widget"}],"isInner":false,"elType":"column"}],"isInner":false,"elType":"section"},{"id":"705a6e9c","settings":{"stretch_section":"section-stretched","margin":{"unit":"px","top":"80","right":0,"bottom":"0","left":0,"isLinked":false},"margin_mobile":{"unit":"px","top":"70","right":0,"bottom":"0","left":0,"isLinked":false}},"elements":[{"id":"5ef35090","settings":{"_column_size":100,"_inline_size":null},"elements":[{"id":"5d6a953c","settings":{"heading_title":"Flash Sale","heading_subtitle":"LUXURY Bench-Made Suits","date_title":"","date_title_ended":"Deal ended.","end_date":"2024-10-31 12:00","readmore_text":"Read More","readmore_page":147,"heading_subtitle_typography_typography":"custom","heading_subtitle_typography_font_size":{"unit":"px","size":16,"sizes":[]},"heading_subtitle_typography_text_transform":"uppercase","heading_subtitle_typography_line_height":{"unit":"px","size":24,"sizes":[]},"heading_subtitle_typography_letter_spacing":{"unit":"px","size":8,"sizes":[]},"heading_subtitle_bg":"#FBF3E2","heading_subtitle_padding":{"unit":"px","top":"0","right":"8","bottom":"0","left":"8","isLinked":false},"__globals__":{"heading_subtitle_color":"globals\/colors?id=primary"},"heading_style_margin":{"unit":"px","top":"0","right":"0","bottom":"12","left":"0","isLinked":false},"column":"3","col_desktop":"3","enable_readmore":"","column_tablet":"2","heading_fl_padding":{"unit":"px","top":"","right":"","bottom":"","left":"","isLinked":true},"heading_fl_margin":{"unit":"px","top":"0","right":"0","bottom":"13","left":"0","isLinked":false},"timer_bg":"#D87210","label_timer_color":"#F2CB86"},"elements":[],"isInner":false,"widgetType":"tbay-product-flash-sales","elType":"widget"}],"isInner":false,"elType":"column"}],"isInner":false,"elType":"section"},{"id":"24649afc","settings":{"stretch_section":"section-stretched","background_background":"classic","background_color":"#272B4B","padding":{"unit":"px","top":"100","right":"0","bottom":"100","left":"0","isLinked":false},"margin":{"unit":"px","top":"86","right":0,"bottom":"0","left":0,"isLinked":false},"margin_mobile":{"unit":"px","top":"70","right":0,"bottom":"0","left":0,"isLinked":false},"padding_mobile":{"unit":"px","top":"50","right":"0","bottom":"50","left":"0","isLinked":false}},"elements":[{"id":"3fdc5abd","settings":{"_column_size":100,"_inline_size":null},"elements":[{"id":"496aea0","settings":{"heading_title":"How it works","heading_subtitle":"LUXURY Bench-Made Suits","heading_subtitle_typography_typography":"custom","heading_subtitle_typography_font_size":{"unit":"px","size":16,"sizes":[]},"heading_subtitle_typography_text_transform":"uppercase","heading_subtitle_typography_line_height":{"unit":"px","size":24,"sizes":[]},"heading_subtitle_typography_letter_spacing":{"unit":"px","size":8,"sizes":[]},"heading_subtitle_color":"#E48E1B","heading_subtitle_bg":"#FBF3E21A","heading_subtitle_padding":{"unit":"px","top":"0","right":"8","bottom":"0","left":"8","isLinked":false},"heading_title_color":"#FFFFFF","_margin":{"unit":"px","top":"0","right":"0","bottom":"80","left":"0","isLinked":false}},"elements":[],"isInner":false,"widgetType":"tbay-heading","elType":"widget"},{"id":"6697133b","settings":{"structure":"30"},"elements":[{"id":"ebc9b32","settings":{"_column_size":33,"_inline_size":null,"_inline_size_tablet":50},"elements":[{"id":"32e92d07","settings":{"selected_icon":{"value":"tb-icon tb-icon-suit","library":"tbay-custom"},"primary_color":"#E48E1B","size":{"unit":"px","size":80,"sizes":[]}},"elements":[],"isInner":false,"widgetType":"icon","elType":"widget"},{"id":"65fc3279","settings":{"title":"Customization","header_size":"h3","align":"center","title_color":"#FFFFFF","typography_typography":"custom","typography_font_family":"EB Garamond","typography_font_size":{"unit":"px","size":32,"sizes":[]},"typography_font_weight":"400","typography_line_height":{"unit":"px","size":40,"sizes":[]},"_margin":{"unit":"px","top":"17","right":"0","bottom":"25","left":"0","isLinked":false}},"elements":[],"isInner":false,"widgetType":"heading","elType":"widget"},{"id":"62b474e8","settings":{"editor":"<p>Fana is an investment starting at $850 USD (Fana) $1150 USD (Fana M Series) depending on selection and features an impeccable contemporary silhouette suitable for any occasion that will serve as foundation to an iconic wardrobe.<\/p>","align":"center","text_color":"#888888","typography_typography":"custom","typography_font_size":{"unit":"px","size":18,"sizes":[]},"typography_font_weight":"400","typography_line_height":{"unit":"px","size":32,"sizes":[]}},"elements":[],"isInner":false,"widgetType":"text-editor","elType":"widget"}],"isInner":true,"elType":"column"},{"id":"757af065","settings":{"_column_size":33,"_inline_size":null,"_inline_size_tablet":50,"margin_mobile":{"unit":"px","top":"30","right":"0","bottom":"0","left":"0","isLinked":false}},"elements":[{"id":"1258d7b","settings":{"selected_icon":{"value":"tb-icon tb-icon-measurement","library":"tbay-custom"},"primary_color":"#E48E1B","size":{"unit":"px","size":80,"sizes":[]}},"elements":[],"isInner":false,"widgetType":"icon","elType":"widget"},{"id":"410fdeca","settings":{"title":"Generation of Measurements","header_size":"h3","align":"center","title_color":"#FFFFFF","typography_typography":"custom","typography_font_family":"EB Garamond","typography_font_size":{"unit":"px","size":32,"sizes":[]},"typography_font_weight":"400","typography_line_height":{"unit":"px","size":40,"sizes":[]},"_margin":{"unit":"px","top":"17","right":"0","bottom":"25","left":"0","isLinked":false}},"elements":[],"isInner":false,"widgetType":"heading","elType":"widget"},{"id":"48f6ca4","settings":{"editor":"<p>Body measurements are taken at our Raleigh based atelier by an experienced member of our styling team to ensure your Fana is tailored to your specifications. M-A-R-S available for clients who are not local and\/or wish to bypass the self-measurement process.<\/p>","align":"center","text_color":"#888888","typography_typography":"custom","typography_font_size":{"unit":"px","size":18,"sizes":[]},"typography_font_weight":"400","typography_line_height":{"unit":"px","size":32,"sizes":[]}},"elements":[],"isInner":false,"widgetType":"text-editor","elType":"widget"}],"isInner":true,"elType":"column"},{"id":"6986d22f","settings":{"_column_size":33,"_inline_size":null,"_inline_size_tablet":100,"margin_tablet":{"unit":"px","top":"30","right":"0","bottom":"0","left":"0","isLinked":false}},"elements":[{"id":"75c1247a","settings":{"selected_icon":{"value":"tb-icon tb-icon-machine","library":"tbay-custom"},"primary_color":"#E48E1B","size":{"unit":"px","size":80,"sizes":[]}},"elements":[],"isInner":false,"widgetType":"icon","elType":"widget"},{"id":"472073c7","settings":{"title":"Blazer Production","header_size":"h3","align":"center","title_color":"#FFFFFF","typography_typography":"custom","typography_font_family":"EB Garamond","typography_font_size":{"unit":"px","size":32,"sizes":[]},"typography_font_weight":"400","typography_line_height":{"unit":"px","size":40,"sizes":[]},"_margin":{"unit":"px","top":"17","right":"0","bottom":"25","left":"0","isLinked":false}},"elements":[],"isInner":false,"widgetType":"heading","elType":"widget"},{"id":"2f8cdaa","settings":{"editor":"Fana offers complimentary consultations via phone, skype, email or in person at our Raleigh based atelier where you will discuss and finalize your fabrics, and measurements with our expert stylists. Once design logistics have been finalized.","align":"center","text_color":"#888888","typography_typography":"custom","typography_font_size":{"unit":"px","size":18,"sizes":[]},"typography_font_weight":"400","typography_line_height":{"unit":"px","size":32,"sizes":[]}},"elements":[],"isInner":false,"widgetType":"text-editor","elType":"widget"}],"isInner":true,"elType":"column"}],"isInner":true,"elType":"section"}],"isInner":false,"elType":"column"}],"isInner":false,"elType":"section"},{"id":"4fd02abe","settings":{"layout":"full_width","gap":"no","stretch_section":"section-stretched","background_background":"classic","background_image":{"url":"https:\/\/el4.thembaydev.com\/fana_vest\/wp-content\/uploads\/2022\/10\/bg-request-scaled.jpg","id":5419,"alt":"","source":"library"},"height":"min-height","custom_height":{"unit":"px","size":484,"sizes":[]},"custom_height_mobile":{"unit":"px","size":400,"sizes":[]}},"elements":[{"id":"19598137","settings":{"_column_size":100,"_inline_size":null},"elements":[{"id":"332802fb","settings":{"structure":"30"},"elements":[{"id":"1751b8ad","settings":{"_column_size":33,"_inline_size":null,"hide_tablet":"hidden-tablet","hide_mobile":"hidden-mobile"},"elements":[],"isInner":true,"elType":"column"},{"id":"765ebf6","settings":{"_column_size":33,"_inline_size":null,"_inline_size_tablet":100,"padding_tablet":{"unit":"px","top":"0","right":"30","bottom":"0","left":"30","isLinked":false}},"elements":[{"id":"642f90dd","settings":{"title":"Ready to get started?","header_size":"h3","align":"center","title_color":"#FFFFFF","typography_typography":"custom","typography_font_family":"EB Garamond","typography_font_size":{"unit":"px","size":48,"sizes":[]},"typography_font_weight":"400","typography_line_height":{"unit":"px","size":56,"sizes":[]},"typography_font_size_mobile":{"unit":"px","size":32,"sizes":[]},"typography_line_height_mobile":{"unit":"px","size":40,"sizes":[]}},"elements":[],"isInner":false,"widgetType":"heading","elType":"widget"},{"id":"1093010a","settings":{"editor":"FanaSuit offers a diverse selection of premium fabrics, linings and features, making it easier to customize and create a truly unique blazer.","align":"center","text_color":"#888888","_margin":{"unit":"px","top":"24","right":"0","bottom":"38","left":"0","isLinked":false}},"elements":[],"isInner":false,"widgetType":"text-editor","elType":"widget"},{"id":"47278481","settings":{"button_title":"Request An Appointment","form_id":"1638","display_form_name":"yes","display_form_description":"yes","general_text_align":"center"},"elements":[],"isInner":false,"widgetType":"tbay-wpforms-button-popup","elType":"widget"}],"isInner":true,"elType":"column"},{"id":"72aaf701","settings":{"_column_size":33,"_inline_size":null,"hide_tablet":"hidden-tablet","hide_mobile":"hidden-mobile"},"elements":[],"isInner":true,"elType":"column"}],"isInner":true,"elType":"section"}],"isInner":false,"elType":"column"}],"isInner":false,"elType":"section"},{"id":"2f150189","settings":{"layout":"full_width","gap":"no","stretch_section":"section-stretched","background_background":"classic","background_color":"#F0EEED","padding":{"unit":"px","top":"100","right":"0","bottom":"95","left":"0","isLinked":false},"padding_mobile":{"unit":"px","top":"70","right":"0","bottom":"70","left":"0","isLinked":false}},"elements":[{"id":"781f8c43","settings":{"_column_size":100,"_inline_size":null},"elements":[{"id":"1e558106","settings":[],"elements":[{"id":"2f966fb4","settings":{"_column_size":100,"_inline_size":null},"elements":[{"id":"ad7814f","settings":{"heading_title":"Our Fit Types","heading_subtitle":"Make our most","heading_subtitle_typography_typography":"custom","heading_subtitle_typography_font_size":{"unit":"px","size":16,"sizes":[]},"heading_subtitle_typography_text_transform":"uppercase","heading_subtitle_typography_line_height":{"unit":"px","size":24,"sizes":[]},"heading_subtitle_typography_letter_spacing":{"unit":"px","size":8,"sizes":[]},"heading_subtitle_color":"#E48E1B","heading_subtitle_bg":"#FBF3E2","heading_subtitle_padding":{"unit":"px","top":"0","right":"8","bottom":"0","left":"8","isLinked":false},"_margin":{"unit":"px","top":"0","right":"0","bottom":"35","left":"0","isLinked":false}},"elements":[],"isInner":false,"widgetType":"tbay-heading","elType":"widget"},{"id":"7e012a9c","settings":{"our_fit_image_left":{"url":"https:\/\/el4.thembaydev.com\/fana_vest\/wp-content\/uploads\/2022\/10\/img-left.png","id":5220,"alt":"","source":"library"},"our_fit_title_left":"Slim Fit","our_fit_description_left_first":"<p>The jacket is v-shaped with broader shoulders, a tapered waist, and less room between the jacket and your body.<\/p><p>Pants have a straight waist and tapered leg that\u2019s slimmer in the hip\/thigh\/butt.<\/p>","our_fit_description_left_second":"<p>Slim fit jackets available in sizes 34-50, slim pants available in odd sizes 27-43.<\/p>","our_fit_image_right":{"url":"https:\/\/el4.thembaydev.com\/fana_vest\/wp-content\/uploads\/2022\/10\/img-right.png","id":5221,"alt":"","source":"library"},"our_fit_title_right":"Modern Fit","our_fit_description_right_first":"<p>The jacket has a straighter cut with more room in the waist and more room between the jacket and your body.<\/p><p>Pants are cut with a contoured waistband and more room in the butt and thigh area with an easier fit through the leg.<\/p>","our_fit_description_right_second":"<p>Modern fit jackets available in sizes 34-60, pants available in even sizes 28-54.<\/p>"},"elements":[],"isInner":false,"widgetType":"tbay-compare-our-fit","elType":"widget"}],"isInner":true,"elType":"column"}],"isInner":true,"elType":"section"}],"isInner":false,"elType":"column"}],"isInner":false,"elType":"section"},{"id":"3f2b1e7","settings":{"layout":"full_width","gap":"no","stretch_section":"section-stretched","background_background":"classic","background_color":"#272B4B","padding":{"unit":"px","top":"100","right":"0","bottom":"72","left":"0","isLinked":false},"padding_mobile":{"unit":"px","top":"70","right":"0","bottom":"70","left":"0","isLinked":false}},"elements":[{"id":"4c7cd5b4","settings":{"_column_size":100,"_inline_size":null},"elements":[{"id":"db6251f","settings":[],"elements":[{"id":"57e24f71","settings":{"_column_size":100,"_inline_size":null},"elements":[{"id":"61d9cd3c","settings":{"heading_title":"Our Customers Love Us","heading_subtitle":"Happy customer","heading_subtitle_typography_typography":"custom","heading_subtitle_typography_font_size":{"unit":"px","size":16,"sizes":[]},"heading_subtitle_typography_text_transform":"uppercase","heading_subtitle_typography_line_height":{"unit":"px","size":24,"sizes":[]},"heading_subtitle_typography_letter_spacing":{"unit":"px","size":8,"sizes":[]},"heading_subtitle_color":"#E48E1B","heading_subtitle_bg":"#FBF3E21A","heading_subtitle_padding":{"unit":"px","top":"0","right":"8","bottom":"0","left":"8","isLinked":false},"heading_title_color":"#FFFFFF","_margin":{"unit":"px","top":"0","right":"0","bottom":"14","left":"0","isLinked":false}},"elements":[],"isInner":false,"widgetType":"tbay-heading","elType":"widget"},{"id":"64ca63e7","settings":{"layout_type":"carousel","testimonials":[{"testimonial_image":{"url":"https:\/\/el4.thembaydev.com\/fana_vest\/wp-content\/uploads\/2022\/01\/testi-01.png","id":1393,"alt":"","source":"library"},"testimonial_name":"Albert Flores","testimonial_sub_name":"Nursing Assistant","testimonial_excerpt":"\"Hands down the best internet suit company out there and for the price it's a no brainer! Thank you SuitShop for helping to make my wedding perfect!\"","_id":"128021e"},{"testimonial_image":{"url":"https:\/\/el4.thembaydev.com\/fana_vest\/wp-content\/uploads\/2022\/01\/testi-02.png","id":1394,"alt":"","source":"library"},"testimonial_name":"Henry Groom","testimonial_sub_name":"Nursing Assistant","testimonial_excerpt":"\"The customer service was incredible and the suits were high quality and looked sharp. The shipping is amazing! Thank you SuitShop.\"","_id":"2024658"},{"testimonial_image":{"url":"https:\/\/el4.thembaydev.com\/fana_vest\/wp-content\/uploads\/2022\/01\/our-team-01.jpg","id":1920,"alt":"","source":"library"},"testimonial_name":"Diya","testimonial_sub_name":"Nursing Assistant","testimonial_excerpt":"\"The customer service was incredible and the suits were high quality and looked sharp. The shipping is amazing! Thank you SuitShop.\"","_id":"347a693"}],"column":"2","col_desktop":"2","testimonials_description_color":"#FFFFFF","testimonials_name_color":"#FFFFFF","testimonials_subname_color":"#888888","navigation":"","pagination":"yes","disable_mobile":"","column_tablet":"1","column_mobile":"1"},"elements":[],"isInner":false,"widgetType":"tbay-testimonials","elType":"widget"}],"isInner":true,"elType":"column"}],"isInner":true,"elType":"section"}],"isInner":false,"elType":"column"}],"isInner":false,"elType":"section"},{"id":"4e76ca74","settings":{"stretch_section":"section-stretched","margin":{"unit":"px","top":"100","right":0,"bottom":"22","left":0,"isLinked":false},"margin_mobile":{"unit":"px","top":"70","right":0,"bottom":"0","left":0,"isLinked":false}},"elements":[{"id":"387e2a59","settings":{"_column_size":100,"_inline_size":null},"elements":[{"id":"114ffced","settings":{"heading_title":"Latest Blog & Posts","heading_subtitle":"What\u2019s new trending","heading_subtitle_typography_typography":"custom","heading_subtitle_typography_font_size":{"unit":"px","size":16,"sizes":[]},"heading_subtitle_typography_text_transform":"uppercase","heading_subtitle_typography_line_height":{"unit":"px","size":24,"sizes":[]},"heading_subtitle_typography_letter_spacing":{"unit":"px","size":8,"sizes":[]},"heading_subtitle_color":"#E48E1B","heading_subtitle_bg":"#FBF3E2","heading_subtitle_padding":{"unit":"px","top":"0","right":"8","bottom":"0","left":"8","isLinked":false},"_margin":{"unit":"px","top":"0","right":"0","bottom":"40","left":"0","isLinked":false}},"elements":[],"isInner":false,"widgetType":"tbay-heading","elType":"widget"},{"id":"5eb9be7e","settings":{"limit":3,"show_read_more":"yes","read_more_text":"Read more","show_author":"yes","show_comments":"yes","show_comments_text":"","column":"3","col_desktop":"3","layout_type":"carousel","column_tablet":"2","navigation":"","column_mobile":"1"},"elements":[],"isInner":false,"widgetType":"tbay-posts-grid","elType":"widget"}],"isInner":false,"elType":"column"}],"isInner":false,"elType":"section"}],"page_settings":[],"version":"0.4","title":"home","type":"page"}