{"content":[{"id":"6d3761f0","settings":{"stretch_section":"section-stretched","layout":"full_width","gap":"no"},"elements":[{"id":"437c3555","settings":{"_column_size":100,"_inline_size":null},"elements":[{"id":"6d82f80e","settings":{"revslidertitle":"Slider 1","shortcode":"[rev_slider alias=\"slider-1\" slidertitle=\"Slider 1\"][\/rev_slider]"},"elements":[],"isInner":false,"widgetType":"slider_revolution","elType":"widget"}],"isInner":false,"elType":"column"}],"isInner":false,"elType":"section"},{"id":"6b843ed0","settings":{"background_overlay_background":"classic","background_overlay_opacity":{"unit":"px","size":1,"sizes":[]},"margin":{"unit":"px","top":"","right":0,"bottom":"","left":0,"isLinked":true},"padding":{"unit":"px","top":"100","right":"0","bottom":"80","left":"0","isLinked":false},"margin_tablet":{"unit":"px","top":"40","right":0,"bottom":"0","left":0,"isLinked":false},"padding_tablet":{"unit":"px","top":"50","right":"0","bottom":"50","left":"0","isLinked":false},"padding_mobile":{"unit":"px","top":"30","right":"0","bottom":"30","left":"0","isLinked":false},"stretch_section":"section-stretched"},"elements":[{"id":"2bffd184","settings":{"_column_size":100,"_inline_size":null},"elements":[{"id":"6d2e080c","settings":{"selected_icon":{"value":{"url":"https:\/\/el4.thembaydev.com\/fana_bikini\/wp-content\/uploads\/2022\/10\/icon-shells.svg","id":5295},"library":"svg"},"_margin":{"unit":"px","top":"0","right":"0","bottom":"1","left":"0","isLinked":false}},"elements":[],"isInner":false,"widgetType":"icon","elType":"widget"},{"id":"42e94fa9","settings":{"heading_title":"List Of Our Collections","heading_subtitle":"August Swimwear","heading_subtitle_typography_typography":"custom","heading_subtitle_typography_font_size":{"unit":"px","size":16,"sizes":[]},"heading_subtitle_typography_line_height":{"unit":"px","size":24,"sizes":[]},"heading_subtitle_color":"#CA6D6F","heading_title_bottom_space":{"unit":"px","size":40,"sizes":[]},"heading_subtitle_bottom_space":{"unit":"px","size":24,"sizes":[]},"heading_description_bottom_space":{"unit":"px","size":53,"sizes":[]},"heading_title_typography_typography":"custom","heading_title_max_width":{"unit":"px","size":680,"sizes":[]},"heading_subtitle_typography_font_weight":"400","heading_subtitle_typography_text_transform":"uppercase","heading_subtitle_typography_letter_spacing":{"unit":"px","size":8,"sizes":[]},"heading_title_typography_font_size_mobile":{"unit":"px","size":24,"sizes":[]},"heading_title_typography_line_height_mobile":{"unit":"px","size":30,"sizes":[]},"heading_title_bottom_space_mobile":{"unit":"px","size":20,"sizes":[]},"heading_subtitle_typography_font_size_mobile":{"unit":"px","size":14,"sizes":[]},"heading_subtitle_bottom_space_mobile":{"unit":"px","size":10,"sizes":[]}},"elements":[],"isInner":false,"widgetType":"tbay-heading","elType":"widget"},{"id":"64d8a0fc","settings":{"custom_image_list_category":[{"_id":"63c223c","category":"bathing-dress","type_image":{"url":"https:\/\/el4.thembaydev.com\/fana_bikini\/wp-content\/uploads\/2022\/08\/cat-01.jpg","id":4014,"alt":"","source":"library"}},{"category":"swimsuit","type_image":{"url":"https:\/\/el4.thembaydev.com\/fana_bikini\/wp-content\/uploads\/2022\/08\/cat-02.jpg","id":4015,"alt":"","source":"library"},"_id":"57658c8"},{"category":"tankini","type_image":{"url":"https:\/\/el4.thembaydev.com\/fana_bikini\/wp-content\/uploads\/2022\/08\/cat-03.jpg","id":4016,"alt":"","source":"library"},"_id":"32756fb"},{"category":"pants","type_image":{"url":"https:\/\/el4.thembaydev.com\/fana_bikini\/wp-content\/uploads\/2022\/10\/cat-04.jpg","id":5340,"alt":"","source":"library"},"_id":"74d9f0d"}],"display_count_category":"yes","text_show_all":"See all categories","style_type":"v2","layout_type":"carousel","column_tablet":"3","col_desktopsmall":"3","column":"3","col_desktop":"3","carousel_blur":"","navigation_prev":{"unit":"px","size":-68,"sizes":[]},"navigation_next":{"unit":"px","size":-68,"sizes":[]}},"elements":[],"isInner":false,"widgetType":"tbay-custom-image-list-categories","elType":"widget"}],"isInner":false,"elType":"column"}],"isInner":false,"elType":"section"},{"id":"5a272eee","settings":{"layout":"full_width","stretch_section":"section-stretched","background_background":"classic","background_color":"#F2EFEA","padding":{"unit":"px","top":"100","right":"0","bottom":"0","left":"0","isLinked":false},"padding_mobile":{"unit":"px","top":"30","right":"0","bottom":"0","left":"0","isLinked":false}},"elements":[{"id":"545bd4ac","settings":{"_column_size":100,"_inline_size":null},"elements":[{"id":"1f0c31fc","settings":[],"elements":[{"id":"305a1273","settings":{"_column_size":100,"_inline_size":null},"elements":[{"id":"6dd4014e","settings":{"selected_icon":{"value":{"url":"https:\/\/el4.thembaydev.com\/fana_bikini\/wp-content\/uploads\/2022\/10\/icon-shells.svg","id":5295},"library":"svg"},"_margin":{"unit":"px","top":"0","right":"0","bottom":"1","left":"0","isLinked":false}},"elements":[],"isInner":false,"widgetType":"icon","elType":"widget"},{"id":"75f6ea30","settings":{"heading_title":"New Arrivals","heading_subtitle":"August Swimwear","heading_subtitle_typography_typography":"custom","heading_subtitle_typography_font_size":{"unit":"px","size":16,"sizes":[]},"heading_subtitle_typography_line_height":{"unit":"px","size":24,"sizes":[]},"heading_subtitle_color":"#CA6D6F","heading_title_bottom_space":{"unit":"px","size":16,"sizes":[]},"heading_subtitle_bottom_space":{"unit":"px","size":8,"sizes":[]},"heading_description_bottom_space":{"unit":"px","size":53,"sizes":[]},"heading_title_typography_typography":"custom","heading_title_max_width":{"unit":"px","size":680,"sizes":[]},"heading_subtitle_typography_font_weight":"400","heading_subtitle_typography_text_transform":"uppercase","heading_subtitle_typography_letter_spacing":{"unit":"px","size":8,"sizes":[]},"_margin":{"unit":"px","top":"0","right":"0","bottom":"24","left":"0","isLinked":false},"heading_title_typography_font_size_mobile":{"unit":"px","size":24,"sizes":[]},"heading_subtitle_typography_font_size_mobile":{"unit":"px","size":14,"sizes":[]},"heading_subtitle_bottom_space_mobile":{"unit":"px","size":10,"sizes":[]},"_margin_mobile":{"unit":"px","top":"0","right":"0","bottom":"0","left":"0","isLinked":false}},"elements":[],"isInner":false,"widgetType":"tbay-heading","elType":"widget"},{"id":"1d38577e","settings":{"categories":["accessories","bathing-dress","swimsuit","tankini","vintage"],"text_show_all":"View all products","column":"3","col_desktop":"3","col_desktopsmall":"3"},"elements":[],"isInner":false,"widgetType":"tbay-products","elType":"widget"}],"isInner":true,"elType":"column"}],"isInner":true,"elType":"section"}],"isInner":false,"elType":"column"}],"isInner":false,"elType":"section"},{"id":"1a42b8a1","settings":{"stretch_section":"section-stretched","structure":"20","background_background":"classic","background_color":"#F2EEE9","padding":{"unit":"px","top":"57","right":"0","bottom":"0","left":"0","isLinked":false}},"elements":[{"id":"431a1cfb","settings":{"_column_size":50,"_inline_size":null,"_inline_size_tablet":100,"margin_tablet":{"unit":"px","top":"0","right":"0","bottom":"30","left":"0","isLinked":false},"margin_mobile":{"unit":"px","top":"0","right":"0","bottom":"15","left":"0","isLinked":false}},"elements":[{"id":"7ff55960","settings":{"link":{"url":"https:\/\/el4.thembaydev.com\/fana_bikini\/shop\/","is_external":false,"nofollow":false,"custom_attributes":""},"image":{"url":"https:\/\/el4.thembaydev.com\/fana_bikini\/wp-content\/uploads\/2022\/10\/banner-01.jpg","id":5299,"alt":"","source":"library"},"banner_title":"<span style=\"background: #CA6D6F; padding: 1px 8px;\">30% OFF<\/span> All Items","banner_sub_title":"Hello Summer","banner_description":"A smooth leather.","banner_label":"Discover now","general_horizontal_alignment":"center","general_vertical_alignment":"center","general_text_alignment":"center","banner_effects":"circle","title_typography_typography":"custom","title_typography_font_family":"Ivy Mode","title_typography_font_size":{"unit":"px","size":24,"sizes":[]},"title_typography_font_weight":"400","title_typography_line_height":{"unit":"px","size":48,"sizes":[]},"title_color":"#FFFFFF","subtitle_typography_typography":"custom","subtitle_typography_font_family":"Ivy Mode","subtitle_typography_font_size":{"unit":"px","size":40,"sizes":[]},"subtitle_typography_font_weight":"400","subtitle_typography_line_height":{"unit":"px","size":48,"sizes":[]},"subtitle_margin":{"unit":"px","top":"8","right":"0","bottom":"0","left":"0","isLinked":false},"subtitle_color":"#FFFFFF","description_typography_typography":"custom","description_typography_font_size":{"unit":"px","size":16,"sizes":[]},"description_typography_font_weight":"400","description_typography_line_height":{"unit":"px","size":24,"sizes":[]},"description_margin":{"unit":"px","top":"8","right":"0","bottom":"0","left":"0","isLinked":false},"description_color":"#FFFFFF","label_typography_typography":"custom","label_typography_font_size":{"unit":"px","size":14,"sizes":[]},"label_typography_text_transform":"uppercase","label_typography_line_height":{"unit":"px","size":20,"sizes":[]},"label_typography_letter_spacing":{"unit":"px","size":0.08,"sizes":[]},"label_margin":{"unit":"px","top":"23","right":"0","bottom":"0","left":"0","isLinked":false},"label_padding":{"unit":"px","top":"14","right":"42","bottom":"14","left":"42","isLinked":false},"label_color":"#121216","label_bg_color":"#FFFFFF","label_color_hover":"#FFFFFF","__globals__":{"label_bg_color_hover":"globals\/colors?id=primary"},"general_padding_mobile":{"unit":"px","top":"20","right":"0","bottom":"0","left":"0","isLinked":false},"general_vertical_alignment_mobile":"flex-start","subtitle_margin_mobile":{"unit":"px","top":"0","right":"0","bottom":"0","left":"0","isLinked":false},"description_margin_mobile":{"unit":"px","top":"8","right":"0","bottom":"200","left":"0","isLinked":false}},"elements":[],"isInner":false,"widgetType":"tbay-banner","elType":"widget"}],"isInner":false,"elType":"column"},{"id":"2add018e","settings":{"_column_size":50,"_inline_size":null,"_inline_size_tablet":100},"elements":[{"id":"39f05958","settings":{"link":{"url":"https:\/\/el4.thembaydev.com\/fana_bikini\/shop\/","is_external":false,"nofollow":false,"custom_attributes":""},"image":{"url":"https:\/\/el4.thembaydev.com\/fana_bikini\/wp-content\/uploads\/2022\/10\/banner-02.jpg","id":5300,"alt":"","source":"library"},"banner_title":"LIMITED EDITION","banner_sub_title":"New! Supper <br>Summer","banner_description":"","banner_label":"Shop now","general_horizontal_alignment":"center","general_vertical_alignment":"center","general_text_alignment":"center","banner_effects":"circle","title_typography_typography":"custom","title_typography_font_size":{"unit":"px","size":16,"sizes":[]},"title_typography_font_weight":"400","title_typography_line_height":{"unit":"px","size":24,"sizes":[]},"title_color":"#FFFFFF","subtitle_typography_typography":"custom","subtitle_typography_font_family":"Ivy Mode","subtitle_typography_font_size":{"unit":"px","size":40,"sizes":[]},"subtitle_typography_font_weight":"400","subtitle_typography_line_height":{"unit":"px","size":48,"sizes":[]},"subtitle_margin":{"unit":"px","top":"8","right":"0","bottom":"0","left":"0","isLinked":false},"subtitle_color":"#FFFFFF","description_typography_typography":"custom","description_typography_font_size":{"unit":"px","size":16,"sizes":[]},"description_typography_font_weight":"400","description_typography_line_height":{"unit":"px","size":24,"sizes":[]},"description_color":"#FFFFFF","label_typography_typography":"custom","label_typography_font_size":{"unit":"px","size":14,"sizes":[]},"label_typography_text_transform":"uppercase","label_typography_line_height":{"unit":"px","size":20,"sizes":[]},"label_typography_letter_spacing":{"unit":"px","size":0.08,"sizes":[]},"label_margin":{"unit":"px","top":"23","right":"0","bottom":"0","left":"0","isLinked":false},"label_padding":{"unit":"px","top":"14","right":"42","bottom":"14","left":"42","isLinked":false},"label_color":"#FFFFFF","label_bg_color":"#CA6D6F","label_color_hover":"#121216","label_bg_color_hover":"#FFFFFF","__globals__":{"label_bg_color_hover":"","label_bg_color":"globals\/colors?id=primary"},"general_padding_mobile":{"unit":"px","top":"20","right":"0","bottom":"0","left":"0","isLinked":false},"general_vertical_alignment_mobile":"flex-start","subtitle_typography_font_size_mobile":{"unit":"px","size":30,"sizes":[]},"subtitle_typography_line_height_mobile":{"unit":"px","size":36,"sizes":[]},"subtitle_margin_mobile":{"unit":"px","top":"10","right":"0","bottom":"300","left":"0","isLinked":false}},"elements":[],"isInner":false,"widgetType":"tbay-banner","elType":"widget"}],"isInner":false,"elType":"column"}],"isInner":false,"elType":"section"},{"id":"7010758c","settings":{"layout":"full_width","stretch_section":"section-stretched","background_background":"classic","background_color":"#F2EEE9","padding":{"unit":"px","top":"100","right":"0","bottom":"68","left":"0","isLinked":false},"padding_mobile":{"unit":"px","top":"30","right":"0","bottom":"30","left":"0","isLinked":false}},"elements":[{"id":"6cc69eba","settings":{"_column_size":100,"_inline_size":null},"elements":[{"id":"1fd3acb4","settings":[],"elements":[{"id":"23b46607","settings":{"_column_size":100,"_inline_size":null},"elements":[{"id":"3742cb27","settings":{"selected_icon":{"value":{"url":"https:\/\/el4.thembaydev.com\/fana_bikini\/wp-content\/uploads\/2022\/10\/icon-shells.svg","id":5295},"library":"svg"},"_margin":{"unit":"px","top":"0","right":"0","bottom":"1","left":"0","isLinked":false}},"elements":[],"isInner":false,"widgetType":"icon","elType":"widget"},{"id":"3a939bbf","settings":{"heading_title":"New Arrivals","heading_subtitle":"August Swimwear","heading_subtitle_typography_typography":"custom","heading_subtitle_typography_font_size":{"unit":"px","size":16,"sizes":[]},"heading_subtitle_typography_line_height":{"unit":"px","size":24,"sizes":[]},"heading_subtitle_color":"#CA6D6F","heading_title_bottom_space":{"unit":"px","size":16,"sizes":[]},"heading_subtitle_bottom_space":{"unit":"px","size":9,"sizes":[]},"heading_description_bottom_space":{"unit":"px","size":53,"sizes":[]},"heading_title_typography_typography":"custom","heading_title_max_width":{"unit":"px","size":680,"sizes":[]},"heading_subtitle_typography_font_weight":"400","heading_subtitle_typography_text_transform":"uppercase","heading_subtitle_typography_letter_spacing":{"unit":"px","size":8,"sizes":[]},"_margin":{"unit":"px","top":"0","right":"0","bottom":"24","left":"0","isLinked":false},"heading_title_typography_font_size_mobile":{"unit":"px","size":24,"sizes":[]},"heading_title_typography_line_height_mobile":{"unit":"px","size":32,"sizes":[]},"heading_subtitle_typography_font_size_mobile":{"unit":"px","size":14,"sizes":[]},"heading_subtitle_bottom_space_mobile":{"unit":"px","size":10,"sizes":[]},"_margin_mobile":{"unit":"px","top":"0","right":"0","bottom":"0","left":"0","isLinked":false}},"elements":[],"isInner":false,"widgetType":"tbay-heading","elType":"widget"},{"id":"7d7569ad","settings":{"limit":8,"layout_type":"carousel","categories":["accessories","bathing-dress","swimsuit","tankini","vintage"],"text_show_all":"View all products","column":"5","col_desktop":"4","carousel_blur":"yes","col_desktopsmall":"3"},"elements":[],"isInner":false,"widgetType":"tbay-products","elType":"widget"}],"isInner":true,"elType":"column"}],"isInner":true,"elType":"section"}],"isInner":false,"elType":"column"}],"isInner":false,"elType":"section"},{"id":"6d5b663c","settings":{"layout":"full_width","gap":"no","stretch_section":"section-stretched","background_background":"classic","background_color":"#FAFAFA","margin":{"unit":"px","top":"","right":0,"bottom":"","left":0,"isLinked":true},"padding":{"unit":"px","top":"100","right":"0","bottom":"34","left":"0","isLinked":false},"padding_tablet":{"unit":"px","top":"0","right":"0","bottom":"34","left":"0","isLinked":false},"padding_mobile":{"unit":"px","top":"0","right":"0","bottom":"30","left":"0","isLinked":false}},"elements":[{"id":"78fbd3e4","settings":{"_column_size":100,"_inline_size":null},"elements":[{"id":"6f2db732","settings":{"revslidertitle":"Slider 2","shortcode":"[rev_slider alias=\"slider-2\" slidertitle=\"Slider 2\"][\/rev_slider]"},"elements":[],"isInner":false,"widgetType":"slider_revolution","elType":"widget"}],"isInner":false,"elType":"column"}],"isInner":false,"elType":"section"},{"id":"4bb7e139","settings":{"layout":"full_width","gap":"no","stretch_section":"section-stretched"},"elements":[{"id":"3c8ed7a5","settings":{"_column_size":100,"_inline_size":null},"elements":[{"id":"5a84e040","settings":{"revslidertitle":"Slider 3","shortcode":"[rev_slider alias=\"slider-3\" slidertitle=\"Slider 3\"][\/rev_slider]"},"elements":[],"isInner":false,"widgetType":"slider_revolution","elType":"widget"}],"isInner":false,"elType":"column"}],"isInner":false,"elType":"section"},{"id":"43ed926d","settings":{"layout":"full_width","stretch_section":"section-stretched","background_background":"classic","background_color":"#FAFAFA","margin":{"unit":"px","top":"","right":0,"bottom":"","left":0,"isLinked":true},"padding":{"unit":"px","top":"100","right":"0","bottom":"0","left":"0","isLinked":false},"padding_mobile":{"unit":"px","top":"30","right":"0","bottom":"0","left":"0","isLinked":false}},"elements":[{"id":"5246e62f","settings":{"_column_size":100,"_inline_size":null},"elements":[{"id":"233fe5ea","settings":[],"elements":[{"id":"6395e9d5","settings":{"_column_size":100,"_inline_size":null},"elements":[{"id":"40d11181","settings":{"selected_icon":{"value":{"url":"https:\/\/el4.thembaydev.com\/fana_bikini\/wp-content\/uploads\/2022\/10\/icon-shells.svg","id":5295},"library":"svg"},"_margin":{"unit":"px","top":"0","right":"0","bottom":"1","left":"0","isLinked":false}},"elements":[],"isInner":false,"widgetType":"icon","elType":"widget"},{"id":"3acdf61f","settings":{"heading_title":"Blog posts","heading_subtitle":"THE JOURNAL","heading_subtitle_typography_typography":"custom","heading_subtitle_typography_font_size":{"unit":"px","size":16,"sizes":[]},"heading_subtitle_typography_line_height":{"unit":"px","size":24,"sizes":[]},"heading_subtitle_color":"#CA6D6F","heading_title_bottom_space":{"unit":"px","size":16,"sizes":[]},"heading_subtitle_bottom_space":{"unit":"px","size":8,"sizes":[]},"heading_description_bottom_space":{"unit":"px","size":53,"sizes":[]},"heading_title_typography_typography":"custom","heading_title_max_width":{"unit":"px","size":680,"sizes":[]},"heading_subtitle_typography_font_weight":"400","heading_subtitle_typography_text_transform":"uppercase","heading_subtitle_typography_letter_spacing":{"unit":"px","size":8,"sizes":[]},"_margin":{"unit":"px","top":"0","right":"0","bottom":"24","left":"0","isLinked":false},"heading_title_typography_font_size_mobile":{"unit":"px","size":24,"sizes":[]},"heading_title_typography_line_height_mobile":{"unit":"px","size":32,"sizes":[]},"heading_subtitle_typography_font_size_mobile":{"unit":"px","size":14,"sizes":[]},"_margin_mobile":{"unit":"px","top":"0","right":"0","bottom":"0","left":"0","isLinked":false}},"elements":[],"isInner":false,"widgetType":"tbay-heading","elType":"widget"},{"id":"655b1c1b","settings":{"limit":3,"layout_type":"carousel","show_category":"","show_excerpt":"","show_read_more":"yes","read_more_text":"Read more","column":"3","col_desktop":"3","navigation":"","column_tablet":"2","column_mobile":"1"},"elements":[],"isInner":false,"widgetType":"tbay-posts-grid","elType":"widget"}],"isInner":true,"elType":"column"}],"isInner":true,"elType":"section"}],"isInner":false,"elType":"column"}],"isInner":false,"elType":"section"},{"id":"79e5ffe1","settings":{"layout":"full_width","background_overlay_background":"classic","background_overlay_opacity":{"unit":"px","size":1,"sizes":[]},"margin":{"unit":"px","top":"100","right":0,"bottom":"-30","left":0,"isLinked":false},"margin_tablet":{"unit":"px","top":"30","right":0,"bottom":"-30","left":0,"isLinked":false},"padding_tablet":{"unit":"px","top":"50","right":"0","bottom":"0","left":"0","isLinked":false},"padding_mobile":{"unit":"px","top":"30","right":"0","bottom":"0","left":"0","isLinked":false},"stretch_section":"section-stretched","background_background":"classic"},"elements":[{"id":"548be651","settings":{"_column_size":100,"_inline_size":null,"padding":{"unit":"px","top":"0","right":"0","bottom":"0","left":"0","isLinked":false}},"elements":[{"id":"77996bdb","settings":{"selected_icon":{"value":{"url":"https:\/\/el4.thembaydev.com\/fana_bikini\/wp-content\/uploads\/2022\/10\/icon-shells.svg","id":5295},"library":"svg"},"_margin":{"unit":"px","top":"0","right":"0","bottom":"1","left":"0","isLinked":false}},"elements":[],"isInner":false,"widgetType":"icon","elType":"widget"},{"id":"1d376567","settings":{"heading_title":"Gallery","heading_subtitle":"Style Gallary","heading_subtitle_typography_typography":"custom","heading_subtitle_typography_font_size":{"unit":"px","size":16,"sizes":[]},"heading_subtitle_typography_line_height":{"unit":"px","size":24,"sizes":[]},"heading_subtitle_color":"#CA6D6F","heading_title_bottom_space":{"unit":"px","size":16,"sizes":[]},"heading_subtitle_bottom_space":{"unit":"px","size":8,"sizes":[]},"heading_description_bottom_space":{"unit":"px","size":53,"sizes":[]},"heading_title_typography_typography":"custom","heading_title_max_width":{"unit":"px","size":680,"sizes":[]},"heading_subtitle_typography_font_weight":"400","heading_subtitle_typography_text_transform":"uppercase","heading_subtitle_typography_letter_spacing":{"unit":"px","size":8,"sizes":[]},"_margin":{"unit":"px","top":"0","right":"0","bottom":"40","left":"0","isLinked":false},"heading_title_typography_font_size_mobile":{"unit":"px","size":24,"sizes":[]},"heading_title_typography_line_height_mobile":{"unit":"px","size":32,"sizes":[]},"heading_subtitle_typography_font_size_mobile":{"unit":"px","size":14,"sizes":[]},"heading_subtitle_bottom_space_mobile":{"unit":"px","size":10,"sizes":[]},"_margin_mobile":{"unit":"px","top":"0","right":"0","bottom":"0","left":"0","isLinked":false}},"elements":[],"isInner":false,"widgetType":"tbay-heading","elType":"widget"},{"id":"2069ebc8","settings":{"list_gallery":[{"_id":"8a129db","gallery":{"url":"https:\/\/el4.thembaydev.com\/fana_bikini\/wp-content\/uploads\/2022\/10\/gallery-01.jpg","id":5269,"alt":"","source":"library"}},{"gallery":{"url":"https:\/\/el4.thembaydev.com\/fana_bikini\/wp-content\/uploads\/2022\/10\/gallery-02.jpg","id":5270,"alt":"","source":"library"},"_id":"dd23731"},{"gallery":{"url":"https:\/\/el4.thembaydev.com\/fana_bikini\/wp-content\/uploads\/2022\/10\/gallery-03.jpg","id":5271,"alt":"","source":"library"},"_id":"459cb3e"},{"gallery":{"url":"https:\/\/el4.thembaydev.com\/fana_bikini\/wp-content\/uploads\/2022\/10\/gallery-04.jpg","id":5272,"alt":"","source":"library"},"_id":"37eb4df"},{"gallery":{"url":"https:\/\/el4.thembaydev.com\/fana_bikini\/wp-content\/uploads\/2022\/10\/gallery-05.jpg","id":5273,"alt":"","source":"library"},"_id":"0b69ced"},{"gallery":{"url":"https:\/\/el4.thembaydev.com\/fana_bikini\/wp-content\/uploads\/2022\/10\/gallery-06.jpg","id":5274,"alt":"","source":"library"},"_id":"bb3bd82"}],"post_title_typography_font_family":"Ivy Mode","post_title_typography_font_size":{"unit":"px","size":450,"sizes":[]},"text_photo_align":"center","image_padding_style":{"unit":"px","top":"0","right":"0","bottom":"0","left":"0","isLinked":true},"wrapper_margin_style":{"unit":"px","top":"0","right":"0","bottom":"0","left":"0","isLinked":false},"layout_type":"carousel","post_title_typography_font_size_tablet":{"unit":"px","size":230,"sizes":[]},"col_desktopsmall":"4","post_title_typography_font_size_mobile":{"unit":"px","size":150,"sizes":[]},"wrapper_margin_style_mobile":{"unit":"px","top":"0","right":"7","bottom":"0","left":"7","isLinked":false},"gallery_effects":"circle","column":"6","col_desktop":"5","navigation":""},"elements":[],"isInner":false,"widgetType":"tbay-custom-gallery","elType":"widget"}],"isInner":false,"elType":"column"}],"isInner":false,"elType":"section"}],"page_settings":[],"version":"0.4","title":"home","type":"page"}