{"content":[{"id":"33f47f44","settings":{"stretch_section":"section-stretched","layout":"full_width","gap":"no"},"elements":[{"id":"32b9eb3d","settings":{"_column_size":100,"_inline_size":null},"elements":[{"id":"3f6b1260","settings":{"revslidertitle":"Slider 1","shortcode":"[rev_slider alias=\"slider-1\" slidertitle=\"Slider 1\"][\/rev_slider]"},"elements":[],"isInner":false,"widgetType":"slider_revolution","elType":"widget"}],"isInner":false,"elType":"column"}],"isInner":false,"elType":"section"},{"id":"798f23cf","settings":{"stretch_section":"section-stretched","structure":"20","background_background":"classic","background_color":"#F2EEE9","padding":{"unit":"px","top":"60","right":"0","bottom":"60","left":"0","isLinked":false}},"elements":[{"id":"46cc497d","settings":{"_column_size":50,"_inline_size":null,"_inline_size_tablet":100,"margin_tablet":{"unit":"px","top":"0","right":"0","bottom":"30","left":"0","isLinked":false},"margin_mobile":{"unit":"px","top":"0","right":"0","bottom":"15","left":"0","isLinked":false}},"elements":[{"id":"5c869958","settings":{"link":{"url":"https:\/\/el4.thembaydev.com\/fana_bikini\/shop\/","is_external":false,"nofollow":false,"custom_attributes":""},"image":{"url":"https:\/\/el4.thembaydev.com\/fana_bikini\/wp-content\/uploads\/2022\/10\/banner-01.jpg","id":5299,"alt":"","source":"library"},"banner_title":"<span style=\"background: #CA6D6F; padding: 1px 8px;\">30% OFF<\/span> All Items","banner_sub_title":"Hello Summer","banner_description":"A smooth leather.","banner_label":"Discover now","general_horizontal_alignment":"center","general_vertical_alignment":"center","general_text_alignment":"center","banner_effects":"circle","title_typography_typography":"custom","title_typography_font_family":"Ivy Mode","title_typography_font_size":{"unit":"px","size":24,"sizes":[]},"title_typography_font_weight":"400","title_typography_line_height":{"unit":"px","size":48,"sizes":[]},"title_color":"#FFFFFF","subtitle_typography_typography":"custom","subtitle_typography_font_family":"Ivy Mode","subtitle_typography_font_size":{"unit":"px","size":40,"sizes":[]},"subtitle_typography_font_weight":"400","subtitle_typography_line_height":{"unit":"px","size":48,"sizes":[]},"subtitle_margin":{"unit":"px","top":"8","right":"0","bottom":"0","left":"0","isLinked":false},"subtitle_color":"#FFFFFF","description_typography_typography":"custom","description_typography_font_size":{"unit":"px","size":16,"sizes":[]},"description_typography_font_weight":"400","description_typography_line_height":{"unit":"px","size":24,"sizes":[]},"description_margin":{"unit":"px","top":"8","right":"0","bottom":"0","left":"0","isLinked":false},"description_color":"#FFFFFF","label_typography_typography":"custom","label_typography_font_size":{"unit":"px","size":14,"sizes":[]},"label_typography_text_transform":"uppercase","label_typography_line_height":{"unit":"px","size":20,"sizes":[]},"label_typography_letter_spacing":{"unit":"px","size":0.08,"sizes":[]},"label_margin":{"unit":"px","top":"23","right":"0","bottom":"0","left":"0","isLinked":false},"label_padding":{"unit":"px","top":"14","right":"42","bottom":"14","left":"42","isLinked":false},"label_color":"#121216","label_bg_color":"#FFFFFF","label_color_hover":"#FFFFFF","__globals__":{"label_bg_color_hover":"globals\/colors?id=primary"},"general_padding_mobile":{"unit":"px","top":"20","right":"0","bottom":"0","left":"0","isLinked":false},"general_vertical_alignment_mobile":"flex-start","subtitle_margin_mobile":{"unit":"px","top":"0","right":"0","bottom":"0","left":"0","isLinked":false},"description_margin_mobile":{"unit":"px","top":"8","right":"0","bottom":"200","left":"0","isLinked":false}},"elements":[],"isInner":false,"widgetType":"tbay-banner","elType":"widget"}],"isInner":false,"elType":"column"},{"id":"3d4b74bc","settings":{"_column_size":50,"_inline_size":null,"_inline_size_tablet":100},"elements":[{"id":"99164dd","settings":{"link":{"url":"https:\/\/el4.thembaydev.com\/fana_bikini\/shop\/","is_external":false,"nofollow":false,"custom_attributes":""},"image":{"url":"https:\/\/el4.thembaydev.com\/fana_bikini\/wp-content\/uploads\/2022\/10\/banner-02.jpg","id":5300,"alt":"","source":"library"},"banner_title":"LIMITED EDITION","banner_sub_title":"New! Supper <br>Summer","banner_description":"","banner_label":"Shop now","general_horizontal_alignment":"center","general_vertical_alignment":"center","general_text_alignment":"center","banner_effects":"circle","title_typography_typography":"custom","title_typography_font_size":{"unit":"px","size":16,"sizes":[]},"title_typography_font_weight":"400","title_typography_line_height":{"unit":"px","size":24,"sizes":[]},"title_color":"#FFFFFF","subtitle_typography_typography":"custom","subtitle_typography_font_family":"Ivy Mode","subtitle_typography_font_size":{"unit":"px","size":40,"sizes":[]},"subtitle_typography_font_weight":"400","subtitle_typography_line_height":{"unit":"px","size":48,"sizes":[]},"subtitle_margin":{"unit":"px","top":"8","right":"0","bottom":"0","left":"0","isLinked":false},"subtitle_color":"#FFFFFF","description_typography_typography":"custom","description_typography_font_size":{"unit":"px","size":16,"sizes":[]},"description_typography_font_weight":"400","description_typography_line_height":{"unit":"px","size":24,"sizes":[]},"description_color":"#FFFFFF","label_typography_typography":"custom","label_typography_font_size":{"unit":"px","size":14,"sizes":[]},"label_typography_text_transform":"uppercase","label_typography_line_height":{"unit":"px","size":20,"sizes":[]},"label_typography_letter_spacing":{"unit":"px","size":0.08,"sizes":[]},"label_margin":{"unit":"px","top":"23","right":"0","bottom":"0","left":"0","isLinked":false},"label_padding":{"unit":"px","top":"14","right":"42","bottom":"14","left":"42","isLinked":false},"label_color":"#FFFFFF","label_bg_color":"#CA6D6F","label_color_hover":"#121216","label_bg_color_hover":"#FFFFFF","__globals__":{"label_bg_color_hover":"","label_bg_color":"globals\/colors?id=primary"},"general_padding_mobile":{"unit":"px","top":"20","right":"0","bottom":"0","left":"0","isLinked":false},"general_vertical_alignment_mobile":"flex-start","subtitle_typography_font_size_mobile":{"unit":"px","size":30,"sizes":[]},"subtitle_typography_line_height_mobile":{"unit":"px","size":36,"sizes":[]},"subtitle_margin_mobile":{"unit":"px","top":"10","right":"0","bottom":"300","left":"0","isLinked":false}},"elements":[],"isInner":false,"widgetType":"tbay-banner","elType":"widget"}],"isInner":false,"elType":"column"}],"isInner":false,"elType":"section"},{"id":"17820430","settings":{"background_overlay_background":"classic","background_overlay_opacity":{"unit":"px","size":1,"sizes":[]},"margin":{"unit":"px","top":"","right":0,"bottom":"","left":0,"isLinked":true},"padding":{"unit":"px","top":"100","right":"0","bottom":"80","left":"0","isLinked":false},"margin_tablet":{"unit":"px","top":"40","right":0,"bottom":"0","left":0,"isLinked":false},"padding_tablet":{"unit":"px","top":"50","right":"0","bottom":"50","left":"0","isLinked":false},"padding_mobile":{"unit":"px","top":"30","right":"0","bottom":"30","left":"0","isLinked":false},"stretch_section":"section-stretched"},"elements":[{"id":"65511eae","settings":{"_column_size":100,"_inline_size":null},"elements":[{"id":"146fced6","settings":{"selected_icon":{"value":{"url":"https:\/\/el4.thembaydev.com\/fana_bikini\/wp-content\/uploads\/2022\/10\/icon-shells.svg","id":5295},"library":"svg"},"_margin":{"unit":"px","top":"0","right":"0","bottom":"1","left":"0","isLinked":false}},"elements":[],"isInner":false,"widgetType":"icon","elType":"widget"},{"id":"73a60f4e","settings":{"heading_title":"List Of Our Collections","heading_subtitle":"August Swimwear","heading_subtitle_typography_typography":"custom","heading_subtitle_typography_font_size":{"unit":"px","size":16,"sizes":[]},"heading_subtitle_typography_line_height":{"unit":"px","size":24,"sizes":[]},"heading_subtitle_color":"#CA6D6F","heading_title_bottom_space":{"unit":"px","size":40,"sizes":[]},"heading_subtitle_bottom_space":{"unit":"px","size":24,"sizes":[]},"heading_description_bottom_space":{"unit":"px","size":53,"sizes":[]},"heading_title_typography_typography":"custom","heading_title_max_width":{"unit":"px","size":680,"sizes":[]},"heading_subtitle_typography_font_weight":"400","heading_subtitle_typography_text_transform":"uppercase","heading_subtitle_typography_letter_spacing":{"unit":"px","size":8,"sizes":[]},"heading_title_typography_font_size_mobile":{"unit":"px","size":24,"sizes":[]},"heading_title_typography_line_height_mobile":{"unit":"px","size":30,"sizes":[]},"heading_title_bottom_space_mobile":{"unit":"px","size":20,"sizes":[]},"heading_subtitle_typography_font_size_mobile":{"unit":"px","size":14,"sizes":[]},"heading_subtitle_bottom_space_mobile":{"unit":"px","size":10,"sizes":[]}},"elements":[],"isInner":false,"widgetType":"tbay-heading","elType":"widget"},{"id":"56eda11b","settings":{"custom_image_list_category":[{"_id":"63c223c","category":"bathing-dress","type_image":{"url":"https:\/\/el4.thembaydev.com\/fana_bikini\/wp-content\/uploads\/2022\/08\/cat-01.jpg","id":4014,"alt":"","source":"library"}},{"category":"swimsuit","type_image":{"url":"https:\/\/el4.thembaydev.com\/fana_bikini\/wp-content\/uploads\/2022\/08\/cat-02.jpg","id":4015,"alt":"","source":"library"},"_id":"57658c8"},{"category":"tankini","type_image":{"url":"https:\/\/el4.thembaydev.com\/fana_bikini\/wp-content\/uploads\/2022\/08\/cat-03.jpg","id":4016,"alt":"","source":"library"},"_id":"32756fb"},{"category":"pants","type_image":{"url":"https:\/\/el4.thembaydev.com\/fana_bikini\/wp-content\/uploads\/2022\/10\/cat-04.jpg","id":5340,"alt":"","source":"library"},"_id":"74d9f0d"}],"display_count_category":"yes","text_show_all":"See all categories","style_type":"v2","layout_type":"carousel","column_tablet":"3","col_desktopsmall":"3","column":"3","col_desktop":"3","carousel_blur":"","navigation_prev":{"unit":"px","size":-68,"sizes":[]},"navigation_next":{"unit":"px","size":-68,"sizes":[]}},"elements":[],"isInner":false,"widgetType":"tbay-custom-image-list-categories","elType":"widget"}],"isInner":false,"elType":"column"}],"isInner":false,"elType":"section"},{"id":"6908d597","settings":{"layout":"full_width","stretch_section":"section-stretched","background_background":"classic","background_color":"#F2EEE9","padding":{"unit":"px","top":"100","right":"0","bottom":"68","left":"0","isLinked":false},"padding_mobile":{"unit":"px","top":"30","right":"0","bottom":"30","left":"0","isLinked":false}},"elements":[{"id":"13f157bd","settings":{"_column_size":100,"_inline_size":null},"elements":[{"id":"4985e173","settings":[],"elements":[{"id":"74adf2f6","settings":{"_column_size":100,"_inline_size":null},"elements":[{"id":"490c1fff","settings":{"selected_icon":{"value":{"url":"https:\/\/el4.thembaydev.com\/fana_bikini\/wp-content\/uploads\/2022\/10\/icon-shells.svg","id":5295},"library":"svg"},"_margin":{"unit":"px","top":"0","right":"0","bottom":"1","left":"0","isLinked":false}},"elements":[],"isInner":false,"widgetType":"icon","elType":"widget"},{"id":"45f77709","settings":{"heading_title":"","heading_subtitle":"August Swimwear","heading_subtitle_typography_typography":"custom","heading_subtitle_typography_font_size":{"unit":"px","size":16,"sizes":[]},"heading_subtitle_typography_line_height":{"unit":"px","size":24,"sizes":[]},"heading_subtitle_color":"#CA6D6F","heading_title_bottom_space":{"unit":"px","size":16,"sizes":[]},"heading_subtitle_bottom_space":{"unit":"px","size":9,"sizes":[]},"heading_description_bottom_space":{"unit":"px","size":53,"sizes":[]},"heading_title_typography_typography":"custom","heading_title_max_width":{"unit":"px","size":680,"sizes":[]},"heading_subtitle_typography_font_weight":"400","heading_subtitle_typography_text_transform":"uppercase","heading_subtitle_typography_letter_spacing":{"unit":"px","size":8,"sizes":[]},"_margin":{"unit":"px","top":"0","right":"0","bottom":"24","left":"0","isLinked":false},"heading_title_typography_font_size_mobile":{"unit":"px","size":24,"sizes":[]},"heading_title_typography_line_height_mobile":{"unit":"px","size":32,"sizes":[]},"heading_subtitle_typography_font_size_mobile":{"unit":"px","size":14,"sizes":[]},"heading_subtitle_bottom_space_mobile":{"unit":"px","size":10,"sizes":[]},"_margin_mobile":{"unit":"px","top":"0","right":"0","bottom":"0","left":"0","isLinked":false}},"elements":[],"isInner":false,"widgetType":"tbay-heading","elType":"widget"},{"id":"12203888","settings":{"limit":8,"layout_type":"carousel","categories":["accessories","bathing-dress","shoes","swimsuit"],"list_product_tabs":[{"_id":"d7d1034","product_tabs":"best_selling"},{"_id":"2a346d5","product_tabs_title":"New product"},{"_id":"7cb6139","product_tabs_title":"Sale product","product_tabs":"on_sale"}],"column":"5","col_desktopsmall":"3","heading_categories_tab_align":"center","border_heading_categories_tab_border":"none"},"elements":[],"isInner":false,"widgetType":"tbay-product-tabs","elType":"widget"}],"isInner":true,"elType":"column"}],"isInner":true,"elType":"section"}],"isInner":false,"elType":"column"}],"isInner":false,"elType":"section"},{"id":"76d1cfe","settings":{"layout":"full_width","gap":"no","stretch_section":"section-stretched","background_background":"classic","background_color":"#FAFAFA","margin":{"unit":"px","top":"","right":0,"bottom":"","left":0,"isLinked":true},"padding":{"unit":"px","top":"100","right":"0","bottom":"34","left":"0","isLinked":false},"padding_tablet":{"unit":"px","top":"0","right":"0","bottom":"34","left":"0","isLinked":false},"padding_mobile":{"unit":"px","top":"0","right":"0","bottom":"30","left":"0","isLinked":false}},"elements":[{"id":"27d4d496","settings":{"_column_size":100,"_inline_size":null},"elements":[{"id":"4444075c","settings":{"revslidertitle":"Slider 2","shortcode":"[rev_slider alias=\"slider-2\" slidertitle=\"Slider 2\"][\/rev_slider]"},"elements":[],"isInner":false,"widgetType":"slider_revolution","elType":"widget"}],"isInner":false,"elType":"column"}],"isInner":false,"elType":"section"},{"id":"42d91de2","settings":{"layout":"full_width","stretch_section":"section-stretched","background_background":"classic","background_color":"#F2EFEA","padding":{"unit":"px","top":"100","right":"0","bottom":"60","left":"0","isLinked":false},"padding_mobile":{"unit":"px","top":"30","right":"0","bottom":"0","left":"0","isLinked":false}},"elements":[{"id":"3d0ced30","settings":{"_column_size":100,"_inline_size":null},"elements":[{"id":"70636f93","settings":[],"elements":[{"id":"730c9b7d","settings":{"_column_size":100,"_inline_size":null},"elements":[{"id":"4c769b6d","settings":{"selected_icon":{"value":{"url":"https:\/\/el4.thembaydev.com\/fana_bikini\/wp-content\/uploads\/2022\/10\/icon-shells.svg","id":5295},"library":"svg"},"_margin":{"unit":"px","top":"0","right":"0","bottom":"1","left":"0","isLinked":false}},"elements":[],"isInner":false,"widgetType":"icon","elType":"widget"},{"id":"5ac78de0","settings":{"heading_title":"New Arrivals","heading_subtitle":"August Swimwear","heading_subtitle_typography_typography":"custom","heading_subtitle_typography_font_size":{"unit":"px","size":16,"sizes":[]},"heading_subtitle_typography_line_height":{"unit":"px","size":24,"sizes":[]},"heading_subtitle_color":"#CA6D6F","heading_title_bottom_space":{"unit":"px","size":16,"sizes":[]},"heading_subtitle_bottom_space":{"unit":"px","size":8,"sizes":[]},"heading_description_bottom_space":{"unit":"px","size":53,"sizes":[]},"heading_title_typography_typography":"custom","heading_title_max_width":{"unit":"px","size":680,"sizes":[]},"heading_subtitle_typography_font_weight":"400","heading_subtitle_typography_text_transform":"uppercase","heading_subtitle_typography_letter_spacing":{"unit":"px","size":8,"sizes":[]},"_margin":{"unit":"px","top":"0","right":"0","bottom":"24","left":"0","isLinked":false},"heading_title_typography_font_size_mobile":{"unit":"px","size":24,"sizes":[]},"heading_subtitle_typography_font_size_mobile":{"unit":"px","size":14,"sizes":[]},"heading_subtitle_bottom_space_mobile":{"unit":"px","size":10,"sizes":[]},"_margin_mobile":{"unit":"px","top":"0","right":"0","bottom":"0","left":"0","isLinked":false}},"elements":[],"isInner":false,"widgetType":"tbay-heading","elType":"widget"},{"id":"72867d1f","settings":{"categories":["accessories","bathing-dress","swimsuit","tankini","vintage"],"text_show_all":"View all products","column":"3","col_desktop":"3","col_desktopsmall":"3"},"elements":[],"isInner":false,"widgetType":"tbay-products","elType":"widget"}],"isInner":true,"elType":"column"}],"isInner":true,"elType":"section"}],"isInner":false,"elType":"column"}],"isInner":false,"elType":"section"},{"id":"43335445","settings":{"layout":"full_width","gap":"no","stretch_section":"section-stretched","margin":{"unit":"px","top":"","right":0,"bottom":"","left":0,"isLinked":true}},"elements":[{"id":"25d378f2","settings":{"_column_size":100,"_inline_size":null},"elements":[{"id":"7b97acae","settings":{"revslidertitle":"Slider 3","shortcode":"[rev_slider alias=\"slider-3\" slidertitle=\"Slider 3\"][\/rev_slider]"},"elements":[],"isInner":false,"widgetType":"slider_revolution","elType":"widget"}],"isInner":false,"elType":"column"}],"isInner":false,"elType":"section"},{"id":"3afbb6a5","settings":{"layout":"full_width","stretch_section":"section-stretched","background_background":"classic","background_color":"#FAFAFA","margin":{"unit":"px","top":"","right":0,"bottom":"","left":0,"isLinked":true},"padding":{"unit":"px","top":"100","right":"0","bottom":"0","left":"0","isLinked":false},"padding_mobile":{"unit":"px","top":"30","right":"0","bottom":"0","left":"0","isLinked":false}},"elements":[{"id":"29b2b24e","settings":{"_column_size":100,"_inline_size":null},"elements":[{"id":"6a87ae0a","settings":[],"elements":[{"id":"64f7c6c0","settings":{"_column_size":100,"_inline_size":null},"elements":[{"id":"278cb586","settings":{"selected_icon":{"value":{"url":"https:\/\/el4.thembaydev.com\/fana_bikini\/wp-content\/uploads\/2022\/10\/icon-shells.svg","id":5295},"library":"svg"},"_margin":{"unit":"px","top":"0","right":"0","bottom":"1","left":"0","isLinked":false}},"elements":[],"isInner":false,"widgetType":"icon","elType":"widget"},{"id":"6a1f2a2e","settings":{"heading_title":"Blog posts","heading_subtitle":"THE JOURNAL","heading_subtitle_typography_typography":"custom","heading_subtitle_typography_font_size":{"unit":"px","size":16,"sizes":[]},"heading_subtitle_typography_line_height":{"unit":"px","size":24,"sizes":[]},"heading_subtitle_color":"#CA6D6F","heading_title_bottom_space":{"unit":"px","size":16,"sizes":[]},"heading_subtitle_bottom_space":{"unit":"px","size":8,"sizes":[]},"heading_description_bottom_space":{"unit":"px","size":53,"sizes":[]},"heading_title_typography_typography":"custom","heading_title_max_width":{"unit":"px","size":680,"sizes":[]},"heading_subtitle_typography_font_weight":"400","heading_subtitle_typography_text_transform":"uppercase","heading_subtitle_typography_letter_spacing":{"unit":"px","size":8,"sizes":[]},"_margin":{"unit":"px","top":"0","right":"0","bottom":"24","left":"0","isLinked":false},"heading_title_typography_font_size_mobile":{"unit":"px","size":24,"sizes":[]},"heading_title_typography_line_height_mobile":{"unit":"px","size":32,"sizes":[]},"heading_subtitle_typography_font_size_mobile":{"unit":"px","size":14,"sizes":[]},"_margin_mobile":{"unit":"px","top":"0","right":"0","bottom":"0","left":"0","isLinked":false}},"elements":[],"isInner":false,"widgetType":"tbay-heading","elType":"widget"},{"id":"3e6714d2","settings":{"limit":3,"layout_type":"carousel","show_category":"","show_excerpt":"","show_read_more":"yes","read_more_text":"Read more","column":"3","col_desktop":"3","navigation":"","column_tablet":"2","column_mobile":"1","show_author":"yes","show_comments":"yes","show_comments_text":"yes","post_title_typography_typography":"custom","post_title_typography_font_size":{"unit":"px","size":26,"sizes":[]},"post_title_typography_text_transform":"capitalize"},"elements":[],"isInner":false,"widgetType":"tbay-posts-grid","elType":"widget"}],"isInner":true,"elType":"column"}],"isInner":true,"elType":"section"}],"isInner":false,"elType":"column"}],"isInner":false,"elType":"section"},{"id":"7e414d5d","settings":{"layout":"full_width","background_overlay_background":"classic","background_overlay_opacity":{"unit":"px","size":1,"sizes":[]},"margin":{"unit":"px","top":"100","right":0,"bottom":"-30","left":0,"isLinked":false},"margin_tablet":{"unit":"px","top":"30","right":0,"bottom":"-30","left":0,"isLinked":false},"padding_tablet":{"unit":"px","top":"50","right":"0","bottom":"0","left":"0","isLinked":false},"padding_mobile":{"unit":"px","top":"30","right":"0","bottom":"0","left":"0","isLinked":false},"stretch_section":"section-stretched","background_background":"classic"},"elements":[{"id":"1d005fc5","settings":{"_column_size":100,"_inline_size":null,"padding":{"unit":"px","top":"0","right":"0","bottom":"0","left":"0","isLinked":false}},"elements":[{"id":"3ba2fbf5","settings":{"selected_icon":{"value":{"url":"https:\/\/el4.thembaydev.com\/fana_bikini\/wp-content\/uploads\/2022\/10\/icon-shells.svg","id":5295},"library":"svg"},"_margin":{"unit":"px","top":"0","right":"0","bottom":"1","left":"0","isLinked":false}},"elements":[],"isInner":false,"widgetType":"icon","elType":"widget"},{"id":"41b44de6","settings":{"heading_title":"Gallery","heading_subtitle":"Style Gallary","heading_subtitle_typography_typography":"custom","heading_subtitle_typography_font_size":{"unit":"px","size":16,"sizes":[]},"heading_subtitle_typography_line_height":{"unit":"px","size":24,"sizes":[]},"heading_subtitle_color":"#CA6D6F","heading_title_bottom_space":{"unit":"px","size":16,"sizes":[]},"heading_subtitle_bottom_space":{"unit":"px","size":8,"sizes":[]},"heading_description_bottom_space":{"unit":"px","size":53,"sizes":[]},"heading_title_typography_typography":"custom","heading_title_max_width":{"unit":"px","size":680,"sizes":[]},"heading_subtitle_typography_font_weight":"400","heading_subtitle_typography_text_transform":"uppercase","heading_subtitle_typography_letter_spacing":{"unit":"px","size":8,"sizes":[]},"_margin":{"unit":"px","top":"0","right":"0","bottom":"40","left":"0","isLinked":false},"heading_title_typography_font_size_mobile":{"unit":"px","size":24,"sizes":[]},"heading_title_typography_line_height_mobile":{"unit":"px","size":32,"sizes":[]},"heading_subtitle_typography_font_size_mobile":{"unit":"px","size":14,"sizes":[]},"heading_subtitle_bottom_space_mobile":{"unit":"px","size":10,"sizes":[]},"_margin_mobile":{"unit":"px","top":"0","right":"0","bottom":"0","left":"0","isLinked":false}},"elements":[],"isInner":false,"widgetType":"tbay-heading","elType":"widget"},{"id":"536463ff","settings":{"list_gallery":[{"_id":"8a129db","gallery":{"url":"https:\/\/el4.thembaydev.com\/fana_bikini\/wp-content\/uploads\/2022\/10\/gallery-01.jpg","id":5269,"alt":"","source":"library"}},{"gallery":{"url":"https:\/\/el4.thembaydev.com\/fana_bikini\/wp-content\/uploads\/2022\/10\/gallery-02.jpg","id":5270,"alt":"","source":"library"},"_id":"dd23731"},{"gallery":{"url":"https:\/\/el4.thembaydev.com\/fana_bikini\/wp-content\/uploads\/2022\/10\/gallery-03.jpg","id":5271,"alt":"","source":"library"},"_id":"459cb3e"},{"gallery":{"url":"https:\/\/el4.thembaydev.com\/fana_bikini\/wp-content\/uploads\/2022\/10\/gallery-04.jpg","id":5272,"alt":"","source":"library"},"_id":"37eb4df"},{"gallery":{"url":"https:\/\/el4.thembaydev.com\/fana_bikini\/wp-content\/uploads\/2022\/10\/gallery-05.jpg","id":5273,"alt":"","source":"library"},"_id":"0b69ced"},{"gallery":{"url":"https:\/\/el4.thembaydev.com\/fana_bikini\/wp-content\/uploads\/2022\/10\/gallery-06.jpg","id":5274,"alt":"","source":"library"},"_id":"bb3bd82"}],"post_title_typography_font_family":"Ivy Mode","post_title_typography_font_size":{"unit":"px","size":450,"sizes":[]},"text_photo_align":"center","image_padding_style":{"unit":"px","top":"0","right":"0","bottom":"0","left":"0","isLinked":true},"wrapper_margin_style":{"unit":"px","top":"0","right":"0","bottom":"0","left":"0","isLinked":false},"layout_type":"carousel","post_title_typography_font_size_tablet":{"unit":"px","size":230,"sizes":[]},"col_desktopsmall":"4","post_title_typography_font_size_mobile":{"unit":"px","size":150,"sizes":[]},"wrapper_margin_style_mobile":{"unit":"px","top":"0","right":"7","bottom":"0","left":"7","isLinked":false},"gallery_effects":"circle","column":"6","col_desktop":"5","navigation":""},"elements":[],"isInner":false,"widgetType":"tbay-custom-gallery","elType":"widget"}],"isInner":false,"elType":"column"}],"isInner":false,"elType":"section"}],"page_settings":[],"version":"0.4","title":"Home","type":"page"}