{"content":[{"id":"38f17f81","settings":{"stretch_section":"section-stretched"},"elements":[{"id":"4c02ef98","settings":{"_column_size":100,"_inline_size":null},"elements":[{"id":"63673226","settings":{"revslidertitle":"Slider 1","shortcode":"[rev_slider alias=\"slider-1\" slidertitle=\"Slider 1\"][\/rev_slider]"},"elements":[],"isInner":false,"widgetType":"slider_revolution","elType":"widget"}],"isInner":false,"elType":"column"}],"isInner":false,"elType":"section"},{"id":"680317ce","settings":{"stretch_section":"section-stretched","structure":"30","margin":{"unit":"px","top":"73","right":0,"bottom":"0","left":0,"isLinked":false}},"elements":[{"id":"394626a5","settings":{"_column_size":33,"_inline_size":null,"_inline_size_tablet":50},"elements":[{"id":"94c07c6","settings":{"link":{"url":"https:\/\/el4.thembaydev.com\/fana_kids\/shop\/","is_external":false,"nofollow":false,"custom_attributes":""},"image":{"url":"https:\/\/el4.thembaydev.com\/fana_kids\/wp-content\/uploads\/2023\/01\/banner-01.jpg","id":5603,"alt":"","source":"library"},"banner_title":"Summer sale <br>for baby","banner_description":"Unwrap the newest winter","banner_effects":"shine","general_padding":{"unit":"px","top":"32","right":"0","bottom":"0","left":"40","isLinked":false},"title_typography_typography":"custom","title_typography_font_family":"Baloo","title_typography_font_size":{"unit":"px","size":40,"sizes":[]},"title_typography_text_transform":"uppercase","title_typography_line_height":{"unit":"px","size":40,"sizes":[]},"title_margin":{"unit":"px","top":"0","right":"0","bottom":"5","left":"0","isLinked":false},"general_padding_tablet":{"unit":"px","top":"20","right":"0","bottom":"0","left":"20","isLinked":false},"general_padding_mobile":{"unit":"px","top":"20","right":"0","bottom":"0","left":"20","isLinked":false}},"elements":[],"isInner":false,"widgetType":"tbay-banner","elType":"widget"}],"isInner":false,"elType":"column"},{"id":"6975b4c9","settings":{"_column_size":33,"_inline_size":null,"_inline_size_tablet":50,"margin_mobile":{"unit":"px","top":"20","right":"0","bottom":"0","left":"0","isLinked":false}},"elements":[{"id":"68465650","settings":{"link":{"url":"https:\/\/el4.thembaydev.com\/fana_kids\/shop\/","is_external":false,"nofollow":false,"custom_attributes":""},"image":{"url":"https:\/\/el4.thembaydev.com\/fana_kids\/wp-content\/uploads\/2023\/01\/banner-02.jpg","id":5604,"alt":"","source":"library"},"banner_title":"Pair of sock","banner_sub_title":"30%","banner_description":"Sale Off","banner_label":"Shop Now<i class=\"tb-icon tb-icon-arrow-right slider-tb-icon\"><\/i>","banner_effects":"shine","general_padding":{"unit":"px","top":"21","right":"0","bottom":"0","left":"40","isLinked":false},"title_typography_typography":"custom","title_typography_font_size":{"unit":"px","size":16,"sizes":[]},"title_typography_font_weight":"600","title_typography_text_transform":"uppercase","title_typography_line_height":{"unit":"px","size":22,"sizes":[]},"title_margin":{"unit":"px","top":"0","right":"0","bottom":"9","left":"0","isLinked":false},"title_color":"#FFFFFF","subtitle_typography_typography":"custom","subtitle_typography_font_family":"Baloo","subtitle_typography_font_size":{"unit":"px","size":64,"sizes":[]},"subtitle_typography_text_transform":"uppercase","subtitle_typography_line_height":{"unit":"px","size":64,"sizes":[]},"subtitle_color":"#FFFFFF","description_typography_typography":"custom","description_typography_font_family":"Baloo","description_typography_font_size":{"unit":"px","size":32,"sizes":[]},"description_typography_line_height":{"unit":"px","size":32,"sizes":[]},"description_color":"#FFFFFF","label_typography_typography":"custom","label_typography_font_size":{"unit":"px","size":14,"sizes":[]},"label_typography_font_weight":"600","label_typography_text_transform":"uppercase","label_typography_line_height":{"unit":"px","size":36,"sizes":[]},"label_typography_letter_spacing":{"unit":"px","size":0.08,"sizes":[]},"label_padding":{"unit":"px","top":"8","right":"11","bottom":"8","left":"23","isLinked":false},"label_color":"#FFFFFF","label_bg_border_radius":{"unit":"px","top":"99","right":"99","bottom":"99","left":"99","isLinked":true},"label_css_classes":"tb-btn-theme-2","__globals__":{"label_bg_color":"globals\/colors?id=secondary","label_bg_color_hover":"globals\/colors?id=primary"},"subtitle_margin":{"unit":"px","top":"0","right":"0","bottom":"4","left":"0","isLinked":false},"description_margin":{"unit":"px","top":"0","right":"0","bottom":"40","left":"0","isLinked":false},"general_padding_tablet":{"unit":"px","top":"10","right":"0","bottom":"0","left":"30","isLinked":false},"general_padding_mobile":{"unit":"px","top":"20","right":"0","bottom":"0","left":"20","isLinked":false},"description_margin_tablet":{"unit":"px","top":"0","right":"0","bottom":"10","left":"0","isLinked":false},"description_margin_mobile":{"unit":"px","top":"0","right":"0","bottom":"130","left":"0","isLinked":false}},"elements":[],"isInner":false,"widgetType":"tbay-banner","elType":"widget"}],"isInner":false,"elType":"column"},{"id":"70ba44c6","settings":{"_column_size":33,"_inline_size":null,"_inline_size_tablet":100,"margin_tablet":{"unit":"px","top":"20","right":"0","bottom":"0","left":"0","isLinked":false},"hide_tablet":"hidden-tablet"},"elements":[{"id":"68ab6895","settings":{"link":{"url":"https:\/\/el4.thembaydev.com\/fana_kids\/shop\/","is_external":false,"nofollow":false,"custom_attributes":""},"image":{"url":"https:\/\/el4.thembaydev.com\/fana_kids\/wp-content\/uploads\/2023\/01\/banner-03.jpg","id":5605,"alt":"","source":"library"},"banner_title":"Winter <br>for boys","banner_sub_title":"Unwrap the newest winter","banner_description":"Sale <span style=\"color: #FC4CA5;\">30%<\/span>","banner_effects":"shine","general_padding":{"unit":"px","top":"21","right":"42","bottom":"0","left":"0","isLinked":false},"title_typography_typography":"custom","title_typography_font_size":{"unit":"px","size":40,"sizes":[]},"title_typography_line_height":{"unit":"px","size":40,"sizes":[]},"title_margin":{"unit":"px","top":"0","right":"0","bottom":"7","left":"0","isLinked":false},"title_color":"#060C8F","subtitle_typography_typography":"custom","subtitle_typography_font_size":{"unit":"px","size":18,"sizes":[]},"subtitle_typography_line_height":{"unit":"px","size":25,"sizes":[]},"subtitle_color":"#121216","description_typography_typography":"custom","description_typography_font_family":"Baloo","description_typography_font_size":{"unit":"px","size":32,"sizes":[]},"description_typography_line_height":{"unit":"px","size":32,"sizes":[]},"description_color":"#060C8F","label_typography_font_size":{"unit":"px","size":14,"sizes":[]},"label_typography_line_height":{"unit":"px","size":25,"sizes":[]},"label_typography_letter_spacing":{"unit":"px","size":0.08,"sizes":[]},"label_color":"#FFFFFF","__globals__":{"label_bg_color":"","label_bg_color_hover":"globals\/colors?id=primary","subtitle_color":""},"general_horizontal_alignment":"flex-end","general_vertical_alignment":"center","general_text_alignment":"center","title_typography_font_family":"Baloo","subtitle_margin":{"unit":"px","top":"0","right":"0","bottom":"4","left":"0","isLinked":false},"description_margin":{"unit":"px","top":"16","right":"0","bottom":"0","left":"0","isLinked":false},"label_bg_color_hover":"#FC4CA5"},"elements":[],"isInner":false,"widgetType":"tbay-banner","elType":"widget"}],"isInner":false,"elType":"column"}],"isInner":false,"elType":"section"},{"id":"1778bf54","settings":{"stretch_section":"section-stretched","margin":{"unit":"px","top":"35","right":0,"bottom":"0","left":0,"isLinked":false}},"elements":[{"id":"7c144d80","settings":{"_column_size":100,"_inline_size":null},"elements":[{"id":"4c900d4c","settings":{"heading_title":"Today\u2019s Offers","date_title":"Offer Ends in","date_title_ended":"Deal ended.","end_date":"2024-09-30 12:00","layout_type":"carousel","readmore_text":"Read More","readmore_page":147,"navigation":"","pagination":"yes","label_timer_color":"#DDDDDD","__globals__":{"timer_bg":"globals\/colors?id=secondary","timer_color":"globals\/colors?id=primary"},"heading_fl_padding":{"unit":"px","top":"0","right":"0","bottom":"0","left":"0","isLinked":false},"heading_fl_margin":{"unit":"px","top":"0","right":"0","bottom":"36","left":"0","isLinked":false},"enable_readmore":"","col_desktopsmall":"3","sale_campaign":"5084"},"elements":[],"isInner":false,"widgetType":"tbay-product-flash-sales","elType":"widget"}],"isInner":false,"elType":"column"}],"isInner":false,"elType":"section"},{"id":"2333cffa","settings":{"stretch_section":"section-stretched","margin":{"unit":"px","top":"77","right":0,"bottom":"0","left":0,"isLinked":false}},"elements":[{"id":"4a28874c","settings":{"_column_size":100,"_inline_size":null},"elements":[{"id":"41b220e6","settings":{"heading_title":"Shop by Category","heading_subtitle":"Fana Store","heading_icon":{"value":{"url":"https:\/\/el4.thembaydev.com\/fana_kids\/wp-content\/uploads\/2023\/01\/icon-title.svg","id":5597},"library":"svg"},"align_heading_icon":"","heading_title_typography_typography":"custom","heading_title_typography_font_family":"Baloo","heading_title_bottom_space":{"unit":"px","size":7,"sizes":[]},"heading_subtitle_typography_typography":"custom","heading_subtitle_typography_line_height":{"unit":"px","size":24,"sizes":[]},"heading_subtitle_typography_letter_spacing":{"unit":"px","size":8,"sizes":[]},"__globals__":{"heading_subtitle_color":"globals\/colors?id=primary"}},"elements":[],"isInner":false,"widgetType":"tbay-heading","elType":"widget"},{"id":"498e3a2c","settings":{"custom_image_list_category":[{"_id":"31e7143","category":"boys-2-8y","type_image":{"url":"https:\/\/el4.thembaydev.com\/fana_kids\/wp-content\/uploads\/2022\/08\/cat-01.jpg","id":4014,"alt":"","source":"library"}},{"category":"girls-2-8y","type_image":{"url":"https:\/\/el4.thembaydev.com\/fana_kids\/wp-content\/uploads\/2022\/08\/cat-02.jpg","id":4015,"alt":"","source":"library"},"_id":"20bb651"},{"category":"sportswear","type_image":{"url":"https:\/\/el4.thembaydev.com\/fana_kids\/wp-content\/uploads\/2022\/08\/cat-04.jpg","id":4017,"alt":"","source":"library"},"_id":"476c0ff"},{"category":"accessories","type_image":{"url":"https:\/\/el4.thembaydev.com\/fana_kids\/wp-content\/uploads\/2022\/08\/cat-03.jpg","id":4016,"alt":"","source":"library"},"_id":"6a74ded"}],"display_count_category":"yes","text_show_all":"See all categories","_margin":{"unit":"px","top":"39","right":"0","bottom":"0","left":"0","isLinked":false},"column_tablet":"2"},"elements":[],"isInner":false,"widgetType":"tbay-custom-image-list-categories","elType":"widget"}],"isInner":false,"elType":"column"}],"isInner":false,"elType":"section"},{"id":"1b6ccd9","settings":{"stretch_section":"section-stretched","structure":"20","margin":{"unit":"px","top":"39","right":0,"bottom":"0","left":0,"isLinked":false}},"elements":[{"id":"73c84aa3","settings":{"_column_size":50,"_inline_size":null,"_inline_size_tablet":50},"elements":[{"id":"4608b3c3","settings":{"link":{"url":"https:\/\/el4.thembaydev.com\/fana_kids\/shop\/","is_external":false,"nofollow":false,"custom_attributes":""},"image":{"url":"https:\/\/el4.thembaydev.com\/fana_kids\/wp-content\/uploads\/2023\/01\/banner-04.jpg","id":5606,"alt":"","source":"library"},"banner_title":"Unwrap the newest winter","banner_description":"Sale <span style=\"color: #FC4CA5;\">30%<\/span>","banner_effects":"shine","general_padding":{"unit":"px","top":"32","right":"0","bottom":"0","left":"40","isLinked":false},"title_typography_typography":"custom","title_typography_font_size":{"unit":"px","size":16,"sizes":[]},"title_typography_text_transform":"uppercase","title_typography_line_height":{"unit":"px","size":22,"sizes":[]},"title_margin":{"unit":"px","top":"0","right":"0","bottom":"5","left":"0","isLinked":false},"banner_sub_title":"New limited <br>edition","general_horizontal_alignment":"center","general_text_alignment":"center","title_typography_font_weight":"600","title_color":"#FFFFFF","subtitle_typography_typography":"custom","subtitle_typography_font_family":"Baloo","subtitle_typography_font_size":{"unit":"px","size":40,"sizes":[]},"subtitle_typography_text_transform":"uppercase","subtitle_typography_line_height":{"unit":"px","size":40,"sizes":[]},"subtitle_color":"#FFFFFF","description_typography_typography":"custom","description_typography_font_family":"Baloo","description_typography_font_size":{"unit":"px","size":32,"sizes":[]},"description_typography_line_height":{"unit":"px","size":32,"sizes":[]},"description_color":"#FFFFFF","general_padding_tablet":{"unit":"px","top":"10","right":"0","bottom":"0","left":"0","isLinked":false},"subtitle_typography_font_size_tablet":{"unit":"px","size":30,"sizes":[]},"subtitle_typography_font_size_mobile":{"unit":"px","size":26,"sizes":[]},"subtitle_typography_line_height_tablet":{"unit":"px","size":30,"sizes":[]},"subtitle_typography_line_height_mobile":{"unit":"px","size":32,"sizes":[]},"subtitle_margin_mobile":{"unit":"px","top":"0","right":"0","bottom":"190","left":"0","isLinked":false},"description_typography_font_size_tablet":{"unit":"px","size":24,"sizes":[]},"description_typography_line_height_tablet":{"unit":"px","size":26,"sizes":[]},"description_typography_line_height_mobile":{"unit":"px","size":"","sizes":[]}},"elements":[],"isInner":false,"widgetType":"tbay-banner","elType":"widget"}],"isInner":false,"elType":"column"},{"id":"217d3e78","settings":{"_column_size":50,"_inline_size":null,"_inline_size_tablet":50,"margin_mobile":{"unit":"px","top":"20","right":"0","bottom":"0","left":"0","isLinked":false}},"elements":[{"id":"44e70327","settings":{"link":{"url":"https:\/\/el4.thembaydev.com\/fana_kids\/shop\/","is_external":false,"nofollow":false,"custom_attributes":""},"image":{"url":"https:\/\/el4.thembaydev.com\/fana_kids\/wp-content\/uploads\/2023\/01\/banner-05.jpg","id":5607,"alt":"","source":"library"},"banner_title":"Girls Collections","banner_description":"","banner_effects":"shine","general_padding":{"unit":"px","top":"22","right":"0","bottom":"0","left":"40","isLinked":false},"title_typography_typography":"custom","title_typography_font_size":{"unit":"px","size":16,"sizes":[]},"title_typography_text_transform":"uppercase","title_typography_line_height":{"unit":"px","size":22,"sizes":[]},"title_margin":{"unit":"px","top":"0","right":"0","bottom":"9","left":"0","isLinked":false},"banner_sub_title":"Summer sale <br>for baby","title_typography_font_weight":"600","title_color":"#FFFFFF","subtitle_typography_typography":"custom","subtitle_typography_font_family":"Baloo","subtitle_typography_font_size":{"unit":"px","size":40,"sizes":[]},"subtitle_typography_text_transform":"uppercase","subtitle_typography_line_height":{"unit":"px","size":40,"sizes":[]},"subtitle_color":"#FFFFFF","description_typography_typography":"custom","description_typography_font_family":"Baloo","description_typography_font_size":{"unit":"px","size":32,"sizes":[]},"description_typography_line_height":{"unit":"px","size":32,"sizes":[]},"description_color":"#FFFFFF","general_padding_tablet":{"unit":"px","top":"0","right":"0","bottom":"0","left":"30","isLinked":false},"general_padding_mobile":{"unit":"px","top":"0","right":"0","bottom":"0","left":"30","isLinked":false},"subtitle_typography_font_size_tablet":{"unit":"px","size":26,"sizes":[]},"subtitle_typography_font_size_mobile":{"unit":"px","size":26,"sizes":[]},"subtitle_typography_line_height_tablet":{"unit":"px","size":26,"sizes":[]},"subtitle_typography_line_height_mobile":{"unit":"px","size":26,"sizes":[]},"subtitle_margin_mobile":{"unit":"px","top":"0","right":"0","bottom":"190","left":"0","isLinked":false}},"elements":[],"isInner":false,"widgetType":"tbay-banner","elType":"widget"}],"isInner":false,"elType":"column"}],"isInner":false,"elType":"section"},{"id":"5248e045","settings":{"stretch_section":"section-stretched","margin":{"unit":"px","top":"76","right":0,"bottom":"0","left":0,"isLinked":false}},"elements":[{"id":"7a96506f","settings":{"_column_size":100,"_inline_size":null},"elements":[{"id":"213af187","settings":{"heading_title":"OUR FAVES","heading_subtitle":"Popular Products","heading_icon":{"value":{"url":"https:\/\/el4.thembaydev.com\/fana_kids\/wp-content\/uploads\/2023\/01\/icon-title.svg","id":5597},"library":"svg"},"align_heading_icon":"","heading_title_typography_typography":"custom","heading_title_typography_font_family":"Baloo","heading_title_bottom_space":{"unit":"px","size":7,"sizes":[]},"heading_subtitle_typography_typography":"custom","heading_subtitle_typography_line_height":{"unit":"px","size":24,"sizes":[]},"heading_subtitle_typography_letter_spacing":{"unit":"px","size":8,"sizes":[]},"__globals__":{"heading_subtitle_color":"globals\/colors?id=primary"},"_margin":{"unit":"px","top":"0","right":"0","bottom":"33","left":"0","isLinked":false}},"elements":[],"isInner":false,"widgetType":"tbay-heading","elType":"widget"},{"id":"9a10545","settings":{"limit":10,"categories":["baby","girls-2-8y","boys-2-8y","boys-9-14y","clothing","girls-9-14y","sportswear","accessories"],"list_product_tabs":[{"product_tabs":"featured","_id":"71adc4a"},{"_id":"1b05ba5","product_tabs_title":"New Products"},{"product_tabs_title":"On sale","product_tabs":"on_sale","_id":"6049ea7"},{"product_tabs":"best_selling","_id":"42c7007"}],"column":"5","col_desktop":"4","heading_categories_tab_align":"center","border_heading_categories_tab_border":"none","heading_categories_tab_margin":{"unit":"px","top":"0","right":"0","bottom":"14","left":"0","isLinked":false},"col_desktopsmall":"3"},"elements":[],"isInner":false,"widgetType":"tbay-product-tabs","elType":"widget"}],"isInner":false,"elType":"column"}],"isInner":false,"elType":"section"},{"id":"2903afa8","settings":{"stretch_section":"section-stretched","margin":{"unit":"px","top":"61","right":0,"bottom":"50","left":0,"isLinked":false},"margin_mobile":{"unit":"px","top":"20","right":0,"bottom":"0","left":0,"isLinked":false}},"elements":[{"id":"44dcf73c","settings":{"_column_size":100,"_inline_size":null,"css_classes":"tb-custom-radius"},"elements":[{"id":"6e959050","settings":{"revslidertitle":"Slider 2","shortcode":"[rev_slider alias=\"slider-2\" slidertitle=\"Slider 2\"][\/rev_slider]"},"elements":[],"isInner":false,"widgetType":"slider_revolution","elType":"widget"}],"isInner":false,"elType":"column"}],"isInner":false,"elType":"section"},{"id":"4a2bdf49","settings":{"stretch_section":"section-stretched","margin":{"unit":"px","top":"80","right":0,"bottom":"0","left":0,"isLinked":false}},"elements":[{"id":"2fc5ddb5","settings":{"_column_size":100,"_inline_size":null},"elements":[{"id":"12250a91","settings":{"heading_title":"Best Sellers","heading_subtitle":"OUR FAVES","heading_icon":{"value":{"url":"https:\/\/el4.thembaydev.com\/fana_kids\/wp-content\/uploads\/2023\/01\/icon-title.svg","id":5597},"library":"svg"},"align_heading_icon":"","heading_title_typography_typography":"custom","heading_title_typography_font_family":"Baloo","heading_title_bottom_space":{"unit":"px","size":7,"sizes":[]},"heading_subtitle_typography_typography":"custom","heading_subtitle_typography_line_height":{"unit":"px","size":24,"sizes":[]},"heading_subtitle_typography_letter_spacing":{"unit":"px","size":8,"sizes":[]},"__globals__":{"heading_subtitle_color":"globals\/colors?id=primary"},"_margin":{"unit":"px","top":"0","right":"0","bottom":"47","left":"0","isLinked":false}},"elements":[],"isInner":false,"widgetType":"tbay-heading","elType":"widget"},{"id":"197434b3","settings":{"limit":12,"categories":["baby","girls-2-8y","boys-2-8y","boys-9-14y","clothing","girls-9-14y","sportswear","accessories"],"product_type":"best_selling","product_style":"vertical","text_show_all":"View all products","column":"4","column_tablet":"2","column_mobile":"1","col_landscape":"2"},"elements":[],"isInner":false,"widgetType":"tbay-products","elType":"widget"}],"isInner":false,"elType":"column"}],"isInner":false,"elType":"section"},{"id":"6fbfc3b0","settings":{"stretch_section":"section-stretched","margin":{"unit":"px","top":"76","right":0,"bottom":"0","left":0,"isLinked":false}},"elements":[{"id":"3072078e","settings":{"_column_size":100,"_inline_size":null},"elements":[{"id":"40fbe7bd","settings":{"heading_title":"OUR FAVES","heading_subtitle":"Popular Products","heading_icon":{"value":{"url":"https:\/\/el4.thembaydev.com\/fana_kids\/wp-content\/uploads\/2023\/01\/icon-title.svg","id":5597},"library":"svg"},"align_heading_icon":"","heading_title_typography_typography":"custom","heading_title_typography_font_family":"Baloo","heading_title_bottom_space":{"unit":"px","size":7,"sizes":[]},"heading_subtitle_typography_typography":"custom","heading_subtitle_typography_line_height":{"unit":"px","size":24,"sizes":[]},"heading_subtitle_typography_letter_spacing":{"unit":"px","size":8,"sizes":[]},"__globals__":{"heading_subtitle_color":"globals\/colors?id=primary"},"_margin":{"unit":"px","top":"0","right":"0","bottom":"33","left":"0","isLinked":false}},"elements":[],"isInner":false,"widgetType":"tbay-heading","elType":"widget"},{"id":"7c3d20f9","settings":{"layout_type":"carousel","show_excerpt":"","read_more_text":"Read more","show_author":"yes","column":"3","navigation":""},"elements":[],"isInner":false,"widgetType":"tbay-posts-grid","elType":"widget"}],"isInner":false,"elType":"column"}],"isInner":false,"elType":"section"}],"page_settings":[],"version":"0.4","title":"Home","type":"page"}