{"content":[{"id":"7ba9f1fa","settings":{"stretch_section":"section-stretched","structure":"20","content_position":"middle","padding":{"unit":"px","top":"33","right":"0","bottom":"64","left":"0","isLinked":false}},"elements":[{"id":"c80dbe","settings":{"_column_size":50,"_inline_size":null},"elements":[{"id":"44ecbb5b","settings":{"title":"Howdy! Tell Us About Your Thinking","typography_typography":"custom","typography_font_family":"Ivy Mode","typography_font_size":{"unit":"px","size":48,"sizes":[]},"typography_line_height":{"unit":"px","size":56,"sizes":[]},"typography_font_size_mobile":{"unit":"px","size":30,"sizes":[]},"typography_line_height_mobile":{"unit":"px","size":40,"sizes":[]},"typography_font_size_tablet":{"unit":"px","size":32,"sizes":[]},"typography_line_height_tablet":{"unit":"px","size":"","sizes":[]}},"elements":[],"isInner":false,"widgetType":"heading","elType":"widget"},{"id":"35dac188","settings":{"editor":"<p>Contact us with your details &amp; ready to start. Lets provide us a message &amp; contact us!<\/p>","text_color":"#888888","_margin":{"unit":"px","top":"14","right":"0","bottom":"0","left":"0","isLinked":false}},"elements":[],"isInner":false,"widgetType":"text-editor","elType":"widget"}],"isInner":false,"elType":"column"},{"id":"55c21c47","settings":{"_column_size":50,"_inline_size":null},"elements":[{"id":"5aefacc","settings":{"image":{"url":"https:\/\/el4.thembaydev.com\/fana\/wp-content\/uploads\/2022\/09\/contact-01.png","id":4735,"alt":"","source":"library"}},"elements":[],"isInner":false,"widgetType":"image","elType":"widget"}],"isInner":false,"elType":"column"}],"isInner":false,"elType":"section"},{"id":"7a329f1d","settings":{"stretch_section":"section-stretched","margin":{"unit":"px","top":"0","right":0,"bottom":"80","left":0,"isLinked":false}},"elements":[{"id":"5e210fad","settings":{"_column_size":100,"_inline_size":null},"elements":[{"id":"55360f95","settings":{"structure":"22","box_shadow_box_shadow_type":"yes","box_shadow_box_shadow":{"horizontal":0,"vertical":0,"blur":40,"spread":0,"color":"rgba(0, 0, 0, 0.06)"}},"elements":[{"id":"5d3630db","settings":{"_column_size":66,"_inline_size":null,"padding":{"unit":"px","top":"37","right":"40","bottom":"40","left":"40","isLinked":false},"_inline_size_tablet":100,"padding_mobile":{"unit":"px","top":"10","right":"10","bottom":"10","left":"10","isLinked":false}},"elements":[{"id":"cc0c714","settings":{"heading_title":"Send A Message","heading_title_bottom_space":{"unit":"px","size":6,"sizes":[]},"heading_description_typography_typography":"custom","heading_description_typography_font_size":{"unit":"px","size":14,"sizes":[]},"heading_description_typography_line_height":{"unit":"px","size":21,"sizes":[]},"heading_description_color":"#555555","heading_description_bottom_space":{"unit":"px","size":19,"sizes":[]},"heading_subtitle":"Ask us anything here","heading_subtitle_bottom_space_mobile":{"unit":"px","size":8,"sizes":[]},"heading_style_margin_mobile":{"unit":"px","top":"0","right":"0","bottom":"0","left":"0","isLinked":false},"_padding_mobile":{"unit":"px","top":"0","right":"0","bottom":"15","left":"0","isLinked":false},"align":"left","heading_list_style":"style-2","heading_subtitle_color":"#888888"},"elements":[],"isInner":false,"widgetType":"tbay-heading","elType":"widget"},{"id":"42a8429b","settings":{"form_id":"1638"},"elements":[],"isInner":false,"widgetType":"wpforms","elType":"widget"}],"isInner":true,"elType":"column"},{"id":"44e713d9","settings":{"_column_size":33,"_inline_size":null,"_inline_size_tablet":100,"border_border":"solid","border_width":{"unit":"px","top":"0","right":"0","bottom":"0","left":"1","isLinked":false},"border_color":"#DDDDDD","padding":{"unit":"px","top":"41","right":"40","bottom":"20","left":"40","isLinked":false},"padding_mobile":{"unit":"px","top":"10","right":"10","bottom":"10","left":"10","isLinked":false},"border_width_tablet":{"unit":"px","top":"0","right":"0","bottom":"0","left":"0","isLinked":true}},"elements":[{"id":"5f34ad36","settings":{"title":"Contact Information","header_size":"h3","typography_typography":"custom","typography_font_family":"Ivy Mode","typography_font_size":{"unit":"px","size":28,"sizes":[]},"typography_line_height":{"unit":"px","size":36,"sizes":[]}},"elements":[],"isInner":false,"widgetType":"heading","elType":"widget"},{"id":"38df13bc","settings":{"icon_list":[{"text":"mail@example.com","selected_icon":{"value":"tb-icon tb-icon-email","library":"tbay-custom"},"_id":"a274625"},{"text":"+01 2222 3456 88 \/ +01 2222 3456 88","selected_icon":{"value":"tb-icon tb-icon-calling","library":"tbay-custom"},"_id":"df272b4"},{"text":"121 S Jane Ln Enid, Oklahoma(OK), 73703","selected_icon":{"value":"tb-icon tb-icon-location","library":"tbay-custom"},"_id":"e0d8913"},{"text":"1-800-570-7777","selected_icon":{"value":"tb-icon tb-icon-note","library":"tbay-custom"},"_id":"b8b815d"}],"space_between":{"unit":"px","size":19,"sizes":[]},"icon_size":{"unit":"px","size":21,"sizes":[]},"icon_self_align":"left","_margin":{"unit":"px","top":"29","right":"0","bottom":"5","left":"0","isLinked":false},"__globals__":{"icon_color":"globals\/colors?id=primary"}},"elements":[],"isInner":false,"widgetType":"icon-list","elType":"widget"},{"id":"fa12f5e","settings":{"text":"Divider","color":"#DDDDDD"},"elements":[],"isInner":false,"widgetType":"divider","elType":"widget"},{"id":"2d16928c","settings":{"title":"Follow Us","header_size":"h3","typography_typography":"custom","typography_font_family":"Ivy Mode","typography_font_size":{"unit":"px","size":28,"sizes":[]},"typography_line_height":{"unit":"px","size":36,"sizes":[]}},"elements":[],"isInner":false,"widgetType":"heading","elType":"widget"},{"id":"410a943a","settings":{"icon_list":[{"text":"Facebook","selected_icon":{"value":"fab fa-facebook","library":"fa-brands"},"_id":"a274625","link":{"url":"https:\/\/www.facebook.com\/","is_external":"","nofollow":"","custom_attributes":""}},{"text":"Twitter","selected_icon":{"value":"fab fa-twitter","library":"fa-brands"},"_id":"df272b4","link":{"url":"https:\/\/twitter.com\/","is_external":"","nofollow":"","custom_attributes":""}},{"text":"Instagram","selected_icon":{"value":"tb-icon tb-icon-instagram","library":"tbay-custom"},"_id":"e0d8913","link":{"url":"https:\/\/www.instagram.com\/","is_external":"","nofollow":"","custom_attributes":""}},{"text":"Pinterest","selected_icon":{"value":"fab fa-pinterest","library":"fa-brands"},"link":{"url":"https:\/\/www.pinterest.com\/","is_external":"","nofollow":"","custom_attributes":""},"_id":"b8b815d"},{"text":"Linkedin","selected_icon":{"value":"fab fa-linkedin","library":"fa-brands"},"link":{"url":"https:\/\/www.linkedin.com\/","is_external":"","nofollow":"","custom_attributes":""},"_id":"76b3d0b"}],"space_between":{"unit":"px","size":20,"sizes":[]},"icon_size":{"unit":"px","size":19,"sizes":[]},"icon_self_align":"left","text_color":"#888888","_margin":{"unit":"px","top":"30","right":"0","bottom":"30","left":"0","isLinked":false},"__globals__":{"icon_color":"globals\/colors?id=primary","text_color_hover":"globals\/colors?id=primary"}},"elements":[],"isInner":false,"widgetType":"icon-list","elType":"widget"}],"isInner":true,"elType":"column"}],"isInner":true,"elType":"section"}],"isInner":false,"elType":"column"}],"isInner":false,"elType":"section"}],"page_settings":[],"version":"0.4","title":"contact","type":"page"}