{"content":[{"id":"184a1436","settings":{"stretch_section":"section-stretched","margin":{"unit":"px","top":"32","right":0,"bottom":"0","left":0,"isLinked":false},"margin_mobile":{"unit":"px","top":"0","right":0,"bottom":"0","left":0,"isLinked":false}},"elements":[{"id":"16b836ad","settings":{"_column_size":100},"elements":[{"id":"370e698","settings":{"shortcode":"[woocommerce_order_tracking]"},"elements":[],"isInner":false,"widgetType":"shortcode","elType":"widget"}],"isInner":false,"elType":"column"}],"isInner":false,"elType":"section"}],"page_settings":[],"version":"0.4","title":"trac","type":"page"}