{"content":[{"id":"51f8560","settings":{"stretch_section":"section-stretched","margin":{"unit":"px","top":"32","right":0,"bottom":"0","left":0,"isLinked":false},"margin_mobile":{"unit":"px","top":"0","right":0,"bottom":"0","left":0,"isLinked":false}},"elements":[{"id":"2a0ac9fe","settings":{"_column_size":100,"_inline_size":null},"elements":[{"id":"c029acc","settings":{"image":{"url":"https:\/\/el4.thembaydev.com\/fana\/wp-content\/uploads\/2022\/09\/faqs-01.jpg","id":4884,"alt":"","source":"library"},"image_size":"full"},"elements":[],"isInner":false,"widgetType":"image","elType":"widget"}],"isInner":false,"elType":"column"}],"isInner":false,"elType":"section"},{"id":"2f5dafb","settings":{"stretch_section":"section-stretched","structure":"34","margin":{"unit":"px","top":"64","right":0,"bottom":"25","left":0,"isLinked":false},"margin_tablet":{"unit":"px","top":"0","right":0,"bottom":"0","left":0,"isLinked":false}},"elements":[{"id":"491b168c","settings":{"_column_size":16,"_inline_size":null},"elements":[],"isInner":false,"elType":"column"},{"id":"5f3c1c00","settings":{"_column_size":66,"_inline_size":null,"_inline_size_tablet":100},"elements":[{"id":"7d8f4d72","settings":{"title":"Awkwardness gives me great comfort. I\u2019ve never been cool, but I\u2019ve felt cool. I\u2019ve been in the cool place, but I wasn\u2019t really cool \u2013 I was trying to pass for hip or cool.","align":"center","typography_typography":"custom","typography_font_family":"Ivy Mode","typography_font_size":{"unit":"px","size":34,"sizes":[]},"typography_font_size_mobile":{"unit":"px","size":22,"sizes":[]},"typography_line_height":{"unit":"px","size":42,"sizes":[]},"typography_line_height_mobile":{"unit":"px","size":28,"sizes":[]}},"elements":[],"isInner":false,"widgetType":"heading","elType":"widget"},{"id":"51e71ba0","settings":{"editor":"<p>A girl should be two things: classy and fabulous. I am convinced that there can be luxury in simplicity. I wanted to dress the woman who lives and works, not the woman in a painting. It\u2019s hard to balance everything. It\u2019s always challenging. My relationships with producers or photographers \u2013 these are relationships that took years. I can\u2019t get sucked into that celebrity thing, because I think it\u2019s just crass. My aim is to make the poor look rich.<\/p>","align":"center","text_color":"#646464","_margin":{"unit":"px","top":"14","right":"0","bottom":"0","left":"0","isLinked":false}},"elements":[],"isInner":false,"widgetType":"text-editor","elType":"widget"}],"isInner":false,"elType":"column"},{"id":"525eada3","settings":{"_column_size":16,"_inline_size":null},"elements":[],"isInner":false,"elType":"column"}],"isInner":false,"elType":"section"},{"id":"19d961e2","settings":{"stretch_section":"section-stretched"},"elements":[{"id":"4ff43df5","settings":{"_column_size":100,"_inline_size":null},"elements":[{"id":"6e91d195","settings":{"text":"Divider","color":"#DDDDDD","_margin":{"unit":"px","top":"20","right":"0","bottom":"30","left":"0","isLinked":false}},"elements":[],"isInner":false,"widgetType":"divider","elType":"widget"}],"isInner":false,"elType":"column"}],"isInner":false,"elType":"section"},{"id":"3f7e4988","settings":{"stretch_section":"section-stretched","structure":"30"},"elements":[{"id":"55032291","settings":{"_column_size":33,"_inline_size":null},"elements":[{"id":"6013ef1f","settings":{"selected_icon":{"value":"tb-icon tb-icon-box","library":"tbay-custom"},"title_text":"Shipping Worldwide","description_text":"Lorem ipsum dolor sit amet consectetur","position":"left","icon_space":{"unit":"px","size":26,"sizes":[]},"icon_size":{"unit":"px","size":41,"sizes":[]},"title_bottom_space":{"unit":"px","size":10,"sizes":[]},"title_typography_typography":"custom","title_typography_font_family":"Ivy Mode","title_typography_font_size":{"unit":"px","size":18,"sizes":[]},"title_typography_font_weight":"400","title_typography_line_height":{"unit":"px","size":24,"sizes":[]},"_margin":{"unit":"px","top":"19","right":"0","bottom":"28","left":"0","isLinked":false},"_margin_mobile":{"unit":"px","top":"0","right":"0","bottom":"20","left":"0","isLinked":false},"icon_space_mobile":{"unit":"px","size":12,"sizes":[]},"text_align_mobile":"left","position_mobile":"left","description_color":"#646464","__globals__":{"primary_color":"globals\/colors?id=primary"}},"elements":[],"isInner":false,"widgetType":"icon-box","elType":"widget"}],"isInner":false,"elType":"column"},{"id":"62006318","settings":{"_column_size":33,"_inline_size":null},"elements":[{"id":"938d1bf","settings":{"selected_icon":{"value":"tb-icon tb-icon-convert-cube","library":"tbay-custom"},"title_text":"14 Days Return","description_text":"Lorem ipsum dolor sit amet consectetur","position":"left","icon_space":{"unit":"px","size":26,"sizes":[]},"icon_size":{"unit":"px","size":41,"sizes":[]},"title_bottom_space":{"unit":"px","size":10,"sizes":[]},"title_typography_typography":"custom","title_typography_font_family":"Ivy Mode","title_typography_font_size":{"unit":"px","size":18,"sizes":[]},"title_typography_font_weight":"400","title_typography_line_height":{"unit":"px","size":24,"sizes":[]},"_margin":{"unit":"px","top":"19","right":"0","bottom":"28","left":"0","isLinked":false},"_margin_mobile":{"unit":"px","top":"0","right":"0","bottom":"20","left":"0","isLinked":false},"icon_space_mobile":{"unit":"px","size":12,"sizes":[]},"text_align_mobile":"left","position_mobile":"left","description_color":"#646464","__globals__":{"primary_color":"globals\/colors?id=primary"}},"elements":[],"isInner":false,"widgetType":"icon-box","elType":"widget"}],"isInner":false,"elType":"column"},{"id":"28136441","settings":{"_column_size":33,"_inline_size":null},"elements":[{"id":"7b26637d","settings":{"selected_icon":{"value":"tb-icon tb-icon-card-pos","library":"tbay-custom"},"title_text":"Security Payment","description_text":"Lorem ipsum dolor sit amet consectetur","position":"left","icon_space":{"unit":"px","size":26,"sizes":[]},"icon_size":{"unit":"px","size":41,"sizes":[]},"title_bottom_space":{"unit":"px","size":10,"sizes":[]},"title_typography_typography":"custom","title_typography_font_family":"Ivy Mode","title_typography_font_size":{"unit":"px","size":18,"sizes":[]},"title_typography_font_weight":"400","title_typography_line_height":{"unit":"px","size":24,"sizes":[]},"_margin":{"unit":"px","top":"19","right":"0","bottom":"28","left":"0","isLinked":false},"_margin_mobile":{"unit":"px","top":"0","right":"0","bottom":"20","left":"0","isLinked":false},"icon_space_mobile":{"unit":"px","size":12,"sizes":[]},"text_align_mobile":"left","position_mobile":"left","description_color":"#646464","__globals__":{"primary_color":"globals\/colors?id=primary"}},"elements":[],"isInner":false,"widgetType":"icon-box","elType":"widget"}],"isInner":false,"elType":"column"}],"isInner":false,"elType":"section"},{"id":"a8121ea","settings":{"stretch_section":"section-stretched","margin_tablet":{"unit":"px","top":"17","right":0,"bottom":"17","left":0,"isLinked":true}},"elements":[{"id":"2c45eb5f","settings":{"_column_size":100,"_inline_size":null},"elements":[{"id":"18e33593","settings":{"text":"Divider","color":"#DDDDDD","_margin":{"unit":"px","top":"20","right":"0","bottom":"30","left":"0","isLinked":false},"_margin_tablet":{"unit":"px","top":"0","right":"0","bottom":"0","left":"0","isLinked":false}},"elements":[],"isInner":false,"widgetType":"divider","elType":"widget"}],"isInner":false,"elType":"column"}],"isInner":false,"elType":"section"},{"id":"4c80adcb","settings":{"stretch_section":"section-stretched","padding":{"unit":"px","top":"0","right":"0","bottom":"120","left":"0","isLinked":false},"padding_mobile":{"unit":"px","top":"0","right":"0","bottom":"20","left":"0","isLinked":false},"margin":{"unit":"px","top":"19","right":0,"bottom":"0","left":0,"isLinked":false},"margin_tablet":{"unit":"px","top":"0","right":0,"bottom":"0","left":0,"isLinked":false}},"elements":[{"id":"5491a60d","settings":{"_column_size":100,"_inline_size":null,"_inline_size_tablet":100,"margin_tablet":{"unit":"px","top":"10","right":"0","bottom":"0","left":"0","isLinked":false},"margin_mobile":{"unit":"px","top":"0","right":"0","bottom":"0","left":"0","isLinked":false}},"elements":[{"id":"7ab759f3","settings":{"tabs":[{"tab_title":"How did my package ship?","tab_content":"<p>When placing the order, a day of shipment is indicated. After the order has been placed, the same delivery time will also be stated on the order confirmation. It is therefore never possible that during the order, the shipping day on the website, is different than on the order confirmation.<\/p>","_id":"eb3adf5"},{"tab_title":"When do I receive my order?","tab_content":"<p>When placing the order, a day of shipment is indicated. After the order has been placed, the same delivery time will also be stated on the order confirmation. It is therefore never possible that during the order, the shipping day on the website, is different than on the order confirmation.<\/p>","_id":"a816a80"},{"tab_title":"Returns, exchanges and complaints","tab_content":"<p>When placing the order, a day of shipment is indicated. After the order has been placed, the same delivery time will also be stated on the order confirmation. It is therefore never possible that during the order, the shipping day on the website, is different than on the order confirmation.<\/p>","_id":"013b260"},{"tab_title":"I now see the longer delivery time of (a part of) my order. How can I cancel it?","tab_content":"<p>When placing the order, a day of shipment is indicated. After the order has been placed, the same delivery time will also be stated on the order confirmation. It is therefore never possible that during the order, the shipping day on the website, is different than on the order confirmation.<\/p>","_id":"a573e9b"},{"tab_title":"When will I receive the invoice for my order?","tab_content":"<p>When placing the order, a day of shipment is indicated. After the order has been placed, the same delivery time will also be stated on the order confirmation. It is therefore never possible that during the order, the shipping day on the website, is different than on the order confirmation.<\/p>","_id":"7d9495b"},{"tab_title":"Are free Anti-Virus software any good?","tab_content":"<p>When placing the order, a day of shipment is indicated. After the order has been placed, the same delivery time will also be stated on the order confirmation. It is therefore never possible that during the order, the shipping day on the website, is different than on the order confirmation.<\/p>","_id":"298aa22"},{"tab_title":"How long will my order take to be delivered?","tab_content":"<p>When placing the order, a day of shipment is indicated. After the order has been placed, the same delivery time will also be stated on the order confirmation. It is therefore never possible that during the order, the shipping day on the website, is different than on the order confirmation.<\/p>","_id":"e1b16e0"},{"tab_title":"Can I return an item?","tab_content":"<p>When placing the order, a day of shipment is indicated. After the order has been placed, the same delivery time will also be stated on the order confirmation. It is therefore never possible that during the order, the shipping day on the website, is different than on the order confirmation.<\/p>","_id":"98fdf89"}],"selected_icon":{"value":"tb-icon tb-icon-plus","library":"tbay-custom"},"selected_active_icon":{"value":"tb-icon tb-icon-minus","library":"tbay-custom"},"title_typography_typography":"custom","title_typography_font_size":{"unit":"px","size":18,"sizes":[]},"title_typography_font_weight":"400","icon_align":"right","icon_space":{"unit":"px","size":3,"sizes":[]},"content_padding":{"unit":"px","top":"1","right":"24","bottom":"0","left":"24","isLinked":false},"title_typography_font_size_mobile":{"unit":"px","size":16,"sizes":[]},"content_typography_font_size_mobile":{"unit":"px","size":14,"sizes":[]},"content_typography_line_height_mobile":{"unit":"px","size":22,"sizes":[]},"title_color":"#121216","faq_schema":"yes","title_padding":{"unit":"px","top":"10","right":"24","bottom":"16","left":"24","isLinked":false},"icon_space_mobile":{"unit":"px","size":7,"sizes":[]},"title_typography_font_family":"Ivy Mode","title_typography_line_height":{"unit":"px","size":24,"sizes":[]},"icon_color":"#888888","__globals__":{"icon_active_color":"globals\/colors?id=primary","tab_active_color":"globals\/colors?id=primary"}},"elements":[],"isInner":false,"widgetType":"toggle","elType":"widget"}],"isInner":false,"elType":"column"}],"isInner":false,"elType":"section"}],"page_settings":[],"version":"0.4","title":"faq","type":"page"}