[{"fields":{"9":{"id":"9","type":"name","label":"Product Name","format":"simple","description":"","size":"large","simple_placeholder":"Product Name *","simple_default":"","first_placeholder":"","first_default":"","middle_placeholder":"","middle_default":"","last_placeholder":"","last_default":"","css":"wpforms-product-name d-none","label_hide":"1"},"10":{"id":"10","type":"name","label":"Your Name *","format":"simple","description":"","required":"1","size":"large","simple_placeholder":"Your Name *","simple_default":"","first_placeholder":"","first_default":"","middle_placeholder":"","middle_default":"","last_placeholder":"","last_default":"","css":"","label_hide":"1"},"3":{"id":"3","type":"email","label":"Email* Field (your-email)","description":"","required":"1","size":"large","placeholder":"Your Email (required)","confirmation_placeholder":"","default_value":false,"filter_type":"","allowlist":"","denylist":"","css":"wpforms-one-half wpforms-first","label_hide":"1"},"11":{"id":"11","type":"number","label":"Phone","description":"","size":"large","placeholder":"Phone Number","default_value":"","css":"wpforms-one-half","label_hide":"1"},"5":{"id":"5","type":"textarea","label":"Textarea Field (your-message)","description":"","size":"large","placeholder":"Your Message (required)","limit_count":"1","limit_mode":"characters","default_value":"","css":"","label_hide":"1"}},"id":"4609","field_id":12,"settings":{"form_title":"Ask a Question","form_desc":"","submit_text":"Submit","submit_text_processing":"Sending","antispam":"1","form_class":"","submit_class":"","notification_enable":"1","notifications":{"1":{"email":"{admin_email}","subject":"Fana  \"[your-subject]\"","sender_name":"Ask a Question \" {field_id=\"9\"}\"","sender_address":"admin@gmail.com","replyto":"{field_id=\"3\"}","message":"Ask a Question Product: {field_id=\"9\"} \r\n\r\nFrom: {field_id=\"10\"}   < {field_id=\"3\"} >\r\nPhone: {field_id=\"11\"} \r\n\r\nMessage Body:\r\n {field_id=\"5\"} \r\n\r\n-- \r\nThis e-mail was sent from a contact form on Demo Fana"}},"confirmations":{"1":{"type":"message","message":"<p>Thanks for contacting us! We will be in touch with you shortly.<\/p>","message_scroll":"1","page":"147","redirect":""}},"form_tags":[]}}]