[{"fields":{"1":{"id":"1","type":"name","label":"Name","format":"simple","description":"","required":"1","size":"large","simple_placeholder":"Your Name *","simple_default":"","first_placeholder":"","first_default":"","middle_placeholder":"","middle_default":"","last_placeholder":"","last_default":"","css":"wpforms-one-half wpforms-first","label_hide":"1","sublabel_hide":"1"},"9":{"id":"9","type":"email","label":"Your email *","description":"","required":"1","size":"large","placeholder":"Your email *","confirmation_placeholder":"","default_value":false,"filter_type":"","allowlist":"","denylist":"","css":"wpforms-one-half","label_hide":"1"},"7":{"id":"7","type":"number","label":"Phone Number","description":"","size":"large","placeholder":"Phone Number","default_value":"","css":" wpforms-one-half wpforms-first","label_hide":"1"},"5":{"id":"5","type":"name","label":"Subjects","format":"simple","description":"","size":"large","simple_placeholder":"Subject *","simple_default":"","first_placeholder":"","first_default":"","middle_placeholder":"","middle_default":"","last_placeholder":"","last_default":"","css":"wpforms-one-half","label_hide":"1","sublabel_hide":"1"},"2":{"id":"2","type":"textarea","label":"Paragraph Text","description":"","size":"large","placeholder":"Message","limit_count":"1","limit_mode":"characters","default_value":"","css":"","label_hide":"1"}},"id":"1638","field_id":10,"settings":{"form_title":"Contact Form","form_desc":"","submit_text":"Send Message","submit_text_processing":"Sending...","antispam":"1","form_class":"","submit_class":"","ajax_submit":"1","notification_enable":"1","notifications":{"1":{"email":"{admin_email}","subject":"New Blank Form Entry","sender_name":"Hara","sender_address":"{admin_email}","replyto":"","message":"{all_fields}"}},"confirmations":{"1":{"type":"message","message":"<p>Thanks for contacting us! We will be in touch with you shortly.<\/p>","message_scroll":"1","page":"147","redirect":""}},"form_tags":[]},"meta":{"template":"blank"}}]