{"content":[{"id":"3a3e44a5","settings":{"content_position":"middle","stretch_section":"section-stretched","structure":"30","background_background":"classic","background_color":"#2E3192","padding":{"unit":"px","top":"16","right":"0","bottom":"18","left":"0","isLinked":false}},"elements":[{"id":"2320f4b9","settings":{"_column_size":33,"_inline_size":16.66,"content_position":"center","align":"space-between"},"elements":[{"id":"19cb5153","settings":{"image_logo":{"id":5399,"url":"https:\/\/el4.thembaydev.com\/fana\/wp-content\/uploads\/2023\/03\/logo.png","alt":"","source":"library","size":""}},"elements":[],"isInner":false,"widgetType":"fana-site-logo","elType":"widget"},{"id":"18709882","settings":{"layout":"vertical","type_menu":"canvas","toggle_menu_title":"Title","toggle_canvas_icon_color":"#FFFFFF","toggle_menu_canvas_icon_size_style":{"unit":"px","size":22,"sizes":[]},"toggle_canvas_icon_title_align":"left","toggle_canvas_content_align":"left","toggle_canvas_title_align":"left","toggle_vertical_submenu_align":"left","toggle_canvas_menu_icon":{"value":"tb-icon tb-icon-bars","library":"tbay-custom"},"toggle_canvas_icon_title":"","toggle_canvas_title":"All Departments","_margin":{"unit":"px","top":"7","right":"0","bottom":"0","left":"0","isLinked":false}},"elements":[],"isInner":false,"widgetType":"tbay-nav-menu","elType":"widget"}],"isInner":false,"elType":"column"},{"id":"cdcca23","settings":{"_column_size":33,"_inline_size":50},"elements":[{"id":"45398345","settings":{"placeholder_text":"Search ...","vali_input_search":"Enter at least 2 characters","enable_categories_search":"yes","text_categories_search":"All","search_form_line_height":{"unit":"px","size":40,"sizes":[]},"border_radius_tbay_search_form":{"unit":"px","top":"3","right":"3","bottom":"3","left":"3","isLinked":true},"_padding":{"unit":"px","top":"0","right":"20","bottom":"0","left":"0","isLinked":false},"icon_button_search_size":{"unit":"px","size":24,"sizes":[]}},"elements":[],"isInner":false,"widgetType":"tbay-search-form","elType":"widget"}],"isInner":false,"elType":"column"},{"id":"23469c99","settings":{"_column_size":33,"_inline_size":33.004,"content_position":"center","align":"flex-end"},"elements":[{"id":"548f4d22","settings":{"sub_menu_account":"my-account","color_icon":"#FFFFFF","icon_account_size":{"unit":"px","size":22,"sizes":[]}},"elements":[],"isInner":false,"widgetType":"tbay-account","elType":"widget"},{"id":"299993a9","settings":{"icon_wishlist_size":{"unit":"px","size":20,"sizes":[]},"title_wishlist":"My Wishlist","show_total_wishlist":"","_margin":{"unit":"px","top":"1","right":"5","bottom":"0","left":"0","isLinked":false},"color_icon":"#FFFFFF","wishlist_total_typography_font_size":{"unit":"px","size":12,"sizes":[]},"bg_total":"#E68789","position_top":{"unit":"px","size":-3,"sizes":[]},"position_left":{"unit":"px","size":25,"sizes":[]}},"elements":[],"isInner":false,"widgetType":"tbay-wishlist","elType":"widget"},{"id":"13d9416f","settings":{"title_mini_cart":"Shopping cart","_margin":{"unit":"px","top":"0","right":"0","bottom":"0","left":"0","isLinked":false},"position_popup_cart":{"unit":"px","top":"54","right":"1","bottom":"0","left":"0","isLinked":false},"icon_mini_cart":{"value":"tb-icon tb-icon-bag","library":"tbay-custom"},"color_cart_price":"#FFFFFF","position_top":{"unit":"px","size":0,"sizes":[]},"cart_price_typography_typography":"custom","cart_price_typography_font_weight":"400","icon_border_radius":{"unit":"%","top":"","right":"","bottom":"","left":"","isLinked":true},"icon_mini_cart_size":{"unit":"px","size":22,"sizes":[]},"cart_price_typography_font_size":{"unit":"px","size":14,"sizes":[]},"cart_price_typography_letter_spacing":{"unit":"px","size":0.08,"sizes":[]},"color_icon":"#FFFFFF","color_number":"#FFFFFF","bg_total":"#E68789"},"elements":[],"isInner":false,"widgetType":"tbay-mini-cart","elType":"widget"}],"isInner":false,"elType":"column"}],"isInner":false,"elType":"section"},{"id":"97373ac","settings":{"structure":"20","background_background":"classic","background_color":"#2E3192","border_border":"solid","border_width":{"unit":"px","top":"1","right":"0","bottom":"0","left":"0","isLinked":false},"border_color":"#FFFFFF33"},"elements":[{"id":"41855f2c","settings":{"_column_size":50,"_inline_size":75},"elements":[{"id":"68870e37","settings":{"toggle_menu_title":"Title","toggle_canvas_icon_title":"Title","toggle_canvas_title":"Title","no_padding_menu_item_first_item":"yes","color_menu_item":"#FFFFFF","color_menu_item_hover":"#FFFFFF","padding_menu_item":{"unit":"px","top":"15","right":"5","bottom":"15","left":"5","isLinked":false},"color_dropdown_item":"#646464","__globals__":{"color_dropdown_item_hover":""},"hidden_indicator":"","color_dropdown_item_hover":"#2F4799"},"elements":[],"isInner":false,"widgetType":"tbay-nav-menu","elType":"widget"}],"isInner":false,"elType":"column"},{"id":"64b6dbb9","settings":{"_column_size":50,"_inline_size":25,"content_position":"center","align":"flex-end"},"elements":[{"id":"3e41ab6c","settings":{"icon_recently_viewed":{"value":"","library":""},"show_title_recently_viewed":"yes","header_title":"Recently Viewed","empty":"You have no recently viewed item.","heading_header_color":"#FFFFFF","readmore_text":"Read More","readmore_page":"1137","heading_header_style_padding":{"unit":"px","top":"12","right":"0","bottom":"12","left":"0","isLinked":false}},"elements":[],"isInner":false,"widgetType":"tbay-product-recently-viewed-header","elType":"widget"}],"isInner":false,"elType":"column"}],"isInner":false,"elType":"section"}],"page_settings":[],"version":"0.4","title":"Header","type":"page"}