{"content":[{"id":"3b7f0ce","settings":{"layout":"full_width","content_position":"middle","structure":"30","border_border":"solid","border_width":{"unit":"px","top":"0","right":"0","bottom":"1","left":"0","isLinked":false},"border_color":"#1212161A","padding":{"unit":"px","top":"39","right":"83","bottom":"39","left":"83","isLinked":false}},"elements":[{"id":"1b32dfa","settings":{"_column_size":33,"_inline_size":39.008},"elements":[{"id":"f3d3ddb","settings":{"text":"Store Locator","selected_icon":{"value":"tb-icon tb-icon-location","library":"tbay-custom"},"icon_indent":{"unit":"px","size":8,"sizes":[]},"typography_typography":"custom","typography_font_size":{"unit":"px","size":16,"sizes":[]},"typography_line_height":{"unit":"px","size":24,"sizes":[]},"button_text_color":"#121216","background_color":"#FFFFFF00","text_padding":{"unit":"px","top":"7","right":"7","bottom":"7","left":"7","isLinked":true},"_margin":{"unit":"px","top":"0","right":"16","bottom":"0","left":"0","isLinked":false},"_css_classes":"w-auto","icon_font_size":{"unit":"px","size":23,"sizes":[]},"__globals__":{"button_hover_border_color":"","button_background_hover_color":"globals\/colors?id=primary"}},"elements":[],"isInner":false,"widgetType":"button","elType":"widget"},{"id":"30eae682","settings":{"text":"Order Tracking","link":{"url":"https:\/\/el4.thembaydev.com\/fana_sport\/tracking-order\/","is_external":"","nofollow":"","custom_attributes":""},"selected_icon":{"value":"tb-icon tb-icon-shopping-cart","library":"tbay-custom"},"icon_indent":{"unit":"px","size":8,"sizes":[]},"typography_typography":"custom","typography_font_size":{"unit":"px","size":16,"sizes":[]},"typography_line_height":{"unit":"px","size":24,"sizes":[]},"button_text_color":"#121216","background_color":"#FFFFFF00","text_padding":{"unit":"px","top":"7","right":"7","bottom":"7","left":"7","isLinked":true},"_css_classes":"w-auto","icon_font_size":{"unit":"px","size":23,"sizes":[]},"__globals__":{"button_background_hover_color":"globals\/colors?id=primary"}},"elements":[],"isInner":false,"widgetType":"button","elType":"widget"}],"isInner":false,"elType":"column"},{"id":"7a318d13","settings":{"_column_size":33,"_inline_size":21.621,"align":"center"},"elements":[{"id":"7f2007b0","settings":{"image_logo":{"url":"https:\/\/el4.thembaydev.com\/fana_sport\/wp-content\/uploads\/2022\/11\/logo.png","id":5336,"alt":"","source":"library"}},"elements":[],"isInner":false,"widgetType":"fana-site-logo","elType":"widget"}],"isInner":false,"elType":"column"},{"id":"49664a77","settings":{"_column_size":33,"_inline_size":39.01,"align":"flex-end"},"elements":[{"id":"2dced4e7","settings":{"editor":"<p>+44 (0) 123 4567<\/p>","typography_typography":"custom","typography_font_size":{"unit":"px","size":24,"sizes":[]},"typography_line_height":{"unit":"px","size":34,"sizes":[]},"text_color":"#121216","typography_font_weight":"600","_css_classes":"w-auto"},"elements":[],"isInner":false,"widgetType":"text-editor","elType":"widget"},{"id":"1ed7b6cd","settings":{"title_mini_cart":"My Bag","_margin":{"unit":"px","top":"0","right":"0","bottom":"0","left":"25","isLinked":false},"position_popup_cart":{"unit":"px","top":"54","right":"1","bottom":"0","left":"0","isLinked":false},"icon_mini_cart":{"value":"tb-icon tb-icon-bag","library":"tbay-custom"},"color_cart_price":"#000000","position_top":{"unit":"px","size":-2,"sizes":[]},"cart_price_typography_typography":"custom","cart_price_typography_font_weight":"700","icon_border_radius":{"unit":"%","top":"","right":"","bottom":"","left":"","isLinked":true},"icon_mini_cart_size":{"unit":"px","size":22,"sizes":[]},"cart_price_typography_font_size":{"unit":"px","size":14,"sizes":[]},"cart_price_typography_letter_spacing":{"unit":"px","size":0.08,"sizes":[]},"show_title_mini_cart":"yes","color_number":"#FFFFFF","bg_total":"#121216","_background_background":"classic","_background_color":"#CFEE10","__globals__":{"bg_icon":"","_background_color":"globals\/colors?id=primary"},"margin_icon_cart":{"unit":"px","top":"0","right":"15","bottom":"0","left":"0","isLinked":false},"_padding":{"unit":"px","top":"6","right":"23","bottom":"5","left":"27","isLinked":false},"color_text":"#121216"},"elements":[],"isInner":false,"widgetType":"tbay-mini-cart","elType":"widget"}],"isInner":false,"elType":"column"}],"isInner":false,"elType":"section"},{"id":"108a6bdb","settings":{"layout":"full_width","structure":"34","padding":{"unit":"px","top":"0","right":"83","bottom":"0","left":"83","isLinked":false},"content_position":"middle"},"elements":[{"id":"2a0998f0","settings":{"_column_size":16,"_inline_size":20.005},"elements":[{"id":"2df25407","settings":{"autocomplete_search":"yes","placeholder_text":"Search for products...","vali_input_search":"Enter at least 2 cfanacters","icon_button_search":{"value":"tb-icon tb-icon-search-normal","library":"tbay-custom"},"text_categories_search":"All Categories","icon_search_size":{"unit":"px","size":31,"sizes":[]},"text_search_size_typography_font_size":{"unit":"px","size":40,"sizes":[]},"search_max_number_results":{"unit":"px","size":3,"sizes":[]},"padding_search":{"unit":"px","top":"5","right":"9","bottom":"5","left":"10","isLinked":false},"__globals__":{"hover_bg_icon_search":"globals\/colors?id=primary","hover_color_icon_search":""}},"elements":[],"isInner":false,"widgetType":"tbay-search-popup","elType":"widget"}],"isInner":false,"elType":"column"},{"id":"734f3f53","settings":{"_column_size":66,"_inline_size":59.268,"align":"center"},"elements":[{"id":"51f4cce9","settings":{"toggle_menu_title":"Title","toggle_canvas_icon_title":"Title","toggle_canvas_title":"Title","padding_menu_item":{"unit":"px","top":"26","right":"10","bottom":"26","left":"10","isLinked":false},"no_padding_menu_item_first_item":"yes","hidden_indicator":"","align_items":"center"},"elements":[],"isInner":false,"widgetType":"tbay-nav-menu","elType":"widget"}],"isInner":false,"elType":"column"},{"id":"26bf8b57","settings":{"_column_size":16,"_inline_size":20.005,"align":"flex-end"},"elements":[{"id":"7f8f1ff1","settings":{"sub_menu_account":"my-account","show_text_account":"","icon_account_size":{"unit":"px","size":31,"sizes":[]},"_margin":{"unit":"px","top":"1","right":"0","bottom":"0","left":"13","isLinked":false},"__globals__":{"hover_bg_icon":"globals\/colors?id=primary"}},"elements":[],"isInner":false,"widgetType":"tbay-account","elType":"widget"},{"id":"59f1be4d","settings":{"header_title":"Recently Viewed","empty":"You have no recently viewed item.","readmore_text":"Read More","readmore_page":"1137","show_title_recently_viewed":"","header_column":"10","heading_header_style_margin":{"unit":"px","top":"2","right":"6","bottom":"0","left":"6","isLinked":false},"icon_recently_viewed_size":{"unit":"px","size":31,"sizes":[]},"margin_icon_recently":{"unit":"px","top":"0","right":"0","bottom":"0","left":"0","isLinked":true},"_margin":{"unit":"px","top":"0","right":"0","bottom":"0","left":"0","isLinked":true},"__globals__":{"heading_header_bg_hover":"globals\/colors?id=primary"},"heading_header_style_padding":{"unit":"px","top":"5","right":"9","bottom":"3","left":"9","isLinked":false}},"elements":[],"isInner":false,"widgetType":"tbay-product-recently-viewed-header","elType":"widget"},{"id":"19439d6e","settings":{"icon_wishlist_size":{"unit":"px","size":31,"sizes":[]},"title_wishlist":"My Wishlist","show_total_wishlist":"","_margin":{"unit":"px","top":"1","right":"5","bottom":"0","left":"0","isLinked":false},"__globals__":{"hover_bg_icon":"globals\/colors?id=primary"}},"elements":[],"isInner":false,"widgetType":"tbay-wishlist","elType":"widget"}],"isInner":false,"elType":"column"}],"isInner":false,"elType":"section"}],"page_settings":[],"version":"0.4","title":"Header","type":"page"}