{"content":[{"id":"1312c00f","settings":{"structure":"30","content_position":"middle","padding":{"unit":"px","top":"12","right":"81","bottom":"13","left":"81","isLinked":false},"background_background":"classic","__globals__":{"background_color":"globals\/colors?id=secondary"},"layout":"full_width","gap":"no"},"elements":[{"id":"690a4f9f","settings":{"_column_size":33,"_inline_size":null,"content_position":"center"},"elements":[{"id":"736c0d57","settings":{"editor":"<p>Need Help? +44 (0) 123 4567<\/p>","typography_typography":"custom","typography_font_size":{"unit":"px","size":13,"sizes":[]},"typography_line_height":{"unit":"px","size":18,"sizes":[]},"text_color":"#FAE9EC","typography_letter_spacing":{"unit":"px","size":0.06,"sizes":[]}},"elements":[],"isInner":false,"widgetType":"text-editor","elType":"widget"}],"isInner":false,"elType":"column"},{"id":"2f527d57","settings":{"_column_size":33,"_inline_size":null},"elements":[{"id":"74825c9c","settings":{"editor":"<p>FREE SHIPPING on all orders over $100\u00a0 -\u00a0 SHOP NOW<\/p>","typography_typography":"custom","typography_font_size":{"unit":"px","size":13,"sizes":[]},"typography_line_height":{"unit":"px","size":18,"sizes":[]},"align":"center","text_color":"#FAE9EC","typography_text_transform":"uppercase","typography_letter_spacing":{"unit":"px","size":0.06,"sizes":[]}},"elements":[],"isInner":false,"widgetType":"text-editor","elType":"widget"}],"isInner":false,"elType":"column"},{"id":"688c9b06","settings":{"_column_size":33,"_inline_size":null,"align":"flex-end","content_position":"center"},"elements":[{"id":"1c71cde2","settings":{"text":"Store Locator","selected_icon":{"value":"tb-icon tb-icon-location","library":"tbay-custom"},"icon_indent":{"unit":"px","size":9,"sizes":[]},"typography_typography":"custom","typography_font_size":{"unit":"px","size":13,"sizes":[]},"typography_line_height":{"unit":"px","size":18,"sizes":[]},"button_text_color":"#FAE9EC","background_color":"#02010100","text_padding":{"unit":"px","top":"0","right":"7","bottom":"0","left":"7","isLinked":false},"_margin":{"unit":"px","top":"0","right":"16","bottom":"0","left":"0","isLinked":false},"_css_classes":"w-auto","icon_font_size":{"unit":"px","size":16,"sizes":[]}},"elements":[],"isInner":false,"widgetType":"button","elType":"widget"},{"id":"70f82487","settings":{"text":"Order Tracking","link":{"url":"https:\/\/el4.thembaydev.com\/fana\/tracking-order\/","is_external":"","nofollow":"","custom_attributes":""},"selected_icon":{"value":"tb-icon tb-icon-shopping-cart","library":"tbay-custom"},"icon_indent":{"unit":"px","size":9,"sizes":[]},"typography_typography":"custom","typography_font_size":{"unit":"px","size":13,"sizes":[]},"typography_line_height":{"unit":"px","size":18,"sizes":[]},"button_text_color":"#FAE9EC","background_color":"#02010100","text_padding":{"unit":"px","top":"0","right":"7","bottom":"0","left":"7","isLinked":false},"_css_classes":"w-auto","icon_font_size":{"unit":"px","size":16,"sizes":[]}},"elements":[],"isInner":false,"widgetType":"button","elType":"widget"}],"isInner":false,"elType":"column"}],"isInner":false,"elType":"section"},{"id":"262b07c","settings":{"layout":"full_width","gap":"no","structure":"30","padding":{"unit":"px","top":"0","right":"81","bottom":"0","left":"81","isLinked":false},"background_overlay_background":"classic","background_overlay_opacity":{"unit":"px","size":0,"sizes":[]},"content_position":"middle","background_background":"classic","enable_sticky_headers":"yes"},"elements":[{"id":"26a34e22","settings":{"_column_size":33,"_inline_size":40},"elements":[{"id":"3b6c7294","settings":{"toggle_menu_title":"Title","toggle_canvas_icon_title":"Title","toggle_canvas_title":"Title","padding_menu_item":{"unit":"px","top":"31","right":"0","bottom":"30","left":"0","isLinked":false},"no_padding_menu_item_first_item":"yes","hidden_indicator":""},"elements":[],"isInner":false,"widgetType":"tbay-nav-menu","elType":"widget"}],"isInner":false,"elType":"column"},{"id":"aa49977","settings":{"_column_size":33,"_inline_size":19.576,"align":"center"},"elements":[{"id":"1cbcc0","settings":{"image_logo":{"url":"https:\/\/el4.thembaydev.com\/fana\/wp-content\/uploads\/2022\/01\/logo.svg","id":1201,"alt":"","source":"library"}},"elements":[],"isInner":false,"widgetType":"fana-site-logo","elType":"widget"}],"isInner":false,"elType":"column"},{"id":"5ea682fd","settings":{"_column_size":33,"_inline_size":40,"align":"flex-end","padding":{"unit":"px","top":"9","right":"0","bottom":"0","left":"0","isLinked":false}},"elements":[{"id":"6d137721","settings":{"autocomplete_search":"yes","placeholder_text":"Search for products...","vali_input_search":"Enter at least 2 cfanacters","icon_button_search":{"value":"tb-icon tb-icon-search-normal","library":"tbay-custom"},"text_categories_search":"All Categories","icon_search_size":{"unit":"px","size":20,"sizes":[]},"text_search_size_typography_font_size":{"unit":"px","size":40,"sizes":[]},"search_max_number_results":{"unit":"px","size":3,"sizes":[]}},"elements":[],"isInner":false,"widgetType":"tbay-search-popup","elType":"widget"},{"id":"1f79c94c","settings":{"sub_menu_account":"my-account","show_text_account":"","icon_account_size":{"unit":"px","size":20,"sizes":[]},"_margin":{"unit":"px","top":"1","right":"0","bottom":"0","left":"13","isLinked":false}},"elements":[],"isInner":false,"widgetType":"tbay-account","elType":"widget"},{"id":"6a129d63","settings":{"header_title":"Recently Viewed","empty":"You have no recently viewed item.","readmore_text":"Read More","readmore_page":"1137","show_title_recently_viewed":"","header_column":"10","heading_header_style_margin":{"unit":"px","top":"1","right":"0","bottom":"0","left":"0","isLinked":false},"heading_header_style_padding":{"unit":"px","top":"19","right":"0","bottom":"20","left":"0","isLinked":false},"icon_recently_viewed_size":{"unit":"px","size":20,"sizes":[]},"margin_icon_recently":{"unit":"px","top":"3","right":"3","bottom":"3","left":"3","isLinked":true},"_margin":{"unit":"px","top":"0","right":"0","bottom":"0","left":"10","isLinked":false}},"elements":[],"isInner":false,"widgetType":"tbay-product-recently-viewed-header","elType":"widget"},{"id":"45672379","settings":{"title_wishlist":"My Wishlist","_margin":{"unit":"px","top":"1","right":"3","bottom":"0","left":"6","isLinked":false},"show_title_wishlist":"","show_total_wishlist":"","wishlist_total_typography_typography":"custom","wishlist_total_typography_font_family":"Ivy Mode","position_left":{"unit":"px","size":23,"sizes":[]},"icon_wishlist_size":{"unit":"px","size":20,"sizes":[]},"_border_width":{"unit":"px","top":"0","right":"1","bottom":"0","left":"0","isLinked":false},"_border_color":"#121216"},"elements":[],"isInner":false,"widgetType":"tbay-wishlist","elType":"widget"},{"id":"407bdb6d","settings":{"width":{"unit":"px","size":1,"sizes":[]},"width_tablet":{"unit":"px","size":"","sizes":[]},"width_mobile":{"unit":"px","size":"","sizes":[]},"text":"Divider","color":"#02010100","gap":{"unit":"px","size":10,"sizes":[]},"_css_classes":"w-auto","_background_background":"classic","_background_color":"#DED6D1"},"elements":[],"isInner":false,"widgetType":"divider","elType":"widget"},{"id":"6819f9e3","settings":{"title_mini_cart":"Shopping cart","_margin":{"unit":"px","top":"0","right":"0","bottom":"0","left":"20","isLinked":false},"position_popup_cart":{"unit":"px","top":"54","right":"1","bottom":"0","left":"0","isLinked":false},"icon_mini_cart":{"value":"tb-icon tb-icon-bag","library":"tbay-custom"},"color_cart_price":"#000000","position_top":{"unit":"px","size":0,"sizes":[]},"cart_price_typography_typography":"custom","cart_price_typography_font_weight":"400","icon_border_radius":{"unit":"%","top":"","right":"","bottom":"","left":"","isLinked":true},"icon_mini_cart_size":{"unit":"px","size":22,"sizes":[]},"cart_price_typography_font_size":{"unit":"px","size":14,"sizes":[]},"cart_price_typography_letter_spacing":{"unit":"px","size":0.08,"sizes":[]}},"elements":[],"isInner":false,"widgetType":"tbay-mini-cart","elType":"widget"}],"isInner":false,"elType":"column"}],"isInner":false,"elType":"section"}],"page_settings":[],"version":"0.4","title":"Header","type":"page"}