{"content":[{"id":"1ccd5558","settings":{"stretch_section":"section-stretched","structure":"20","background_background":"classic","background_color":"#F3F3F3","padding":{"unit":"px","top":"15","right":"0","bottom":"15","left":"0","isLinked":false}},"elements":[{"id":"50ebac39","settings":{"_column_size":50,"_inline_size":null,"content_position":"center"},"elements":[{"id":"5221e11d","settings":{"selected_icon":{"value":"tb-icon tb-icon-calling","library":"tbay-custom"},"title_text":"Mon-Fri: 9am - 16pm","description_text":"+01 2222 3456 88","position":"left","icon_size":{"unit":"px","size":24,"sizes":[]},"content_vertical_alignment":"middle","title_color":"#121216","title_typography_typography":"custom","title_typography_font_size":{"unit":"px","size":14,"sizes":[]},"title_typography_line_height":{"unit":"px","size":20,"sizes":[]},"description_color":"#121216","description_typography_typography":"custom","description_typography_font_size":{"unit":"px","size":16,"sizes":[]},"description_typography_font_weight":"600","description_typography_line_height":{"unit":"px","size":19,"sizes":[]},"_css_classes":"w-auto","__globals__":{"primary_color":"globals\/colors?id=primary"}},"elements":[],"isInner":false,"widgetType":"icon-box","elType":"widget"}],"isInner":false,"elType":"column"},{"id":"7dee19bf","settings":{"_column_size":50,"_inline_size":null,"content_position":"center"},"elements":[{"id":"53f40f84","settings":{"align_items":"flex-end","toggle_menu_title":"Title","toggle_canvas_icon_title":"Title","toggle_canvas_title":"Title","menu_typography_typography":"custom","menu_typography_font_size":{"unit":"px","size":14,"sizes":[]}},"elements":[],"isInner":false,"widgetType":"tbay-nav-menu","elType":"widget"}],"isInner":false,"elType":"column"}],"isInner":false,"elType":"section"},{"id":"28e94d88","settings":{"content_position":"middle","stretch_section":"section-stretched","structure":"30","background_background":"classic","padding":{"unit":"px","top":"18","right":"0","bottom":"18","left":"0","isLinked":false},"__globals__":{"background_color":"globals\/colors?id=secondary"},"z_index":1002},"elements":[{"id":"670118f6","settings":{"_column_size":33,"_inline_size":13,"content_position":"center"},"elements":[{"id":"24446303","settings":{"image_logo":{"url":"https:\/\/el4.thembaydev.com\/fana_kids\/wp-content\/uploads\/2022\/12\/logo.png","id":5483,"alt":"","source":"library"}},"elements":[],"isInner":false,"widgetType":"fana-site-logo","elType":"widget"}],"isInner":false,"elType":"column"},{"id":"6bad1244","settings":{"_column_size":33,"_inline_size":53.333,"content_position":"center"},"elements":[{"id":"55d8ad59","settings":{"placeholder_text":"Search products...","vali_input_search":"Enter at least 2 cfanacters","icon_button_search_size":{"unit":"px","size":22,"sizes":[]},"enable_categories_search":"yes","text_categories_search":"All Categories","padding_tbay_search_form":{"unit":"px","top":"0","right":"0","bottom":"0","left":"0","isLinked":false},"border_radius_tbay_search_form":{"unit":"px","top":"99","right":"99","bottom":"99","left":"99","isLinked":true},"padding_btn":{"unit":"px","top":"8","right":"25","bottom":"8","left":"25","isLinked":false},"border_radius_btn_search":{"unit":"px","top":"0","right":"99","bottom":"99","left":"0","isLinked":false},"color_btn_search":"#FFFFFF","__globals__":{"bg_input":"","bg_btn_search":"globals\/colors?id=primary"},"input_search_padding":{"unit":"px","top":"14","right":"16","bottom":"14","left":"16","isLinked":false},"padding_category_search":{"unit":"px","top":"12","right":"0","bottom":"12","left":"0","isLinked":false}},"elements":[],"isInner":false,"widgetType":"tbay-search-form","elType":"widget"}],"isInner":false,"elType":"column"},{"id":"1ab6ced","settings":{"_column_size":33,"_inline_size":null,"align":"flex-end","content_position":"center"},"elements":[{"id":"4c137057","settings":{"show_title_recently_viewed":"yes","header_title":"Recently Viewed Products","empty":"You have no recently viewed item.","margin_icon_recently":{"unit":"px","top":"0","right":"9","bottom":"0","left":"0","isLinked":false},"readmore_text":"Read More","readmore_page":147,"__globals__":{"color_text":"globals\/colors?id=primary","hover_color_text":"globals\/colors?id=primary"},"heading_header_color":"#FFFFFF"},"elements":[],"isInner":false,"widgetType":"tbay-product-recently-viewed-header","elType":"widget"}],"isInner":false,"elType":"column"}],"isInner":false,"elType":"section"},{"id":"259bc2b1","settings":{"content_position":"middle","stretch_section":"section-stretched","structure":"30","z_index":1001},"elements":[{"id":"49478367","settings":{"_column_size":33,"_inline_size":22},"elements":[{"id":"7d19133c","settings":{"layout":"vertical","type_menu":"toggle","toggle_menu_title":"All Categories","show_toggle_menu_icon":"yes","toggle_menu_icon":{"value":"tb-icon tb-icon-justifyleft","library":"tbay-custom"},"toggle_canvas_icon_title":"Title","toggle_canvas_title":"Title","hidden_indicator":"","ajax_toggle":"","show_content_menu":"yes","toggle_menu_padding":{"unit":"px","top":"34","right":"0","bottom":"34","left":"0","isLinked":false},"menu_typography_typography":"custom","menu_typography_font_size":{"unit":"px","size":15,"sizes":[]},"menu_typography_text_transform":"capitalize","menu_typography_line_height":{"unit":"px","size":23,"sizes":[]},"color_menu_item":"#646464","padding_menu_item":{"unit":"px","top":"14","right":"15","bottom":"14","left":"25","isLinked":false},"__globals__":{"color_menu_item_hover":"globals\/colors?id=primary"},"size_icon_menu_item":{"unit":"px","size":28,"sizes":[]}},"elements":[],"isInner":false,"widgetType":"tbay-nav-menu","elType":"widget"}],"isInner":false,"elType":"column"},{"id":"6bcfff59","settings":{"_column_size":33,"_inline_size":40.301},"elements":[{"id":"67f4efdd","settings":{"toggle_menu_title":"Title","toggle_canvas_icon_title":"Title","toggle_canvas_title":"Title","padding_menu_item":{"unit":"px","top":"31","right":"0","bottom":"30","left":"0","isLinked":false},"no_padding_menu_item_first_item":"yes","hidden_indicator":""},"elements":[],"isInner":false,"widgetType":"tbay-nav-menu","elType":"widget"}],"isInner":false,"elType":"column"},{"id":"62747677","settings":{"_column_size":33,"_inline_size":37.365,"align":"flex-end"},"elements":[{"id":"172c74c6","settings":{"sub_menu_account":"my-account","show_text_account":"","icon_account_size":{"unit":"px","size":21,"sizes":[]},"_margin":{"unit":"px","top":"1","right":"0","bottom":"0","left":"34","isLinked":false},"__globals__":{"color_icon":"globals\/colors?id=primary"}},"elements":[],"isInner":false,"widgetType":"tbay-account","elType":"widget"},{"id":"54b0a2b8","settings":{"icon_wishlist_size":{"unit":"px","size":20,"sizes":[]},"title_wishlist":"My Wishlist","show_total_wishlist":"","_margin":{"unit":"px","top":"1","right":"4","bottom":"0","left":"5","isLinked":false},"__globals__":{"color_icon":"globals\/colors?id=primary"}},"elements":[],"isInner":false,"widgetType":"tbay-wishlist","elType":"widget"},{"id":"4cde4dec","settings":{"title_mini_cart":"Shopping cart","position_popup_cart":{"unit":"px","top":"54","right":"1","bottom":"0","left":"0","isLinked":false},"icon_mini_cart":{"value":"tb-icon tb-icon-bag","library":"tbay-custom"},"color_cart_price":"#121216","position_top":{"unit":"px","size":-2,"sizes":[]},"cart_price_typography_typography":"custom","cart_price_typography_font_weight":"400","icon_border_radius":{"unit":"%","top":"","right":"","bottom":"","left":"","isLinked":true},"icon_mini_cart_size":{"unit":"px","size":22,"sizes":[]},"cart_price_typography_font_size":{"unit":"px","size":14,"sizes":[]},"cart_price_typography_letter_spacing":{"unit":"px","size":0.08,"sizes":[]},"color_number":"#FFFFFF","bg_total":"#121216","__globals__":{"color_icon":"globals\/colors?id=primary","color_cart_price_hover":"globals\/colors?id=primary"}},"elements":[],"isInner":false,"widgetType":"tbay-mini-cart","elType":"widget"}],"isInner":false,"elType":"column"}],"isInner":false,"elType":"section"}],"page_settings":[],"version":"0.4","title":"Header","type":"page"}