{"content":[{"id":"399f464e","settings":{"enable_sticky_headers":"yes","content_position":"middle","stretch_section":"section-stretched","structure":"20","background_background":"classic","background_color":"#FFFFFF"},"elements":[{"id":"43498fbe","settings":{"_column_size":50,"_inline_size":null},"elements":[{"id":"3a169a36","settings":{"image_logo":{"url":"https:\/\/el4.thembaydev.com\/fana_vest\/wp-content\/uploads\/2022\/01\/logo-1.png","id":5263,"alt":"","source":"library"},"_margin":{"unit":"px","top":"0","right":"24","bottom":"0","left":"0","isLinked":false},"_css_classes":"w-auto"},"elements":[],"isInner":false,"widgetType":"fana-site-logo","elType":"widget"},{"id":"6b277434","settings":{"toggle_menu_title":"Title","toggle_canvas_icon_title":"Title","toggle_canvas_title":"Title","padding_menu_item":{"unit":"px","top":"31","right":"0","bottom":"30","left":"0","isLinked":false},"no_padding_menu_item_first_item":"yes","hidden_indicator":"","_css_classes":"w-auto"},"elements":[],"isInner":false,"widgetType":"tbay-nav-menu","elType":"widget"}],"isInner":false,"elType":"column"},{"id":"5de996be","settings":{"_column_size":50,"_inline_size":null,"align":"flex-end"},"elements":[{"id":"1bae105f","settings":{"autocomplete_search":"yes","placeholder_text":"Search for products...","vali_input_search":"Enter at least 2 cfanacters","icon_button_search":{"value":"tb-icon tb-icon-search-normal","library":"tbay-custom"},"text_categories_search":"All Categories","icon_search_size":{"unit":"px","size":20,"sizes":[]},"text_search_size_typography_font_size":{"unit":"px","size":40,"sizes":[]},"search_max_number_results":{"unit":"px","size":3,"sizes":[]}},"elements":[],"isInner":false,"widgetType":"tbay-search-popup","elType":"widget"},{"id":"6e841a30","settings":{"sub_menu_account":"my-account","show_text_account":"","icon_account_size":{"unit":"px","size":20,"sizes":[]},"_margin":{"unit":"px","top":"1","right":"0","bottom":"0","left":"13","isLinked":false}},"elements":[],"isInner":false,"widgetType":"tbay-account","elType":"widget"},{"id":"414ab600","settings":{"header_title":"Recently Viewed","empty":"You have no recently viewed item.","readmore_text":"Read More","readmore_page":"1137","show_title_recently_viewed":"","header_column":"10","heading_header_style_margin":{"unit":"px","top":"1","right":"0","bottom":"0","left":"0","isLinked":false},"heading_header_style_padding":{"unit":"px","top":"19","right":"0","bottom":"20","left":"0","isLinked":false},"icon_recently_viewed_size":{"unit":"px","size":20,"sizes":[]},"margin_icon_recently":{"unit":"px","top":"3","right":"3","bottom":"3","left":"3","isLinked":true},"_margin":{"unit":"px","top":"0","right":"0","bottom":"0","left":"10","isLinked":false}},"elements":[],"isInner":false,"widgetType":"tbay-product-recently-viewed-header","elType":"widget"},{"id":"610432b4","settings":{"title_wishlist":"My Wishlist","_margin":{"unit":"px","top":"1","right":"3","bottom":"0","left":"6","isLinked":false},"show_title_wishlist":"","show_total_wishlist":"","wishlist_total_typography_typography":"custom","wishlist_total_typography_font_family":"Ivy Mode","position_left":{"unit":"px","size":23,"sizes":[]},"icon_wishlist_size":{"unit":"px","size":20,"sizes":[]},"_border_width":{"unit":"px","top":"0","right":"1","bottom":"0","left":"0","isLinked":false},"_border_color":"#121216"},"elements":[],"isInner":false,"widgetType":"tbay-wishlist","elType":"widget"},{"id":"1534859c","settings":{"width":{"unit":"px","size":1,"sizes":[]},"width_tablet":{"unit":"px","size":"","sizes":[]},"width_mobile":{"unit":"px","size":"","sizes":[]},"text":"Divider","color":"#02010100","gap":{"unit":"px","size":10,"sizes":[]},"_css_classes":"w-auto","_background_background":"classic","_background_color":"#DED6D1"},"elements":[],"isInner":false,"widgetType":"divider","elType":"widget"},{"id":"61a58902","settings":{"title_mini_cart":"Shopping cart","_margin":{"unit":"px","top":"0","right":"0","bottom":"0","left":"20","isLinked":false},"position_popup_cart":{"unit":"px","top":"54","right":"1","bottom":"0","left":"0","isLinked":false},"icon_mini_cart":{"value":"tb-icon tb-icon-bag","library":"tbay-custom"},"color_cart_price":"#000000","position_top":{"unit":"px","size":-2,"sizes":[]},"cart_price_typography_typography":"custom","cart_price_typography_font_weight":"400","icon_border_radius":{"unit":"%","top":"","right":"","bottom":"","left":"","isLinked":true},"icon_mini_cart_size":{"unit":"px","size":22,"sizes":[]},"cart_price_typography_font_size":{"unit":"px","size":14,"sizes":[]},"cart_price_typography_letter_spacing":{"unit":"px","size":0.08,"sizes":[]}},"elements":[],"isInner":false,"widgetType":"tbay-mini-cart","elType":"widget"}],"isInner":false,"elType":"column"}],"isInner":false,"elType":"section"}],"page_settings":[],"version":"0.4","title":"header","type":"page"}