{"content":[{"id":"7698274a","settings":{"background_background":"classic","background_color":"#CFEE10","margin":{"unit":"px","top":"","right":0,"bottom":"","left":0,"isLinked":true},"padding":{"unit":"px","top":"20","right":"0","bottom":"20","left":"0","isLinked":false}},"elements":[{"id":"45f4701","settings":{"_column_size":100,"_inline_size":null,"align":"center"},"elements":[{"id":"199be4bb","settings":{"selected_icon":{"value":"fas fa-coins","library":"fa-solid"},"title_text":"","description_text":"<b style=\"color: #222\">MEGA SALE<\/b>   DISCOUNT ALL ITEM <span style=\"color: #FC4CA5; font-weight: 600;\">UP TO 30%<\/span> FOR CHRISTMAST EVENT","position":"left","primary_color":"#000000","icon_size":{"unit":"px","size":24,"sizes":[]},"description_color":"#000000","description_typography_typography":"custom","description_typography_font_size":{"unit":"px","size":15,"sizes":[]},"description_typography_letter_spacing":{"unit":"px","size":1.3,"sizes":[]},"_css_classes":"w-auto"},"elements":[],"isInner":false,"widgetType":"icon-box","elType":"widget"}],"isInner":false,"elType":"column"}],"isInner":false,"elType":"section"},{"id":"62c6546c","settings":{"layout":"full_width","content_position":"middle","structure":"30","border_border":"solid","border_width":{"unit":"px","top":"0","right":"0","bottom":"1","left":"0","isLinked":false},"border_color":"#1212161A","padding":{"unit":"px","top":"39","right":"83","bottom":"39","left":"83","isLinked":false}},"elements":[{"id":"15bf2bc5","settings":{"_column_size":33,"_inline_size":39.008},"elements":[{"id":"abaef86","settings":{"text":"Store Locator","selected_icon":{"value":"tb-icon tb-icon-location","library":"tbay-custom"},"icon_indent":{"unit":"px","size":8,"sizes":[]},"typography_typography":"custom","typography_font_size":{"unit":"px","size":16,"sizes":[]},"typography_line_height":{"unit":"px","size":24,"sizes":[]},"button_text_color":"#121216","background_color":"#FFFFFF00","text_padding":{"unit":"px","top":"7","right":"7","bottom":"7","left":"7","isLinked":true},"_margin":{"unit":"px","top":"0","right":"16","bottom":"0","left":"0","isLinked":false},"_css_classes":"w-auto","icon_font_size":{"unit":"px","size":23,"sizes":[]},"__globals__":{"button_hover_border_color":"","button_background_hover_color":"globals\/colors?id=primary"}},"elements":[],"isInner":false,"widgetType":"button","elType":"widget"},{"id":"58650fda","settings":{"text":"Order Tracking","link":{"url":"https:\/\/el4.thembaydev.com\/fana_sport\/tracking-order\/","is_external":"","nofollow":"","custom_attributes":""},"selected_icon":{"value":"tb-icon tb-icon-shopping-cart","library":"tbay-custom"},"icon_indent":{"unit":"px","size":8,"sizes":[]},"typography_typography":"custom","typography_font_size":{"unit":"px","size":16,"sizes":[]},"typography_line_height":{"unit":"px","size":24,"sizes":[]},"button_text_color":"#121216","background_color":"#FFFFFF00","text_padding":{"unit":"px","top":"7","right":"7","bottom":"7","left":"7","isLinked":true},"_css_classes":"w-auto","icon_font_size":{"unit":"px","size":23,"sizes":[]},"__globals__":{"button_background_hover_color":"globals\/colors?id=primary"}},"elements":[],"isInner":false,"widgetType":"button","elType":"widget"}],"isInner":false,"elType":"column"},{"id":"2f90a078","settings":{"_column_size":33,"_inline_size":21.621,"align":"center"},"elements":[{"id":"3ea9dac4","settings":{"image_logo":{"url":"https:\/\/el4.thembaydev.com\/fana_sport\/wp-content\/uploads\/2022\/11\/logo.png","id":5336,"alt":"","source":"library"}},"elements":[],"isInner":false,"widgetType":"fana-site-logo","elType":"widget"}],"isInner":false,"elType":"column"},{"id":"31ec30e5","settings":{"_column_size":33,"_inline_size":39.01,"align":"flex-end"},"elements":[{"id":"162dd02f","settings":{"autocomplete_search":"yes","placeholder_text":"Search for products...","vali_input_search":"Enter at least 2 cfanacters","icon_button_search":{"value":"tb-icon tb-icon-search-normal","library":"tbay-custom"},"text_categories_search":"All Categories","icon_search_size":{"unit":"px","size":31,"sizes":[]},"text_search_size_typography_font_size":{"unit":"px","size":40,"sizes":[]},"search_max_number_results":{"unit":"px","size":3,"sizes":[]},"padding_search":{"unit":"px","top":"5","right":"9","bottom":"5","left":"10","isLinked":false},"__globals__":{"hover_bg_icon_search":"globals\/colors?id=primary","hover_color_icon_search":""}},"elements":[],"isInner":false,"widgetType":"tbay-search-popup","elType":"widget"},{"id":"7b4782eb","settings":{"title_mini_cart":"My Bag","_margin":{"unit":"px","top":"0","right":"0","bottom":"0","left":"25","isLinked":false},"position_popup_cart":{"unit":"px","top":"54","right":"1","bottom":"0","left":"0","isLinked":false},"icon_mini_cart":{"value":"tb-icon tb-icon-bag","library":"tbay-custom"},"color_cart_price":"#000000","position_top":{"unit":"px","size":-2,"sizes":[]},"cart_price_typography_typography":"custom","cart_price_typography_font_weight":"700","icon_border_radius":{"unit":"%","top":"","right":"","bottom":"","left":"","isLinked":true},"icon_mini_cart_size":{"unit":"px","size":22,"sizes":[]},"cart_price_typography_font_size":{"unit":"px","size":14,"sizes":[]},"cart_price_typography_letter_spacing":{"unit":"px","size":0.08,"sizes":[]},"show_title_mini_cart":"yes","color_number":"#FFFFFF","bg_total":"#121216","_background_background":"classic","_background_color":"#CFEE10","__globals__":{"bg_icon":"","_background_color":"globals\/colors?id=primary"},"margin_icon_cart":{"unit":"px","top":"0","right":"15","bottom":"0","left":"0","isLinked":false},"_padding":{"unit":"px","top":"6","right":"23","bottom":"5","left":"27","isLinked":false},"color_text":"#121216"},"elements":[],"isInner":false,"widgetType":"tbay-mini-cart","elType":"widget"}],"isInner":false,"elType":"column"}],"isInner":false,"elType":"section"},{"id":"218d7fd8","settings":{"layout":"full_width","structure":"20","padding":{"unit":"px","top":"0","right":"83","bottom":"0","left":"83","isLinked":false},"content_position":"middle"},"elements":[{"id":"3270b9ae","settings":{"_column_size":50,"_inline_size":null,"align":"flex-start"},"elements":[{"id":"9ce60a8","settings":{"toggle_menu_title":"Title","toggle_canvas_icon_title":"Title","toggle_canvas_title":"Title","padding_menu_item":{"unit":"px","top":"26","right":"10","bottom":"26","left":"10","isLinked":false},"no_padding_menu_item_first_item":"yes","hidden_indicator":"","align_items":"flex-start"},"elements":[],"isInner":false,"widgetType":"tbay-nav-menu","elType":"widget"}],"isInner":false,"elType":"column"},{"id":"400d4877","settings":{"_column_size":50,"_inline_size":null,"align":"flex-end"},"elements":[{"id":"2f870c04","settings":{"sub_menu_account":"my-account","show_text_account":"","icon_account_size":{"unit":"px","size":31,"sizes":[]},"_margin":{"unit":"px","top":"1","right":"0","bottom":"0","left":"13","isLinked":false},"__globals__":{"hover_bg_icon":"globals\/colors?id=primary"}},"elements":[],"isInner":false,"widgetType":"tbay-account","elType":"widget"},{"id":"54ba8acb","settings":{"header_title":"Recently Viewed","empty":"You have no recently viewed item.","readmore_text":"Read More","readmore_page":"1137","show_title_recently_viewed":"","header_column":"10","heading_header_style_margin":{"unit":"px","top":"2","right":"6","bottom":"0","left":"6","isLinked":false},"icon_recently_viewed_size":{"unit":"px","size":31,"sizes":[]},"margin_icon_recently":{"unit":"px","top":"0","right":"0","bottom":"0","left":"0","isLinked":true},"_margin":{"unit":"px","top":"0","right":"0","bottom":"0","left":"0","isLinked":true},"__globals__":{"heading_header_bg_hover":"globals\/colors?id=primary"},"heading_header_style_padding":{"unit":"px","top":"5","right":"9","bottom":"3","left":"9","isLinked":false}},"elements":[],"isInner":false,"widgetType":"tbay-product-recently-viewed-header","elType":"widget"},{"id":"6078eb9d","settings":{"icon_wishlist_size":{"unit":"px","size":31,"sizes":[]},"title_wishlist":"My Wishlist","show_total_wishlist":"","_margin":{"unit":"px","top":"1","right":"5","bottom":"0","left":"0","isLinked":false},"__globals__":{"hover_bg_icon":"globals\/colors?id=primary"}},"elements":[],"isInner":false,"widgetType":"tbay-wishlist","elType":"widget"}],"isInner":false,"elType":"column"}],"isInner":false,"elType":"section"}],"page_settings":[],"version":"0.4","title":"Header","type":"page"}