{"content":[{"id":"43ceb1ac","settings":{"structure":"30","content_position":"middle","padding":{"unit":"px","top":"12","right":"81","bottom":"13","left":"81","isLinked":false},"background_background":"classic","__globals__":{"background_color":"globals\/colors?id=secondary"},"layout":"full_width","gap":"no"},"elements":[{"id":"ff482ab","settings":{"_column_size":33,"_inline_size":null,"content_position":"center"},"elements":[{"id":"19642aef","settings":{"editor":"\u062a\u062d\u062a\u0627\u062c \u0645\u0633\u0627\u0639\u062f\u0629\u061f +44 (0) 123 4567","typography_typography":"custom","typography_font_size":{"unit":"px","size":13,"sizes":[]},"typography_line_height":{"unit":"px","size":18,"sizes":[]},"text_color":"#FAE9EC","typography_letter_spacing":{"unit":"px","size":0.06,"sizes":[]}},"elements":[],"isInner":false,"widgetType":"text-editor","elType":"widget"}],"isInner":false,"elType":"column"},{"id":"1775df51","settings":{"_column_size":33,"_inline_size":null},"elements":[{"id":"4b790693","settings":{"editor":"\u0634\u062d\u0646 \u0645\u062c\u0627\u0646\u064a \u0644\u062c\u0645\u064a\u0639 \u0627\u0644\u0637\u0644\u0628\u0627\u062a \u0627\u0644\u062a\u064a \u062a\u0632\u064a\u062f \u0639\u0646 100 \u062f\u0648\u0644\u0627\u0631 - \u062a\u0633\u0648\u0642 \u0627\u0644\u0622\u0646","typography_typography":"custom","typography_font_size":{"unit":"px","size":13,"sizes":[]},"typography_line_height":{"unit":"px","size":18,"sizes":[]},"align":"center","text_color":"#FAE9EC","typography_text_transform":"uppercase","typography_letter_spacing":{"unit":"px","size":0.06,"sizes":[]}},"elements":[],"isInner":false,"widgetType":"text-editor","elType":"widget"}],"isInner":false,"elType":"column"},{"id":"46b50437","settings":{"_column_size":33,"_inline_size":null,"align":"flex-end","content_position":"center"},"elements":[{"id":"44dc54c3","settings":{"text":"\u0641\u0631\u0648\u0639\u0646\u0627","selected_icon":{"value":"tb-icon tb-icon-location","library":"tbay-custom"},"icon_indent":{"unit":"px","size":9,"sizes":[]},"typography_typography":"custom","typography_font_size":{"unit":"px","size":13,"sizes":[]},"typography_line_height":{"unit":"px","size":18,"sizes":[]},"button_text_color":"#FAE9EC","background_color":"#02010100","text_padding":{"unit":"px","top":"0","right":"7","bottom":"0","left":"7","isLinked":false},"_margin":{"unit":"px","top":"0","right":"16","bottom":"0","left":"0","isLinked":false},"_css_classes":"w-auto","icon_font_size":{"unit":"px","size":16,"sizes":[]}},"elements":[],"isInner":false,"widgetType":"button","elType":"widget"},{"id":"172954fd","settings":{"text":"\u062a\u062a\u0628\u0639 \u0627\u0644\u0637\u0644\u0628","link":{"url":"https:\/\/el4.thembaydev.com\/fana_rtl\/tracking-order\/","is_external":"","nofollow":"","custom_attributes":""},"selected_icon":{"value":"tb-icon tb-icon-shopping-cart","library":"tbay-custom"},"icon_indent":{"unit":"px","size":9,"sizes":[]},"typography_typography":"custom","typography_font_size":{"unit":"px","size":13,"sizes":[]},"typography_line_height":{"unit":"px","size":18,"sizes":[]},"button_text_color":"#FAE9EC","background_color":"#02010100","text_padding":{"unit":"px","top":"0","right":"7","bottom":"0","left":"7","isLinked":false},"_css_classes":"w-auto","icon_font_size":{"unit":"px","size":16,"sizes":[]}},"elements":[],"isInner":false,"widgetType":"button","elType":"widget"}],"isInner":false,"elType":"column"}],"isInner":false,"elType":"section"},{"id":"2aae7083","settings":{"layout":"full_width","gap":"no","structure":"30","padding":{"unit":"px","top":"0","right":"81","bottom":"0","left":"81","isLinked":false},"background_overlay_background":"classic","background_overlay_opacity":{"unit":"px","size":0,"sizes":[]},"content_position":"middle","background_background":"classic","enable_sticky_headers":"yes","background_color":"#FFFFFF"},"elements":[{"id":"28ffb9a2","settings":{"_column_size":33,"_inline_size":40},"elements":[{"id":"7ef2c03","settings":{"toggle_menu_title":"Title","toggle_canvas_icon_title":"Title","toggle_canvas_title":"Title","padding_menu_item":{"unit":"px","top":"31","right":"0","bottom":"30","left":"0","isLinked":false},"no_padding_menu_item_first_item":"yes","hidden_indicator":""},"elements":[],"isInner":false,"widgetType":"tbay-nav-menu","elType":"widget"}],"isInner":false,"elType":"column"},{"id":"71d04521","settings":{"_column_size":33,"_inline_size":19.576,"align":"center"},"elements":[{"id":"d4ba2f8","settings":{"image_logo":{"url":"https:\/\/el4.thembaydev.com\/fana_rtl\/wp-content\/uploads\/2022\/01\/logo.svg","id":1201,"alt":"","source":"library"}},"elements":[],"isInner":false,"widgetType":"fana-site-logo","elType":"widget"}],"isInner":false,"elType":"column"},{"id":"5069f78e","settings":{"_column_size":33,"_inline_size":40,"align":"flex-end","padding":{"unit":"px","top":"9","right":"0","bottom":"0","left":"0","isLinked":false}},"elements":[{"id":"41ab4635","settings":{"autocomplete_search":"yes","placeholder_text":"\u0627\u0644\u0628\u062d\u062b \u0639\u0646 \u0627\u0644\u0645\u0646\u062a\u062c\u0627\u062a ...","vali_input_search":"\u0623\u062f\u062e\u0644 \u0645\u0627 \u0644\u0627 \u064a\u0642\u0644 \u0639\u0646 2 cfanacters","icon_button_search":{"value":"tb-icon tb-icon-search-normal","library":"tbay-custom"},"text_categories_search":"\u062c\u0645\u064a\u0639 \u0627\u0644\u0641\u0626\u0627\u062a","icon_search_size":{"unit":"px","size":21,"sizes":[]},"text_search_size_typography_font_size":{"unit":"px","size":40,"sizes":[]},"search_max_number_results":{"unit":"px","size":3,"sizes":[]}},"elements":[],"isInner":false,"widgetType":"tbay-search-popup","elType":"widget"},{"id":"4e50303a","settings":{"sub_menu_account":"my-account","show_text_account":"","icon_account_size":{"unit":"px","size":21,"sizes":[]},"_margin":{"unit":"px","top":"1","right":"13","bottom":"0","left":"0","isLinked":false}},"elements":[],"isInner":false,"widgetType":"tbay-account","elType":"widget"},{"id":"4e473784","settings":{"header_title":"Recently Viewed","empty":"\u0644\u0645 \u064a\u0643\u0646 \u0644\u062f\u064a\u0643 \u0623\u064a \u0628\u0646\u062f \u0645\u0639\u0631\u0648\u0636\u0629 \u0645\u0624\u062e\u0631\u0627.","readmore_text":"Read More","readmore_page":"1137","show_title_recently_viewed":"","header_column":"10","heading_header_style_margin":{"unit":"px","top":"2","right":"4","bottom":"0","left":"0","isLinked":false},"heading_header_style_padding":{"unit":"px","top":"19","right":"0","bottom":"20","left":"0","isLinked":false},"icon_recently_viewed_size":{"unit":"px","size":22,"sizes":[]},"margin_icon_recently":{"unit":"px","top":"3","right":"3","bottom":"3","left":"3","isLinked":true},"_margin":{"unit":"px","top":"0","right":"9","bottom":"0","left":"0","isLinked":false}},"elements":[],"isInner":false,"widgetType":"tbay-product-recently-viewed-header","elType":"widget"},{"id":"2ff26793","settings":{"icon_wishlist_size":{"unit":"px","size":20,"sizes":[]},"title_wishlist":"My Wishlist","show_total_wishlist":"","_margin":{"unit":"px","top":"1","right":"0","bottom":"0","left":"5","isLinked":false}},"elements":[],"isInner":false,"widgetType":"tbay-wishlist","elType":"widget"},{"id":"520cbc34","settings":{"width":{"unit":"px","size":1,"sizes":[]},"width_tablet":{"unit":"px","size":"","sizes":[]},"width_mobile":{"unit":"px","size":"","sizes":[]},"text":"Divider","color":"#02010100","gap":{"unit":"px","size":10,"sizes":[]},"_css_classes":"w-auto","_background_background":"classic","_background_color":"#DED6D1"},"elements":[],"isInner":false,"widgetType":"divider","elType":"widget"},{"id":"7f06353c","settings":{"title_mini_cart":"Shopping cart","_margin":{"unit":"px","top":"0","right":"20","bottom":"0","left":"0","isLinked":false},"position_popup_cart":{"unit":"px","top":"54","right":"1","bottom":"0","left":"0","isLinked":false},"icon_mini_cart":{"value":"tb-icon tb-icon-bag","library":"tbay-custom"},"color_cart_price":"#000000","position_top":{"unit":"px","size":-2,"sizes":[]},"cart_price_typography_typography":"custom","cart_price_typography_font_weight":"400","icon_border_radius":{"unit":"%","top":"","right":"","bottom":"","left":"","isLinked":true},"icon_mini_cart_size":{"unit":"px","size":22,"sizes":[]},"cart_price_typography_font_size":{"unit":"px","size":14,"sizes":[]},"cart_price_typography_letter_spacing":{"unit":"px","size":0.08,"sizes":[]}},"elements":[],"isInner":false,"widgetType":"tbay-mini-cart","elType":"widget"}],"isInner":false,"elType":"column"}],"isInner":false,"elType":"section"}],"page_settings":[],"version":"0.4","title":"header","type":"page"}