{"content":[{"id":"7b80b7bb","settings":{"content_position":"middle","stretch_section":"section-stretched","structure":"30","background_background":"classic","padding":{"unit":"px","top":"18","right":"0","bottom":"18","left":"0","isLinked":false},"__globals__":{"background_color":"globals\/colors?id=secondary"},"z_index":1002},"elements":[{"id":"1fe889ac","settings":{"_column_size":33,"_inline_size":13,"content_position":"center"},"elements":[{"id":"79f8c23b","settings":{"image_logo":{"url":"https:\/\/el4.thembaydev.com\/fana_kids\/wp-content\/uploads\/2022\/12\/logo.png","id":5483,"alt":"","source":"library"}},"elements":[],"isInner":false,"widgetType":"fana-site-logo","elType":"widget"}],"isInner":false,"elType":"column"},{"id":"174ac905","settings":{"_column_size":33,"_inline_size":53.333,"content_position":"center"},"elements":[{"id":"197dc1ff","settings":{"placeholder_text":"Search products...","vali_input_search":"Enter at least 2 cfanacters","icon_button_search_size":{"unit":"px","size":22,"sizes":[]},"enable_categories_search":"yes","text_categories_search":"All Categories","padding_tbay_search_form":{"unit":"px","top":"0","right":"0","bottom":"0","left":"0","isLinked":false},"border_radius_tbay_search_form":{"unit":"px","top":"99","right":"99","bottom":"99","left":"99","isLinked":true},"padding_btn":{"unit":"px","top":"8","right":"25","bottom":"8","left":"25","isLinked":false},"border_radius_btn_search":{"unit":"px","top":"0","right":"99","bottom":"99","left":"0","isLinked":false},"color_btn_search":"#FFFFFF","__globals__":{"bg_input":"","bg_btn_search":"globals\/colors?id=primary"},"input_search_padding":{"unit":"px","top":"14","right":"16","bottom":"14","left":"16","isLinked":false},"padding_category_search":{"unit":"px","top":"12","right":"0","bottom":"12","left":"0","isLinked":false}},"elements":[],"isInner":false,"widgetType":"tbay-search-form","elType":"widget"}],"isInner":false,"elType":"column"},{"id":"4d3186ca","settings":{"_column_size":33,"_inline_size":null,"align":"flex-end","content_position":"center"},"elements":[{"id":"45db1a46","settings":{"selected_icon":{"value":"tb-icon tb-icon-calling","library":"tbay-custom"},"title_text":"Mon-Fri: 9am - 16pm","description_text":"+01 2222 3456 88","position":"left","icon_size":{"unit":"px","size":31,"sizes":[]},"content_vertical_alignment":"middle","title_color":"#FFFFFF","title_typography_typography":"custom","title_typography_font_size":{"unit":"px","size":14,"sizes":[]},"title_typography_line_height":{"unit":"px","size":20,"sizes":[]},"description_color":"#FFFFFF","description_typography_typography":"custom","description_typography_font_size":{"unit":"px","size":16,"sizes":[]},"description_typography_font_weight":"600","description_typography_line_height":{"unit":"px","size":19,"sizes":[]},"_css_classes":"w-auto","__globals__":{"primary_color":"globals\/colors?id=primary"}},"elements":[],"isInner":false,"widgetType":"icon-box","elType":"widget"},{"id":"5943d41e","settings":{"sub_menu_account":"my-account","show_text_account":"","icon_account_size":{"unit":"px","size":21,"sizes":[]},"_margin":{"unit":"px","top":"1","right":"0","bottom":"0","left":"34","isLinked":false},"__globals__":{"color_icon":"globals\/colors?id=primary"}},"elements":[],"isInner":false,"widgetType":"tbay-account","elType":"widget"},{"id":"75cae1ba","settings":{"icon_wishlist_size":{"unit":"px","size":20,"sizes":[]},"title_wishlist":"My Wishlist","show_total_wishlist":"","_margin":{"unit":"px","top":"1","right":"4","bottom":"0","left":"5","isLinked":false},"__globals__":{"color_icon":"globals\/colors?id=primary"}},"elements":[],"isInner":false,"widgetType":"tbay-wishlist","elType":"widget"},{"id":"3e698692","settings":{"title_mini_cart":"Shopping cart","position_popup_cart":{"unit":"px","top":"54","right":"1","bottom":"0","left":"0","isLinked":false},"icon_mini_cart":{"value":"tb-icon tb-icon-bag","library":"tbay-custom"},"color_cart_price":"#FFFFFF","position_top":{"unit":"px","size":-2,"sizes":[]},"cart_price_typography_typography":"custom","cart_price_typography_font_weight":"400","icon_border_radius":{"unit":"%","top":"","right":"","bottom":"","left":"","isLinked":true},"icon_mini_cart_size":{"unit":"px","size":22,"sizes":[]},"cart_price_typography_font_size":{"unit":"px","size":14,"sizes":[]},"cart_price_typography_letter_spacing":{"unit":"px","size":0.08,"sizes":[]},"color_number":"#121216","bg_total":"#FFFFFF","__globals__":{"color_icon":"globals\/colors?id=primary","color_cart_price_hover":"globals\/colors?id=primary"}},"elements":[],"isInner":false,"widgetType":"tbay-mini-cart","elType":"widget"}],"isInner":false,"elType":"column"}],"isInner":false,"elType":"section"},{"id":"1946d191","settings":{"content_position":"middle","stretch_section":"section-stretched","structure":"30","z_index":1001},"elements":[{"id":"4e5b6042","settings":{"_column_size":33,"_inline_size":22},"elements":[{"id":"735626c2","settings":{"layout":"vertical","type_menu":"toggle","toggle_menu_title":"All Categories","show_toggle_menu_icon":"yes","toggle_menu_icon":{"value":"tb-icon tb-icon-justifyleft","library":"tbay-custom"},"toggle_canvas_icon_title":"Title","toggle_canvas_title":"Title","hidden_indicator":"","ajax_toggle":"","show_content_menu":"yes","toggle_menu_padding":{"unit":"px","top":"34","right":"0","bottom":"34","left":"0","isLinked":false},"menu_typography_typography":"custom","menu_typography_font_size":{"unit":"px","size":15,"sizes":[]},"menu_typography_text_transform":"capitalize","menu_typography_line_height":{"unit":"px","size":23,"sizes":[]},"color_menu_item":"#646464","padding_menu_item":{"unit":"px","top":"14","right":"15","bottom":"14","left":"25","isLinked":false},"__globals__":{"color_menu_item_hover":"globals\/colors?id=primary"},"size_icon_menu_item":{"unit":"px","size":28,"sizes":[]}},"elements":[],"isInner":false,"widgetType":"tbay-nav-menu","elType":"widget"}],"isInner":false,"elType":"column"},{"id":"7cdd0e35","settings":{"_column_size":33,"_inline_size":40.301},"elements":[{"id":"124e470d","settings":{"toggle_menu_title":"Title","toggle_canvas_icon_title":"Title","toggle_canvas_title":"Title","padding_menu_item":{"unit":"px","top":"31","right":"0","bottom":"30","left":"0","isLinked":false},"no_padding_menu_item_first_item":"yes","hidden_indicator":""},"elements":[],"isInner":false,"widgetType":"tbay-nav-menu","elType":"widget"}],"isInner":false,"elType":"column"},{"id":"7d930bed","settings":{"_column_size":33,"_inline_size":37.365,"align":"flex-end"},"elements":[{"id":"65641bae","settings":{"show_title_recently_viewed":"yes","header_title":"Recently Viewed","empty":"You have no recently viewed item.","margin_icon_recently":{"unit":"px","top":"0","right":"9","bottom":"0","left":"0","isLinked":false},"readmore_text":"Read More","readmore_page":147,"__globals__":{"color_text":"globals\/colors?id=primary","hover_color_text":"globals\/colors?id=primary"}},"elements":[],"isInner":false,"widgetType":"tbay-product-recently-viewed-header","elType":"widget"},{"id":"53aac65e","settings":{"text":"Store Locator","selected_icon":{"value":"tb-icon tb-icon-location","library":"tbay-custom"},"icon_indent":{"unit":"px","size":9,"sizes":[]},"typography_typography":"custom","typography_font_size":{"unit":"px","size":15,"sizes":[]},"typography_line_height":{"unit":"px","size":23,"sizes":[]},"background_color":"#02010100","text_padding":{"unit":"px","top":"0","right":"7","bottom":"0","left":"7","isLinked":false},"_margin":{"unit":"px","top":"0","right":"0","bottom":"0","left":"24","isLinked":false},"_css_classes":"w-auto","icon_font_size":{"unit":"px","size":18,"sizes":[]},"__globals__":{"button_text_color":"globals\/colors?id=text","background_color":"","hover_color":"globals\/colors?id=primary","tab_button_icon_color":"globals\/colors?id=primary","tab_button_icon_color_hover":""},"typography_letter_spacing":{"unit":"px","size":0.1,"sizes":[]},"button_text_color":"#121216","hover_color":"#FC4CA5","tab_button_icon_color":"#FC4CA5"},"elements":[],"isInner":false,"widgetType":"button","elType":"widget"},{"id":"792cd9ff","settings":{"text":"Order Tracking","link":{"url":"https:\/\/el4.thembaydev.com\/fana_kids\/tracking-order\/","is_external":"","nofollow":"","custom_attributes":""},"selected_icon":{"value":"tb-icon tb-icon-shopping-cart","library":"tbay-custom"},"icon_indent":{"unit":"px","size":9,"sizes":[]},"typography_typography":"custom","typography_font_size":{"unit":"px","size":15,"sizes":[]},"typography_line_height":{"unit":"px","size":23,"sizes":[]},"background_color":"#02010100","text_padding":{"unit":"px","top":"0","right":"7","bottom":"0","left":"7","isLinked":false},"_css_classes":"w-auto","icon_font_size":{"unit":"px","size":18,"sizes":[]},"__globals__":{"button_text_color":"globals\/colors?id=text","hover_color":"globals\/colors?id=primary","tab_button_icon_color":"globals\/colors?id=primary","tab_button_icon_color_hover":""},"button_text_color":"#121216","hover_color":"#FC4CA5","tab_button_icon_color":"#FC4CA5","typography_letter_spacing":{"unit":"px","size":0.1,"sizes":[]},"_margin":{"unit":"px","top":"0","right":"0","bottom":"0","left":"15","isLinked":false}},"elements":[],"isInner":false,"widgetType":"button","elType":"widget"}],"isInner":false,"elType":"column"}],"isInner":false,"elType":"section"}],"page_settings":[],"version":"0.4","title":"template-header-kids","type":"page"}