{"content":[{"id":"31378058","settings":{"stretch_section":"section-stretched","background_background":"classic","structure":"30","border_border":"solid","border_width":{"unit":"px","top":"0","right":"0","bottom":"1","left":"0","isLinked":false},"border_color":"#F1F1F1"},"elements":[{"id":"784e59a3","settings":{"_column_size":33,"_inline_size":28,"align":"center","content_position":"center"},"elements":[{"id":"4d5197ed","settings":{"placeholder_text":"I\u2019m looking for ...","vali_input_search":"Enter at least 2 cfanacters","text_categories_search":"All Categories","border_radius_tbay_search_form":{"unit":"px","top":"999","right":"999","bottom":"999","left":"999","isLinked":true},"border_color_category_search":"#DDDDDD","padding_btn":{"unit":"px","top":"0","right":"8","bottom":"0","left":"8","isLinked":false},"color_btn_search":"#FFFFFF","bg_btn_search":"#646464","padding_tbay_search_form":{"unit":"px","top":"3","right":"4","bottom":"3","left":"0","isLinked":false},"border_style_tbay_search_form":"solid","border_width_tbay_search_form":{"unit":"px","top":"1","right":"1","bottom":"1","left":"1","isLinked":true},"border_color_tbay_search_form":"#DDDDDD","border_radius_btn_search":{"unit":"%","top":"100","right":"100","bottom":"100","left":"100","isLinked":true},"__globals__":{"hover_bg_btn_search":"globals\/colors?id=primary"}},"elements":[],"isInner":false,"widgetType":"tbay-search-form","elType":"widget"}],"isInner":false,"elType":"column"},{"id":"432fafca","settings":{"_column_size":33,"_inline_size":43.332,"content_position":"center","align":"center"},"elements":[{"id":"5dc26e58","settings":{"image_logo":{"url":"https:\/\/el4.thembaydev.com\/fana_bikini\/wp-content\/uploads\/2022\/10\/logo.png","id":5199,"alt":"","source":"library"}},"elements":[],"isInner":false,"widgetType":"fana-site-logo","elType":"widget"}],"isInner":false,"elType":"column"},{"id":"39dcbfe4","settings":{"_column_size":33,"_inline_size":28,"content_position":"center","align":"flex-end"},"elements":[{"id":"1a14a697","settings":{"sub_menu_account":"my-account","show_text_account":"","icon_account_size":{"unit":"px","size":20,"sizes":[]},"_margin":{"unit":"px","top":"1","right":"0","bottom":"0","left":"13","isLinked":false}},"elements":[],"isInner":false,"widgetType":"tbay-account","elType":"widget"},{"id":"f794529","settings":{"header_title":"Recently Viewed","empty":"You have no recently viewed item.","readmore_text":"Read More","readmore_page":"1137","show_title_recently_viewed":"","header_column":"10","heading_header_style_margin":{"unit":"px","top":"1","right":"0","bottom":"0","left":"0","isLinked":false},"heading_header_style_padding":{"unit":"px","top":"25","right":"0","bottom":"25","left":"0","isLinked":false},"icon_recently_viewed_size":{"unit":"px","size":20,"sizes":[]},"margin_icon_recently":{"unit":"px","top":"3","right":"3","bottom":"3","left":"3","isLinked":true},"_margin":{"unit":"px","top":"0","right":"0","bottom":"0","left":"10","isLinked":false}},"elements":[],"isInner":false,"widgetType":"tbay-product-recently-viewed-header","elType":"widget"},{"id":"9d33e31","settings":{"title_wishlist":"My Wishlist","_margin":{"unit":"px","top":"1","right":"3","bottom":"0","left":"6","isLinked":false},"show_title_wishlist":"","show_total_wishlist":"","wishlist_total_typography_typography":"custom","wishlist_total_typography_font_family":"Ivy Mode","position_left":{"unit":"px","size":23,"sizes":[]},"icon_wishlist_size":{"unit":"px","size":20,"sizes":[]},"_border_width":{"unit":"px","top":"0","right":"1","bottom":"0","left":"0","isLinked":false},"_border_color":"#121216"},"elements":[],"isInner":false,"widgetType":"tbay-wishlist","elType":"widget"},{"id":"541150cc","settings":{"width":{"unit":"px","size":1,"sizes":[]},"width_tablet":{"unit":"px","size":"","sizes":[]},"width_mobile":{"unit":"px","size":"","sizes":[]},"text":"Divider","color":"#02010100","gap":{"unit":"px","size":10,"sizes":[]},"_css_classes":"w-auto","_background_background":"classic","_background_color":"#DED6D1"},"elements":[],"isInner":false,"widgetType":"divider","elType":"widget"},{"id":"5d707dca","settings":{"title_mini_cart":"Shopping cart","_margin":{"unit":"px","top":"0","right":"0","bottom":"0","left":"20","isLinked":false},"position_popup_cart":{"unit":"px","top":"54","right":"1","bottom":"0","left":"0","isLinked":false},"icon_mini_cart":{"value":"tb-icon tb-icon-bag","library":"tbay-custom"},"color_cart_price":"#000000","position_top":{"unit":"px","size":-2,"sizes":[]},"cart_price_typography_typography":"custom","cart_price_typography_font_weight":"400","icon_border_radius":{"unit":"%","top":"","right":"","bottom":"","left":"","isLinked":true},"icon_mini_cart_size":{"unit":"px","size":22,"sizes":[]},"cart_price_typography_font_size":{"unit":"px","size":14,"sizes":[]},"cart_price_typography_letter_spacing":{"unit":"px","size":0.08,"sizes":[]}},"elements":[],"isInner":false,"widgetType":"tbay-mini-cart","elType":"widget"}],"isInner":false,"elType":"column"}],"isInner":false,"elType":"section"},{"id":"f573167","settings":{"enable_sticky_headers":"yes","stretch_section":"section-stretched","structure":"20","background_background":"classic"},"elements":[{"id":"3c139da6","settings":{"_column_size":50,"_inline_size":77.083,"align":"flex-start"},"elements":[{"id":"2372760c","settings":{"toggle_menu_title":"Title","toggle_canvas_icon_title":"Title","toggle_canvas_title":"Title","padding_menu_item":{"unit":"px","top":"30","right":"8","bottom":"30","left":"8","isLinked":false},"no_padding_menu_item_first_item":"yes","hidden_indicator":"","_css_classes":"w-auto"},"elements":[],"isInner":false,"widgetType":"tbay-nav-menu","elType":"widget"}],"isInner":false,"elType":"column"},{"id":"70d86246","settings":{"_column_size":50,"_inline_size":22.848,"content_position":"center","align":"flex-end"},"elements":[{"id":"40ea6c5a","settings":{"selected_icon":{"value":"tb-icon tb-icon-telephone","library":"tbay-custom"},"title_text":"+01-800-234-5678","description_text":"","position":"left","title_size":"h5","icon_space":{"unit":"px","size":8,"sizes":[]},"icon_size":{"unit":"px","size":20,"sizes":[]},"rotate":{"unit":"deg","size":135,"sizes":[]},"content_vertical_alignment":"middle","title_typography_typography":"custom","title_typography_font_size":{"unit":"px","size":15,"sizes":[]},"title_typography_letter_spacing":{"unit":"px","size":1.2,"sizes":[]},"_css_classes":"w-auto","__globals__":{"primary_color":"globals\/colors?id=primary"}},"elements":[],"isInner":false,"widgetType":"icon-box","elType":"widget"}],"isInner":false,"elType":"column"}],"isInner":false,"elType":"section"}],"page_settings":[],"version":"0.4","title":"Header","type":"page"}